age,subscription_type,watch_hours,last_login_days,monthly_fee,churned,number_of_profiles,avg_watch_time_per_day,gender_Female,gender_Male,gender_Other,region_Africa,region_Asia,region_Europe,region_North America,region_Oceania,region_South America,device_Desktop,device_Laptop,device_Mobile,device_TV,device_Tablet,payment_method_Credit Card,payment_method_Crypto,payment_method_Debit Card,payment_method_Gift Card,payment_method_PayPal,favorite_genre_Action,favorite_genre_Comedy,favorite_genre_Documentary,favorite_genre_Drama,favorite_genre_Horror,favorite_genre_Romance,favorite_genre_Sci-Fi
51,0.0,14.73,29,8.99,1,1,0.49,0.0,0.0,1.0,1,0,0,0,0,0,0,0,0,1,0,0,0,0,1,0,1,0,0,0,0,0,0
47,1.0,0.7,19,13.99,1,5,0.03,0.0,0.0,1.0,0,0,1,0,0,0,0,0,1,0,0,0,0,0,1,0,0,0,0,0,0,0,1
27,1.0,16.32,10,13.99,0,2,1.48,1.0,0.0,0.0,0,1,0,0,0,0,0,0,0,1,0,0,1,0,0,0,0,0,0,1,0,0,0
53,2.0,4.51,12,17.99,1,2,0.35,0.0,0.0,1.0,0,0,0,0,1,0,0,0,0,1,0,0,1,0,0,0,0,0,0,0,1,0,0
56,1.0,1.89,13,13.99,1,2,0.13,0.0,0.0,1.0,1,0,0,0,0,0,0,0,1,0,0,0,1,0,0,0,1,0,0,0,0,0,0
58,1.0,13.8,26,13.99,0,3,0.51,1.0,0.0,0.0,0,0,0,0,1,0,0,0,1,0,0,0,0,1,0,0,1,0,0,0,0,0,0
48,0.0,13.83,20,8.99,0,5,0.66,0.0,0.0,1.0,0,1,0,0,0,0,0,0,0,1,0,0,0,0,1,0,0,0,0,0,0,1,0
51,0.0,14.3,56,8.99,1,1,0.25,0.0,1.0,0.0,0,0,1,0,0,0,0,0,1,0,0,0,0,0,1,0,1,0,0,0,0,0,0
45,0.0,9.98,10,8.99,0,3,0.91,0.0,0.0,1.0,0,1,0,0,0,0,0,0,1,0,0,0,0,0,0,1,0,0,0,0,0,1,0
32,2.0,2.22,34,17.99,1,1,0.06,0.0,0.0,1.0,0,0,1,0,0,0,0,0,0,1,0,0,0,1,0,0,0,0,0,1,0,0,0
26,2.0,15.42,36,17.99,0,4,0.42,0.0,1.0,0.0,0,1,0,0,0,0,0,1,0,0,0,0,0,1,0,0,0,1,0,0,0,0,0
28,1.0,22.26,38,13.99,0,5,0.57,0.0,0.0,1.0,0,0,0,0,0,1,0,0,1,0,0,0,1,0,0,0,0,0,0,0,1,0,0
47,1.0,7.92,23,13.99,0,1,0.33,0.0,0.0,1.0,0,0,0,0,0,1,0,0,0,1,0,0,1,0,0,0,0,0,0,0,0,0,1
49,0.0,5.26,33,8.99,1,3,0.15,1.0,0.0,0.0,0,0,0,0,0,1,0,0,1,0,0,0,1,0,0,0,0,0,1,0,0,0,0
39,0.0,10.97,10,8.99,0,1,1.0,1.0,0.0,0.0,0,0,0,0,1,0,0,0,1,0,0,0,0,0,0,1,0,1,0,0,0,0,0
32,2.0,40.94,7,17.99,0,1,5.12,1.0,0.0,0.0,0,0,0,0,0,1,1,0,0,0,0,0,1,0,0,0,1,0,0,0,0,0,0
46,2.0,1.25,13,17.99,1,3,0.09,0.0,0.0,1.0,0,0,1,0,0,0,0,0,0,0,1,0,0,1,0,0,0,1,0,0,0,0,0
48,1.0,8.12,32,13.99,1,2,0.25,1.0,0.0,0.0,1,0,0,0,0,0,1,0,0,0,0,0,1,0,0,0,1,0,0,0,0,0,0
68,2.0,7.67,40,17.99,0,4,0.19,1.0,0.0,0.0,0,0,0,0,1,0,0,0,0,0,1,0,0,0,0,1,0,0,0,0,0,1,0
21,1.0,15.53,27,13.99,0,1,0.55,1.0,0.0,0.0,0,0,0,0,0,1,0,1,0,0,0,1,0,0,0,0,0,1,0,0,0,0,0
60,0.0,31.9,4,8.99,0,2,6.38,0.0,1.0,0.0,0,0,0,0,1,0,0,0,0,0,1,0,1,0,0,0,0,1,0,0,0,0,0
70,2.0,7.97,57,17.99,1,5,0.14,0.0,0.0,1.0,0,0,1,0,0,0,0,1,0,0,0,0,0,0,1,0,0,0,0,1,0,0,0
53,1.0,43.02,43,13.99,0,1,0.98,0.0,0.0,1.0,0,0,0,0,0,1,0,0,0,0,1,0,1,0,0,0,1,0,0,0,0,0,0
36,1.0,34.6,19,13.99,0,3,1.73,0.0,0.0,1.0,0,0,0,0,1,0,0,0,0,0,1,0,1,0,0,0,1,0,0,0,0,0,0
55,0.0,24.58,18,8.99,0,1,1.29,0.0,0.0,1.0,0,1,0,0,0,0,1,0,0,0,0,0,0,1,0,0,0,0,1,0,0,0,0
45,1.0,7.39,6,13.99,0,1,1.06,1.0,0.0,0.0,0,0,0,0,1,0,0,0,0,1,0,0,0,0,0,1,0,0,0,0,0,1,0
24,2.0,6.92,13,17.99,0,2,0.49,0.0,1.0,0.0,1,0,0,0,0,0,1,0,0,0,0,0,1,0,0,0,1,0,0,0,0,0,0
30,2.0,1.37,55,17.99,1,1,0.02,0.0,0.0,1.0,0,0,0,1,0,0,0,0,1,0,0,0,0,1,0,0,0,0,0,0,1,0,0
69,0.0,24.56,53,8.99,1,1,0.45,1.0,0.0,0.0,0,0,0,0,1,0,0,1,0,0,0,0,0,0,1,0,1,0,0,0,0,0,0
47,1.0,15.87,52,13.99,1,1,0.3,0.0,0.0,1.0,1,0,0,0,0,0,0,1,0,0,0,0,1,0,0,0,0,0,0,0,0,0,1
49,1.0,7.62,27,13.99,0,3,0.27,1.0,0.0,0.0,0,1,0,0,0,0,0,0,0,1,0,0,0,1,0,0,1,0,0,0,0,0,0
67,1.0,3.05,29,13.99,1,1,0.1,0.0,1.0,0.0,0,0,0,0,1,0,0,0,0,0,1,0,0,0,0,1,0,0,0,1,0,0,0
23,2.0,13.31,34,17.99,1,2,0.38,1.0,0.0,0.0,1,0,0,0,0,0,0,0,1,0,0,0,0,1,0,0,0,0,0,0,0,1,0
67,0.0,1.56,0,8.99,0,5,1.56,0.0,1.0,0.0,0,0,0,0,1,0,1,0,0,0,0,0,1,0,0,0,0,0,1,0,0,0,0
57,2.0,0.97,32,17.99,1,2,0.03,0.0,1.0,0.0,0,0,0,0,0,1,0,0,1,0,0,0,0,0,1,0,0,1,0,0,0,0,0
55,1.0,21.58,48,13.99,0,5,0.44,0.0,0.0,1.0,0,0,0,1,0,0,0,0,1,0,0,1,0,0,0,0,0,0,0,0,0,1,0
35,1.0,22.59,16,13.99,0,2,1.33,0.0,0.0,1.0,0,0,1,0,0,0,0,0,0,0,1,1,0,0,0,0,0,1,0,0,0,0,0
22,1.0,9.69,35,13.99,1,4,0.27,1.0,0.0,0.0,0,1,0,0,0,0,0,0,0,1,0,0,1,0,0,0,0,0,1,0,0,0,0
34,2.0,12.82,45,17.99,1,2,0.28,0.0,1.0,0.0,0,0,0,1,0,0,0,0,1,0,0,0,0,0,0,1,0,0,0,0,0,1,0
19,1.0,4.34,1,13.99,0,1,2.17,0.0,1.0,0.0,0,1,0,0,0,0,0,0,0,0,1,0,0,0,0,1,0,0,0,0,0,0,1
25,2.0,15.95,15,17.99,0,1,1.0,1.0,0.0,0.0,0,0,0,0,0,1,0,1,0,0,0,1,0,0,0,0,1,0,0,0,0,0,0
49,2.0,2.05,14,17.99,0,5,0.14,0.0,0.0,1.0,0,0,0,1,0,0,0,0,0,0,1,0,0,1,0,0,0,0,0,0,0,1,0
55,2.0,3.86,25,17.99,1,3,0.15,0.0,0.0,1.0,0,0,1,0,0,0,0,0,0,0,1,0,0,0,0,1,1,0,0,0,0,0,0
36,0.0,1.68,10,8.99,1,4,0.15,0.0,0.0,1.0,1,0,0,0,0,0,0,0,0,1,0,0,0,0,0,1,1,0,0,0,0,0,0
27,2.0,46.88,56,17.99,0,3,0.82,0.0,0.0,1.0,0,0,0,0,1,0,0,0,0,1,0,0,1,0,0,0,0,0,0,1,0,0,0
49,1.0,4.22,50,13.99,1,2,0.08,0.0,1.0,0.0,0,0,0,0,1,0,1,0,0,0,0,0,0,0,1,0,0,1,0,0,0,0,0
54,0.0,26.88,44,8.99,0,3,0.6,1.0,0.0,0.0,0,0,0,0,0,1,1,0,0,0,0,0,0,0,1,0,0,0,0,1,0,0,0
31,1.0,2.23,39,13.99,1,5,0.06,1.0,0.0,0.0,0,0,0,1,0,0,0,0,1,0,0,0,0,1,0,0,0,0,0,1,0,0,0
31,2.0,14.15,24,17.99,0,5,0.57,0.0,1.0,0.0,0,0,0,0,0,1,1,0,0,0,0,0,0,0,0,1,0,0,0,1,0,0,0
42,0.0,49.49,39,8.99,0,5,1.24,1.0,0.0,0.0,0,0,1,0,0,0,0,0,1,0,0,1,0,0,0,0,0,0,0,0,1,0,0
30,2.0,8.79,21,17.99,0,4,0.4,0.0,1.0,0.0,0,0,1,0,0,0,0,0,0,0,1,0,1,0,0,0,0,1,0,0,0,0,0
58,1.0,14.57,22,13.99,0,2,0.63,0.0,1.0,0.0,0,0,0,1,0,0,0,0,1,0,0,0,0,1,0,0,0,0,0,0,0,1,0
63,1.0,25.73,11,13.99,0,1,2.14,0.0,0.0,1.0,1,0,0,0,0,0,0,0,0,1,0,0,0,0,0,1,0,1,0,0,0,0,0
60,1.0,3.01,30,13.99,1,3,0.1,0.0,1.0,0.0,0,1,0,0,0,0,1,0,0,0,0,0,0,0,1,0,0,0,1,0,0,0,0
66,0.0,12.05,33,8.99,1,3,0.35,0.0,1.0,0.0,0,0,0,0,0,1,0,0,0,0,1,0,0,0,0,1,0,0,0,1,0,0,0
51,2.0,3.7,37,17.99,1,2,0.1,1.0,0.0,0.0,0,0,0,0,0,1,0,0,1,0,0,1,0,0,0,0,0,0,0,0,1,0,0
63,2.0,5.84,20,17.99,0,1,0.28,0.0,1.0,0.0,0,0,0,0,1,0,0,0,1,0,0,1,0,0,0,0,0,0,1,0,0,0,0
31,0.0,48.35,11,8.99,0,5,4.03,0.0,1.0,0.0,0,0,0,0,1,0,1,0,0,0,0,0,0,1,0,0,0,1,0,0,0,0,0
55,1.0,2.89,37,13.99,1,4,0.08,0.0,0.0,1.0,0,0,0,1,0,0,1,0,0,0,0,0,0,1,0,0,1,0,0,0,0,0,0
38,2.0,29.84,56,17.99,0,4,0.52,0.0,1.0,0.0,0,0,0,0,0,1,1,0,0,0,0,1,0,0,0,0,0,0,0,1,0,0,0
65,1.0,19.33,31,13.99,0,1,0.6,0.0,0.0,1.0,0,0,0,1,0,0,1,0,0,0,0,1,0,0,0,0,0,1,0,0,0,0,0
43,2.0,2.5,33,17.99,1,3,0.07,1.0,0.0,0.0,0,0,1,0,0,0,0,0,0,1,0,1,0,0,0,0,1,0,0,0,0,0,0
63,2.0,6.97,31,17.99,1,1,0.22,0.0,1.0,0.0,0,0,0,1,0,0,0,0,0,0,1,0,1,0,0,0,0,0,0,0,0,1,0
64,1.0,3.66,6,13.99,0,1,0.52,1.0,0.0,0.0,1,0,0,0,0,0,0,0,1,0,0,0,0,0,0,1,0,0,0,0,0,1,0
58,0.0,30.85,46,8.99,0,5,0.66,1.0,0.0,0.0,0,0,0,1,0,0,0,0,1,0,0,0,0,1,0,0,1,0,0,0,0,0,0
31,1.0,1.77,34,13.99,1,3,0.05,0.0,1.0,0.0,0,0,1,0,0,0,0,0,0,1,0,0,0,0,0,1,0,0,0,0,0,0,1
62,1.0,16.65,41,13.99,1,3,0.4,0.0,0.0,1.0,0,0,0,1,0,0,0,0,0,0,1,0,0,1,0,0,0,0,0,0,0,1,0
35,1.0,25.08,2,13.99,0,5,8.36,0.0,1.0,0.0,0,0,0,0,1,0,0,0,0,1,0,0,1,0,0,0,1,0,0,0,0,0,0
34,1.0,23.2,18,13.99,0,1,1.22,0.0,0.0,1.0,0,1,0,0,0,0,0,0,0,0,1,0,0,1,0,0,0,1,0,0,0,0,0
65,2.0,37.82,31,17.99,0,3,1.18,0.0,0.0,1.0,0,0,0,0,1,0,0,0,0,0,1,0,0,0,1,0,0,0,0,0,0,0,1
68,1.0,28.44,55,13.99,0,3,0.51,0.0,1.0,0.0,0,0,1,0,0,0,0,1,0,0,0,0,1,0,0,0,0,0,0,0,0,1,0
46,1.0,13.38,3,13.99,0,2,3.35,0.0,0.0,1.0,0,0,0,0,0,1,0,1,0,0,0,1,0,0,0,0,0,0,0,0,0,1,0
62,1.0,14.8,40,13.99,1,5,0.36,1.0,0.0,0.0,0,0,0,0,0,1,0,0,1,0,0,0,1,0,0,0,0,0,0,1,0,0,0
63,2.0,3.39,57,17.99,1,4,0.06,0.0,0.0,1.0,0,0,0,0,0,1,0,0,1,0,0,0,0,0,0,1,0,0,0,0,0,0,1
62,2.0,13.15,11,17.99,0,1,1.1,1.0,0.0,0.0,0,0,0,0,1,0,1,0,0,0,0,0,0,1,0,0,0,1,0,0,0,0,0
41,0.0,15.26,21,8.99,0,5,0.69,0.0,1.0,0.0,0,0,0,0,0,1,1,0,0,0,0,0,0,1,0,0,0,0,0,1,0,0,0
27,2.0,79.17,12,17.99,0,2,6.09,0.0,0.0,1.0,0,0,0,0,0,1,0,0,0,0,1,0,0,1,0,0,0,0,0,1,0,0,0
60,0.0,9.13,43,8.99,1,1,0.21,1.0,0.0,0.0,0,0,0,1,0,0,0,1,0,0,0,0,0,1,0,0,0,0,1,0,0,0,0
60,2.0,3.29,20,17.99,1,2,0.16,0.0,1.0,0.0,0,1,0,0,0,0,0,0,1,0,0,0,0,1,0,0,0,0,0,1,0,0,0
58,1.0,9.52,51,13.99,1,1,0.18,1.0,0.0,0.0,0,0,1,0,0,0,0,1,0,0,0,0,0,0,0,1,0,0,0,0,0,0,1
18,1.0,3.56,23,13.99,0,4,0.15,0.0,1.0,0.0,0,0,0,0,1,0,0,0,0,0,1,0,0,1,0,0,0,0,0,0,1,0,0
48,2.0,11.1,41,17.99,1,5,0.26,0.0,0.0,1.0,1,0,0,0,0,0,0,0,1,0,0,0,0,0,1,0,0,0,1,0,0,0,0
26,1.0,23.13,27,13.99,0,2,0.83,0.0,0.0,1.0,0,0,0,0,1,0,0,0,1,0,0,0,0,1,0,0,0,0,1,0,0,0,0
21,2.0,9.91,27,17.99,0,2,0.35,0.0,1.0,0.0,0,1,0,0,0,0,1,0,0,0,0,0,0,1,0,0,0,0,0,0,0,0,1
46,0.0,6.22,36,8.99,1,2,0.17,0.0,0.0,1.0,0,1,0,0,0,0,0,1,0,0,0,1,0,0,0,0,0,0,0,0,1,0,0
62,2.0,0.45,20,17.99,0,5,0.02,1.0,0.0,0.0,0,0,1,0,0,0,0,0,0,0,1,0,0,1,0,0,0,0,0,0,0,0,1
35,1.0,17.53,38,13.99,1,1,0.45,1.0,0.0,0.0,0,0,0,0,1,0,0,1,0,0,0,1,0,0,0,0,1,0,0,0,0,0,0
61,1.0,4.52,21,13.99,1,2,0.21,1.0,0.0,0.0,0,0,1,0,0,0,0,0,0,0,1,0,1,0,0,0,0,0,0,1,0,0,0
37,0.0,9.69,24,8.99,0,4,0.39,0.0,1.0,0.0,0,1,0,0,0,0,0,0,1,0,0,1,0,0,0,0,0,0,0,0,1,0,0
46,1.0,5.78,4,13.99,0,2,1.16,1.0,0.0,0.0,0,1,0,0,0,0,0,1,0,0,0,1,0,0,0,0,0,0,0,0,0,0,1
41,2.0,18.87,9,17.99,0,3,1.89,1.0,0.0,0.0,0,0,1,0,0,0,0,0,0,1,0,0,0,0,1,0,0,0,1,0,0,0,0
21,2.0,4.89,3,17.99,0,4,1.22,1.0,0.0,0.0,0,0,0,0,1,0,1,0,0,0,0,0,0,1,0,0,0,0,0,0,0,0,1
55,2.0,1.66,54,17.99,1,4,0.03,1.0,0.0,0.0,0,0,0,0,1,0,0,0,0,1,0,0,0,0,0,1,0,0,0,1,0,0,0
64,2.0,4.42,17,17.99,1,3,0.25,1.0,0.0,0.0,0,0,0,0,0,1,0,1,0,0,0,0,1,0,0,0,0,0,0,0,1,0,0
36,2.0,13.38,22,17.99,0,4,0.58,0.0,0.0,1.0,0,0,0,1,0,0,0,0,1,0,0,0,0,0,1,0,0,0,1,0,0,0,0
67,2.0,9.87,6,17.99,0,3,1.41,1.0,0.0,0.0,0,0,1,0,0,0,0,0,0,1,0,0,0,0,0,1,1,0,0,0,0,0,0
23,2.0,23.6,56,17.99,0,4,0.41,1.0,0.0,0.0,0,0,0,0,0,1,0,0,0,1,0,0,0,0,0,1,0,0,0,0,0,0,1
19,0.0,3.89,33,8.99,1,1,0.11,0.0,1.0,0.0,0,0,0,1,0,0,0,0,1,0,0,1,0,0,0,0,0,0,0,0,0,1,0
20,2.0,3.4,33,17.99,1,5,0.1,0.0,0.0,1.0,1,0,0,0,0,0,0,0,0,0,1,0,1,0,0,0,0,0,0,1,0,0,0
50,1.0,3.58,54,13.99,1,4,0.07,1.0,0.0,0.0,0,0,1,0,0,0,0,0,0,0,1,1,0,0,0,0,0,0,0,0,0,1,0
33,2.0,31.11,39,17.99,0,4,0.78,0.0,0.0,1.0,0,0,0,0,0,1,0,0,1,0,0,0,1,0,0,0,0,1,0,0,0,0,0
31,2.0,2.81,39,17.99,1,5,0.07,0.0,0.0,1.0,0,0,1,0,0,0,1,0,0,0,0,1,0,0,0,0,0,0,0,0,1,0,0
20,1.0,9.87,29,13.99,0,3,0.33,0.0,1.0,0.0,1,0,0,0,0,0,1,0,0,0,0,0,0,0,0,1,0,0,1,0,0,0,0
18,0.0,35.52,40,8.99,0,3,0.87,1.0,0.0,0.0,0,0,0,0,0,1,0,0,0,0,1,0,1,0,0,0,1,0,0,0,0,0,0
31,2.0,4.6,1,17.99,0,1,2.3,0.0,1.0,0.0,0,0,0,0,0,1,1,0,0,0,0,0,0,0,1,0,0,0,0,0,0,0,1
47,2.0,14.24,37,17.99,1,2,0.37,0.0,0.0,1.0,1,0,0,0,0,0,0,0,0,0,1,0,0,0,1,0,0,0,1,0,0,0,0
49,0.0,2.9,46,8.99,1,2,0.06,1.0,0.0,0.0,0,1,0,0,0,0,0,0,1,0,0,0,0,1,0,0,0,0,0,0,1,0,0
30,0.0,24.74,17,8.99,0,5,1.37,1.0,0.0,0.0,0,0,0,0,1,0,0,1,0,0,0,1,0,0,0,0,0,1,0,0,0,0,0
22,0.0,2.93,27,8.99,1,2,0.1,0.0,0.0,1.0,0,1,0,0,0,0,0,0,0,1,0,0,0,0,1,0,0,0,0,0,0,0,1
61,1.0,5.98,1,13.99,0,5,2.99,0.0,0.0,1.0,0,0,0,1,0,0,0,0,0,0,1,0,0,0,1,0,0,0,0,0,0,1,0
59,2.0,24.59,49,17.99,0,3,0.49,0.0,0.0,1.0,0,0,0,1,0,0,1,0,0,0,0,0,1,0,0,0,0,0,0,0,0,1,0
42,2.0,18.17,2,17.99,0,4,6.06,0.0,1.0,0.0,0,0,0,0,0,1,0,1,0,0,0,0,1,0,0,0,0,0,0,0,0,0,1
21,0.0,13.97,14,8.99,0,3,0.93,1.0,0.0,0.0,0,0,0,1,0,0,0,1,0,0,0,1,0,0,0,0,0,0,0,0,0,1,0
35,0.0,4.58,42,8.99,1,4,0.11,0.0,1.0,0.0,0,0,0,0,0,1,0,0,0,0,1,1,0,0,0,0,0,0,0,0,0,1,0
32,0.0,17.18,22,8.99,0,4,0.75,0.0,0.0,1.0,1,0,0,0,0,0,0,0,0,1,0,0,1,0,0,0,0,0,0,0,0,1,0
65,2.0,4.89,6,17.99,0,1,0.7,1.0,0.0,0.0,0,1,0,0,0,0,0,0,0,1,0,0,0,0,1,0,0,0,1,0,0,0,0
59,1.0,6.77,22,13.99,0,1,0.29,0.0,0.0,1.0,0,0,0,0,1,0,0,0,0,0,1,0,0,1,0,0,0,0,0,0,0,0,1
70,0.0,1.28,52,8.99,1,5,0.02,0.0,0.0,1.0,0,1,0,0,0,0,0,0,1,0,0,1,0,0,0,0,1,0,0,0,0,0,0
63,2.0,8.54,51,17.99,0,5,0.16,0.0,1.0,0.0,0,0,0,1,0,0,0,0,0,0,1,1,0,0,0,0,0,0,1,0,0,0,0
29,0.0,17.58,2,8.99,0,1,5.86,0.0,0.0,1.0,0,0,1,0,0,0,1,0,0,0,0,0,0,0,0,1,1,0,0,0,0,0,0
30,0.0,9.28,44,8.99,1,4,0.21,0.0,0.0,1.0,0,0,0,1,0,0,0,0,0,0,1,0,0,0,0,1,1,0,0,0,0,0,0
52,0.0,6.18,41,8.99,1,3,0.15,0.0,0.0,1.0,0,0,0,0,0,1,0,0,0,0,1,0,0,0,1,0,0,1,0,0,0,0,0
49,1.0,5.88,40,13.99,1,2,0.14,0.0,0.0,1.0,0,0,0,1,0,0,0,0,1,0,0,0,1,0,0,0,1,0,0,0,0,0,0
33,1.0,2.86,30,13.99,1,5,0.09,0.0,1.0,0.0,0,0,1,0,0,0,0,0,0,0,1,0,0,0,1,0,0,0,0,1,0,0,0
22,0.0,3.71,28,8.99,1,1,0.13,1.0,0.0,0.0,0,0,1,0,0,0,0,0,0,1,0,0,1,0,0,0,0,0,0,0,1,0,0
29,0.0,1.7,43,8.99,1,5,0.04,0.0,1.0,0.0,0,0,0,0,0,1,0,0,1,0,0,0,0,1,0,0,0,0,0,0,1,0,0
67,1.0,1.02,20,13.99,1,1,0.05,1.0,0.0,0.0,0,0,1,0,0,0,0,1,0,0,0,0,0,0,1,0,0,0,0,0,0,0,1
53,2.0,1.36,35,17.99,1,2,0.04,1.0,0.0,0.0,0,0,0,0,0,1,0,0,1,0,0,0,0,0,1,0,0,0,0,0,0,1,0
40,2.0,12.26,3,17.99,0,5,3.06,0.0,1.0,0.0,0,0,0,1,0,0,0,0,1,0,0,0,0,1,0,0,0,0,0,0,0,1,0
56,2.0,1.43,16,17.99,1,2,0.08,0.0,0.0,1.0,0,0,1,0,0,0,0,1,0,0,0,0,0,1,0,0,1,0,0,0,0,0,0
35,0.0,26.9,49,8.99,0,2,0.54,1.0,0.0,0.0,0,0,0,0,0,1,1,0,0,0,0,0,0,0,1,0,0,0,0,1,0,0,0
54,0.0,3.13,16,8.99,1,5,0.18,0.0,1.0,0.0,0,0,0,0,1,0,0,0,0,1,0,1,0,0,0,0,0,0,0,1,0,0,0
19,0.0,3.72,11,8.99,1,5,0.31,0.0,0.0,1.0,0,1,0,0,0,0,1,0,0,0,0,0,1,0,0,0,0,0,1,0,0,0,0
28,2.0,16.17,46,17.99,1,4,0.34,0.0,1.0,0.0,1,0,0,0,0,0,0,1,0,0,0,0,1,0,0,0,0,0,0,0,1,0,0
19,0.0,5.18,43,8.99,1,4,0.12,0.0,0.0,1.0,0,0,1,0,0,0,0,0,0,0,1,0,0,0,0,1,0,0,0,0,1,0,0
34,0.0,1.89,59,8.99,1,5,0.03,0.0,1.0,0.0,0,1,0,0,0,0,0,0,0,0,1,1,0,0,0,0,1,0,0,0,0,0,0
19,2.0,8.03,1,17.99,0,3,4.01,0.0,1.0,0.0,0,1,0,0,0,0,0,0,0,1,0,0,0,0,1,0,0,0,0,1,0,0,0
45,0.0,3.4,27,8.99,1,3,0.12,0.0,0.0,1.0,0,0,0,1,0,0,0,1,0,0,0,0,1,0,0,0,0,0,0,0,0,0,1
50,0.0,0.11,1,8.99,1,2,0.06,0.0,0.0,1.0,0,0,0,0,0,1,0,0,0,0,1,0,0,0,1,0,0,0,0,0,0,0,1
47,1.0,40.12,55,13.99,0,1,0.72,1.0,0.0,0.0,1,0,0,0,0,0,1,0,0,0,0,0,0,0,0,1,1,0,0,0,0,0,0
40,1.0,32.88,36,13.99,0,4,0.89,1.0,0.0,0.0,0,0,0,0,0,1,1,0,0,0,0,0,1,0,0,0,0,0,0,0,0,0,1
41,1.0,6.26,16,13.99,0,4,0.37,1.0,0.0,0.0,0,0,0,0,1,0,0,0,0,0,1,0,1,0,0,0,1,0,0,0,0,0,0
48,2.0,16.78,2,17.99,0,1,5.59,0.0,0.0,1.0,0,0,1,0,0,0,0,0,1,0,0,0,0,0,0,1,0,0,0,1,0,0,0
67,1.0,3.29,25,13.99,1,1,0.13,0.0,0.0,1.0,0,0,0,1,0,0,0,0,0,0,1,0,1,0,0,0,0,0,1,0,0,0,0
59,0.0,20.11,40,8.99,1,2,0.49,1.0,0.0,0.0,0,0,0,0,0,1,1,0,0,0,0,0,0,0,0,1,0,0,0,0,0,0,1
60,1.0,19.36,45,13.99,1,2,0.42,1.0,0.0,0.0,0,0,0,0,0,1,1,0,0,0,0,0,0,1,0,0,0,0,0,1,0,0,0
33,0.0,2.27,20,8.99,1,3,0.11,0.0,1.0,0.0,0,0,0,0,0,1,1,0,0,0,0,0,0,1,0,0,0,0,0,0,0,1,0
24,0.0,2.42,56,8.99,1,3,0.04,1.0,0.0,0.0,0,0,1,0,0,0,0,0,0,0,1,0,1,0,0,0,0,1,0,0,0,0,0
23,0.0,10.85,13,8.99,0,3,0.78,0.0,0.0,1.0,0,0,0,1,0,0,0,0,1,0,0,0,0,0,0,1,0,0,0,0,0,1,0
34,2.0,9.59,28,17.99,0,4,0.33,0.0,1.0,0.0,0,0,1,0,0,0,0,0,1,0,0,0,0,0,0,1,1,0,0,0,0,0,0
30,2.0,7.24,40,17.99,0,5,0.18,0.0,1.0,0.0,0,1,0,0,0,0,0,0,0,1,0,0,0,1,0,0,0,0,1,0,0,0,0
69,1.0,7.85,43,13.99,1,5,0.18,0.0,1.0,0.0,0,0,1,0,0,0,0,0,0,1,0,0,0,0,1,0,1,0,0,0,0,0,0
70,0.0,6.8,6,8.99,0,4,0.97,1.0,0.0,0.0,0,0,0,1,0,0,0,0,1,0,0,0,0,1,0,0,1,0,0,0,0,0,0
42,2.0,0.88,33,17.99,1,1,0.03,0.0,1.0,0.0,0,0,0,0,1,0,0,1,0,0,0,1,0,0,0,0,0,1,0,0,0,0,0
34,2.0,12.48,53,17.99,1,2,0.23,0.0,1.0,0.0,0,1,0,0,0,0,0,0,0,0,1,0,0,0,1,0,0,1,0,0,0,0,0
51,2.0,2.04,6,17.99,0,2,0.29,1.0,0.0,0.0,0,0,0,0,0,1,0,0,0,1,0,0,0,1,0,0,0,0,0,1,0,0,0
27,2.0,4.57,24,17.99,1,4,0.18,0.0,0.0,1.0,1,0,0,0,0,0,0,1,0,0,0,0,0,0,1,0,0,0,1,0,0,0,0
19,1.0,19.23,20,13.99,0,3,0.92,0.0,1.0,0.0,0,0,0,0,1,0,0,1,0,0,0,0,0,1,0,0,0,0,0,0,0,1,0
18,1.0,16.81,56,13.99,1,2,0.29,0.0,0.0,1.0,0,0,0,0,1,0,0,0,0,0,1,1,0,0,0,0,0,0,0,1,0,0,0
23,2.0,8.17,38,17.99,1,3,0.21,0.0,0.0,1.0,0,0,1,0,0,0,1,0,0,0,0,0,0,0,0,1,0,0,1,0,0,0,0
23,0.0,7.09,32,8.99,1,2,0.21,0.0,1.0,0.0,0,0,1,0,0,0,0,0,0,1,0,1,0,0,0,0,0,0,0,0,0,1,0
50,2.0,7.92,58,17.99,1,4,0.13,1.0,0.0,0.0,0,1,0,0,0,0,1,0,0,0,0,0,0,0,1,0,0,0,0,1,0,0,0
54,1.0,10.1,40,13.99,0,5,0.25,0.0,0.0,1.0,0,0,0,0,1,0,0,0,0,1,0,0,0,0,0,1,0,0,0,0,1,0,0
68,0.0,9.07,32,8.99,1,3,0.27,1.0,0.0,0.0,1,0,0,0,0,0,0,0,0,1,0,0,1,0,0,0,0,0,0,0,0,1,0
70,0.0,2.24,50,8.99,1,5,0.04,0.0,0.0,1.0,0,0,1,0,0,0,0,1,0,0,0,0,0,0,0,1,0,0,1,0,0,0,0
28,0.0,11.25,52,8.99,1,5,0.21,0.0,1.0,0.0,0,0,1,0,0,0,0,1,0,0,0,0,0,0,0,1,1,0,0,0,0,0,0
37,1.0,31.31,53,13.99,0,1,0.58,0.0,1.0,0.0,0,0,0,0,0,1,0,0,1,0,0,0,0,0,1,0,0,0,0,0,0,0,1
51,2.0,8.32,48,17.99,1,2,0.17,1.0,0.0,0.0,0,0,1,0,0,0,0,0,0,1,0,1,0,0,0,0,0,0,0,0,1,0,0
18,2.0,6.8,20,17.99,0,4,0.32,1.0,0.0,0.0,0,0,0,0,0,1,0,1,0,0,0,1,0,0,0,0,0,0,0,1,0,0,0
25,0.0,18.4,55,8.99,1,4,0.33,1.0,0.0,0.0,0,1,0,0,0,0,0,0,0,1,0,0,0,1,0,0,0,0,0,1,0,0,0
33,0.0,44.72,7,8.99,0,4,5.59,0.0,0.0,1.0,0,0,0,0,1,0,0,0,0,0,1,0,0,0,0,1,0,0,0,0,1,0,0
30,2.0,3.61,43,17.99,1,4,0.08,1.0,0.0,0.0,1,0,0,0,0,0,0,0,0,0,1,0,0,0,0,1,0,1,0,0,0,0,0
22,2.0,10.68,60,17.99,0,5,0.18,0.0,1.0,0.0,1,0,0,0,0,0,0,0,0,0,1,0,0,1,0,0,1,0,0,0,0,0,0
40,0.0,8.13,4,8.99,0,4,1.63,0.0,0.0,1.0,0,0,0,0,1,0,0,0,0,0,1,0,0,0,1,0,0,0,0,0,0,1,0
44,2.0,38.18,49,17.99,0,3,0.76,0.0,1.0,0.0,0,0,0,0,1,0,0,0,0,1,0,0,0,0,1,0,0,0,1,0,0,0,0
68,0.0,1.83,0,8.99,0,5,1.83,0.0,1.0,0.0,1,0,0,0,0,0,0,0,1,0,0,0,0,1,0,0,0,0,0,0,1,0,0
24,0.0,47.9,21,8.99,0,4,2.18,1.0,0.0,0.0,0,0,0,0,1,0,0,1,0,0,0,0,0,1,0,0,0,0,0,0,0,1,0
34,1.0,3.85,55,13.99,1,3,0.07,1.0,0.0,0.0,0,0,0,0,0,1,1,0,0,0,0,0,0,0,1,0,0,0,0,0,0,1,0
62,0.0,1.55,17,8.99,1,2,0.09,1.0,0.0,0.0,0,0,0,0,0,1,0,0,0,0,1,0,0,1,0,0,1,0,0,0,0,0,0
29,1.0,7.46,58,13.99,0,5,0.13,1.0,0.0,0.0,0,1,0,0,0,0,0,0,0,0,1,1,0,0,0,0,0,0,0,1,0,0,0
62,0.0,6.67,47,8.99,1,2,0.14,1.0,0.0,0.0,0,0,0,1,0,0,0,0,0,1,0,0,0,0,1,0,0,0,1,0,0,0,0
20,2.0,4.57,17,17.99,1,1,0.25,1.0,0.0,0.0,0,0,0,0,0,1,0,1,0,0,0,0,0,0,1,0,0,1,0,0,0,0,0
60,1.0,1.03,2,13.99,0,5,0.34,1.0,0.0,0.0,0,1,0,0,0,0,0,0,0,0,1,0,0,0,0,1,0,0,1,0,0,0,0
25,1.0,6.71,2,13.99,0,4,2.24,0.0,0.0,1.0,1,0,0,0,0,0,0,0,0,0,1,1,0,0,0,0,0,0,0,0,0,0,1
57,1.0,12.95,27,13.99,0,4,0.46,0.0,1.0,0.0,0,0,0,1,0,0,0,0,0,1,0,0,0,0,1,0,0,0,0,0,1,0,0
47,1.0,3.92,58,13.99,1,5,0.07,0.0,1.0,0.0,1,0,0,0,0,0,0,0,0,0,1,0,0,0,0,1,0,0,0,0,1,0,0
54,0.0,24.44,28,8.99,0,4,0.84,0.0,1.0,0.0,0,0,0,1,0,0,0,1,0,0,0,0,0,0,1,0,0,0,0,1,0,0,0
34,1.0,28.76,11,13.99,0,2,2.4,1.0,0.0,0.0,0,0,0,1,0,0,0,0,1,0,0,0,0,0,0,1,0,0,1,0,0,0,0
52,1.0,1.35,7,13.99,1,1,0.17,0.0,1.0,0.0,0,1,0,0,0,0,0,0,0,1,0,0,1,0,0,0,1,0,0,0,0,0,0
53,2.0,0.25,50,17.99,1,1,0.0,0.0,0.0,1.0,0,1,0,0,0,0,0,0,0,0,1,0,0,0,0,1,0,0,0,0,0,1,0
68,2.0,10.27,55,17.99,0,4,0.18,1.0,0.0,0.0,0,0,0,1,0,0,0,0,0,0,1,0,0,0,0,1,0,0,0,0,1,0,0
68,2.0,52.22,4,17.99,0,1,10.44,0.0,1.0,0.0,0,0,0,1,0,0,0,1,0,0,0,0,0,0,1,0,0,0,0,0,0,1,0
55,1.0,7.61,37,13.99,1,1,0.2,0.0,0.0,1.0,0,0,0,1,0,0,0,0,1,0,0,0,0,0,0,1,0,1,0,0,0,0,0
31,0.0,11.05,51,8.99,1,1,0.21,0.0,1.0,0.0,0,0,0,1,0,0,0,0,0,1,0,0,0,0,0,1,0,0,0,0,1,0,0
30,1.0,17.22,5,13.99,0,1,2.87,0.0,0.0,1.0,0,0,0,0,0,1,0,1,0,0,0,0,0,0,0,1,0,0,0,0,1,0,0
56,2.0,2.39,21,17.99,1,2,0.11,1.0,0.0,0.0,0,0,0,0,0,1,0,0,0,0,1,0,0,1,0,0,0,1,0,0,0,0,0
44,0.0,14.91,47,8.99,1,5,0.31,0.0,0.0,1.0,0,0,1,0,0,0,1,0,0,0,0,0,0,1,0,0,0,0,0,0,1,0,0
64,1.0,13.86,7,13.99,0,3,1.73,0.0,1.0,0.0,1,0,0,0,0,0,0,1,0,0,0,1,0,0,0,0,0,1,0,0,0,0,0
42,0.0,2.6,50,8.99,1,4,0.05,0.0,0.0,1.0,0,0,0,0,0,1,0,1,0,0,0,1,0,0,0,0,0,0,0,0,0,1,0
18,2.0,17.75,9,17.99,0,1,1.77,0.0,0.0,1.0,0,0,0,0,1,0,1,0,0,0,0,0,0,0,1,0,0,1,0,0,0,0,0
56,0.0,8.71,2,8.99,0,3,2.9,0.0,1.0,0.0,0,1,0,0,0,0,0,1,0,0,0,0,0,1,0,0,0,0,0,1,0,0,0
23,2.0,10.39,2,17.99,0,4,3.46,0.0,1.0,0.0,0,0,0,1,0,0,0,0,0,1,0,0,0,0,0,1,0,0,0,0,0,1,0
23,0.0,18.25,30,8.99,0,5,0.59,1.0,0.0,0.0,0,0,0,0,0,1,0,0,1,0,0,0,1,0,0,0,0,0,1,0,0,0,0
65,2.0,20.05,21,17.99,0,5,0.91,0.0,0.0,1.0,0,1,0,0,0,0,0,0,0,0,1,0,1,0,0,0,0,0,1,0,0,0,0
47,0.0,0.39,48,8.99,1,5,0.01,0.0,0.0,1.0,0,0,0,0,0,1,0,0,0,0,1,0,0,0,0,1,0,0,0,0,0,1,0
36,2.0,50.98,23,17.99,0,4,2.12,1.0,0.0,0.0,0,1,0,0,0,0,0,0,1,0,0,0,0,0,1,0,0,1,0,0,0,0,0
54,2.0,0.56,30,17.99,1,2,0.02,0.0,0.0,1.0,0,0,0,1,0,0,0,0,0,0,1,0,0,1,0,0,0,0,0,0,1,0,0
56,1.0,1.95,28,13.99,1,4,0.07,0.0,0.0,1.0,0,0,0,1,0,0,0,0,1,0,0,0,1,0,0,0,0,0,0,0,0,1,0
34,2.0,70.61,38,17.99,0,5,1.81,0.0,1.0,0.0,0,0,0,0,1,0,0,0,0,1,0,1,0,0,0,0,0,1,0,0,0,0,0
70,1.0,8.7,46,13.99,1,3,0.19,0.0,0.0,1.0,0,1,0,0,0,0,0,0,1,0,0,1,0,0,0,0,1,0,0,0,0,0,0
51,0.0,2.17,14,8.99,1,3,0.14,0.0,1.0,0.0,1,0,0,0,0,0,0,0,0,0,1,0,0,1,0,0,0,0,0,0,1,0,0
57,0.0,15.75,1,8.99,0,3,7.88,1.0,0.0,0.0,0,0,1,0,0,0,1,0,0,0,0,0,1,0,0,0,0,0,0,0,1,0,0
36,0.0,3.58,14,8.99,1,2,0.24,1.0,0.0,0.0,0,0,0,1,0,0,0,0,0,0,1,0,0,0,0,1,0,0,0,0,0,1,0
67,1.0,14.58,18,13.99,0,2,0.77,0.0,0.0,1.0,0,0,1,0,0,0,1,0,0,0,0,1,0,0,0,0,0,0,0,0,0,0,1
66,1.0,1.42,57,13.99,1,3,0.02,0.0,0.0,1.0,0,0,1,0,0,0,0,1,0,0,0,0,0,0,1,0,0,0,0,1,0,0,0
42,0.0,2.98,29,8.99,1,4,0.1,1.0,0.0,0.0,0,1,0,0,0,0,0,0,0,1,0,0,1,0,0,0,0,1,0,0,0,0,0
34,1.0,0.68,42,13.99,1,2,0.02,1.0,0.0,0.0,1,0,0,0,0,0,1,0,0,0,0,0,1,0,0,0,0,1,0,0,0,0,0
49,1.0,2.26,31,13.99,1,5,0.07,0.0,0.0,1.0,0,0,1,0,0,0,0,1,0,0,0,0,0,0,0,1,0,1,0,0,0,0,0
66,0.0,6.93,47,8.99,1,3,0.14,1.0,0.0,0.0,0,0,0,0,0,1,0,0,0,0,1,0,0,0,0,1,0,0,0,0,0,0,1
24,2.0,11.67,31,17.99,1,3,0.36,1.0,0.0,0.0,0,0,0,0,1,0,0,0,1,0,0,0,1,0,0,0,0,0,0,0,0,0,1
49,2.0,5.31,39,17.99,1,1,0.13,0.0,0.0,1.0,0,0,1,0,0,0,0,0,0,1,0,1,0,0,0,0,0,1,0,0,0,0,0
65,1.0,1.83,37,13.99,1,1,0.05,0.0,0.0,1.0,1,0,0,0,0,0,1,0,0,0,0,1,0,0,0,0,0,1,0,0,0,0,0
52,1.0,2.62,43,13.99,1,5,0.06,1.0,0.0,0.0,0,0,0,0,0,1,0,0,1,0,0,0,0,0,1,0,0,0,1,0,0,0,0
61,2.0,0.85,6,17.99,1,1,0.12,0.0,0.0,1.0,0,0,1,0,0,0,0,0,0,1,0,0,1,0,0,0,0,0,0,0,1,0,0
50,1.0,5.02,47,13.99,1,3,0.1,1.0,0.0,0.0,1,0,0,0,0,0,0,0,1,0,0,0,1,0,0,0,0,0,0,0,1,0,0
56,2.0,19.81,25,17.99,0,4,0.76,0.0,0.0,1.0,0,1,0,0,0,0,0,0,0,0,1,1,0,0,0,0,0,0,0,0,0,0,1
36,2.0,18.47,28,17.99,0,2,0.64,0.0,0.0,1.0,0,1,0,0,0,0,0,0,0,0,1,1,0,0,0,0,0,0,0,0,1,0,0
40,1.0,22.52,8,13.99,0,5,2.5,1.0,0.0,0.0,1,0,0,0,0,0,0,1,0,0,0,0,0,0,0,1,0,1,0,0,0,0,0
23,2.0,11.54,28,17.99,0,5,0.4,1.0,0.0,0.0,0,0,1,0,0,0,0,1,0,0,0,0,0,0,1,0,0,0,0,0,0,0,1
49,0.0,38.43,6,8.99,0,3,5.49,1.0,0.0,0.0,0,0,0,0,1,0,0,0,0,0,1,0,0,0,0,1,0,0,0,1,0,0,0
68,1.0,2.7,35,13.99,1,1,0.08,1.0,0.0,0.0,0,1,0,0,0,0,0,0,0,1,0,0,0,1,0,0,0,0,1,0,0,0,0
52,1.0,1.79,38,13.99,1,1,0.05,0.0,0.0,1.0,1,0,0,0,0,0,0,0,1,0,0,1,0,0,0,0,0,0,0,1,0,0,0
37,1.0,13.86,46,13.99,1,3,0.29,0.0,1.0,0.0,0,0,0,0,0,1,0,1,0,0,0,0,0,0,1,0,0,0,1,0,0,0,0
33,0.0,0.14,37,8.99,1,5,0.0,1.0,0.0,0.0,0,0,1,0,0,0,0,0,0,1,0,0,0,0,0,1,0,0,0,0,0,0,1
26,2.0,19.48,35,17.99,0,5,0.54,0.0,0.0,1.0,0,0,0,0,1,0,0,1,0,0,0,0,0,0,0,1,0,0,0,0,1,0,0
37,0.0,4.84,25,8.99,1,5,0.19,0.0,1.0,0.0,1,0,0,0,0,0,0,1,0,0,0,0,0,0,0,1,1,0,0,0,0,0,0
36,2.0,8.7,45,17.99,0,4,0.19,0.0,0.0,1.0,0,0,0,0,0,1,0,0,1,0,0,0,0,0,0,1,0,0,0,1,0,0,0
61,2.0,19.19,27,17.99,0,2,0.69,0.0,1.0,0.0,0,0,0,0,0,1,0,0,1,0,0,0,0,0,0,1,0,0,0,0,1,0,0
43,0.0,0.53,22,8.99,1,1,0.02,0.0,1.0,0.0,0,0,1,0,0,0,0,0,0,1,0,0,0,0,0,1,0,0,0,0,0,1,0
62,0.0,7.85,53,8.99,1,2,0.15,0.0,1.0,0.0,0,0,1,0,0,0,0,0,1,0,0,0,0,0,0,1,0,0,0,0,0,1,0
70,2.0,42.5,46,17.99,0,2,0.9,0.0,0.0,1.0,0,0,1,0,0,0,0,1,0,0,0,1,0,0,0,0,0,0,0,1,0,0,0
34,1.0,6.33,49,13.99,0,4,0.13,0.0,1.0,0.0,0,0,1,0,0,0,0,1,0,0,0,0,0,1,0,0,1,0,0,0,0,0,0
38,0.0,33.5,56,8.99,0,2,0.59,1.0,0.0,0.0,0,1,0,0,0,0,0,1,0,0,0,0,0,0,0,1,1,0,0,0,0,0,0
67,0.0,2.55,48,8.99,1,2,0.05,1.0,0.0,0.0,0,0,0,0,1,0,0,1,0,0,0,0,0,0,1,0,0,0,0,0,0,0,1
39,2.0,47.79,12,17.99,0,1,3.68,1.0,0.0,0.0,0,0,0,1,0,0,0,0,0,1,0,0,0,0,1,0,0,1,0,0,0,0,0
22,0.0,26.28,48,8.99,0,3,0.54,0.0,0.0,1.0,0,0,1,0,0,0,0,0,0,1,0,0,1,0,0,0,0,0,0,0,0,0,1
67,2.0,1.04,17,17.99,1,2,0.06,0.0,1.0,0.0,0,0,1,0,0,0,0,0,1,0,0,0,0,0,1,0,0,0,0,0,0,1,0
42,1.0,9.91,14,13.99,0,1,0.66,1.0,0.0,0.0,1,0,0,0,0,0,1,0,0,0,0,0,1,0,0,0,0,1,0,0,0,0,0
32,2.0,16.39,27,17.99,0,5,0.59,0.0,0.0,1.0,0,0,1,0,0,0,1,0,0,0,0,0,0,0,1,0,0,0,0,0,1,0,0
36,1.0,32.78,51,13.99,0,5,0.63,0.0,0.0,1.0,0,1,0,0,0,0,0,1,0,0,0,0,0,1,0,0,0,0,1,0,0,0,0
35,2.0,1.95,52,17.99,1,5,0.04,0.0,1.0,0.0,1,0,0,0,0,0,0,0,0,0,1,1,0,0,0,0,0,0,0,1,0,0,0
49,1.0,5.02,26,13.99,0,4,0.19,0.0,0.0,1.0,0,0,0,0,0,1,0,0,0,0,1,1,0,0,0,0,0,0,1,0,0,0,0
41,0.0,36.94,6,8.99,0,4,5.28,1.0,0.0,0.0,1,0,0,0,0,0,0,0,0,0,1,1,0,0,0,0,0,0,0,1,0,0,0
48,0.0,1.3,2,8.99,1,4,0.43,1.0,0.0,0.0,0,0,0,0,0,1,0,0,1,0,0,0,1,0,0,0,0,0,0,1,0,0,0
34,2.0,0.33,7,17.99,1,2,0.04,0.0,1.0,0.0,0,1,0,0,0,0,0,0,0,0,1,0,0,0,1,0,0,0,0,0,1,0,0
28,2.0,5.03,59,17.99,1,1,0.08,0.0,0.0,1.0,0,0,0,0,1,0,0,0,0,1,0,0,1,0,0,0,0,0,0,1,0,0,0
61,0.0,1.21,31,8.99,1,3,0.04,1.0,0.0,0.0,0,0,1,0,0,0,0,0,0,0,1,0,1,0,0,0,0,0,0,1,0,0,0
23,2.0,3.51,16,17.99,0,5,0.21,0.0,0.0,1.0,0,1,0,0,0,0,1,0,0,0,0,1,0,0,0,0,0,0,0,1,0,0,0
30,2.0,3.55,45,17.99,1,3,0.08,1.0,0.0,0.0,0,0,0,0,0,1,1,0,0,0,0,0,0,0,1,0,0,0,0,0,0,1,0
40,0.0,7.02,44,8.99,1,4,0.16,1.0,0.0,0.0,1,0,0,0,0,0,0,0,0,0,1,0,0,0,1,0,0,0,0,0,1,0,0
18,0.0,15.17,28,8.99,0,3,0.52,0.0,1.0,0.0,0,0,0,0,0,1,0,0,1,0,0,0,0,0,0,1,0,0,1,0,0,0,0
47,1.0,17.12,22,13.99,0,1,0.74,0.0,1.0,0.0,0,0,1,0,0,0,1,0,0,0,0,1,0,0,0,0,0,0,1,0,0,0,0
61,0.0,12.93,55,8.99,1,4,0.23,1.0,0.0,0.0,0,0,0,0,1,0,0,0,0,0,1,0,0,1,0,0,0,0,0,0,0,0,1
50,1.0,7.88,43,13.99,1,1,0.18,0.0,1.0,0.0,0,0,1,0,0,0,0,0,0,0,1,0,1,0,0,0,0,0,0,0,1,0,0
42,0.0,5.55,47,8.99,1,2,0.12,0.0,0.0,1.0,0,0,1,0,0,0,0,0,0,0,1,0,0,0,1,0,0,0,0,1,0,0,0
60,0.0,4.61,8,8.99,1,3,0.51,0.0,1.0,0.0,0,0,0,1,0,0,0,0,1,0,0,0,0,0,0,1,0,0,0,0,0,0,1
46,0.0,19.74,20,8.99,0,1,0.94,0.0,1.0,0.0,0,1,0,0,0,0,0,0,1,0,0,0,0,1,0,0,0,0,0,0,1,0,0
49,2.0,19.67,54,17.99,0,5,0.36,0.0,0.0,1.0,0,0,1,0,0,0,0,0,1,0,0,1,0,0,0,0,0,0,1,0,0,0,0
63,2.0,0.3,12,17.99,1,2,0.02,0.0,0.0,1.0,0,1,0,0,0,0,0,1,0,0,0,1,0,0,0,0,0,0,0,1,0,0,0
41,0.0,7.73,31,8.99,1,4,0.24,0.0,1.0,0.0,0,1,0,0,0,0,0,0,0,0,1,0,0,0,1,0,0,0,1,0,0,0,0
63,0.0,1.03,3,8.99,1,5,0.26,0.0,1.0,0.0,0,0,0,1,0,0,0,0,0,0,1,1,0,0,0,0,0,0,1,0,0,0,0
33,1.0,9.93,51,13.99,0,4,0.19,0.0,1.0,0.0,0,0,0,0,0,1,0,0,0,0,1,0,0,1,0,0,0,0,0,0,0,1,0
51,1.0,2.56,53,13.99,1,2,0.05,0.0,1.0,0.0,0,0,0,0,1,0,1,0,0,0,0,0,0,0,0,1,0,0,0,0,0,1,0
59,1.0,2.28,38,13.99,1,3,0.06,1.0,0.0,0.0,1,0,0,0,0,0,1,0,0,0,0,0,0,0,0,1,0,0,0,1,0,0,0
44,1.0,1.17,51,13.99,1,3,0.02,0.0,1.0,0.0,0,0,0,0,0,1,0,0,0,0,1,1,0,0,0,0,0,0,0,0,0,1,0
22,2.0,21.84,1,17.99,0,1,10.92,1.0,0.0,0.0,0,0,0,0,1,0,0,0,1,0,0,1,0,0,0,0,0,0,0,0,1,0,0
25,2.0,10.53,33,17.99,1,3,0.31,1.0,0.0,0.0,0,0,0,0,1,0,0,0,0,0,1,0,0,1,0,0,0,0,0,0,0,0,1
26,1.0,8.43,45,13.99,0,5,0.18,0.0,1.0,0.0,0,0,0,1,0,0,0,1,0,0,0,0,0,1,0,0,0,1,0,0,0,0,0
51,2.0,23.55,13,17.99,0,2,1.68,0.0,0.0,1.0,0,0,0,0,0,1,0,0,0,1,0,1,0,0,0,0,0,0,0,1,0,0,0
46,1.0,41.63,46,13.99,0,4,0.89,1.0,0.0,0.0,0,0,0,0,0,1,0,0,0,0,1,0,0,1,0,0,0,1,0,0,0,0,0
35,2.0,1.11,13,17.99,0,4,0.08,0.0,1.0,0.0,0,0,0,0,0,1,0,0,1,0,0,1,0,0,0,0,0,0,0,0,0,0,1
50,2.0,5.41,35,17.99,1,4,0.15,1.0,0.0,0.0,0,0,0,1,0,0,1,0,0,0,0,0,0,0,1,0,1,0,0,0,0,0,0
54,1.0,11.79,39,13.99,1,2,0.29,1.0,0.0,0.0,0,1,0,0,0,0,0,1,0,0,0,0,0,1,0,0,0,0,1,0,0,0,0
27,1.0,0.39,32,13.99,1,4,0.01,0.0,1.0,0.0,0,0,0,0,0,1,0,1,0,0,0,0,0,0,1,0,1,0,0,0,0,0,0
18,2.0,0.97,9,17.99,0,5,0.1,0.0,1.0,0.0,1,0,0,0,0,0,0,0,0,0,1,0,0,1,0,0,0,0,0,0,0,0,1
59,0.0,4.16,25,8.99,1,2,0.16,1.0,0.0,0.0,0,0,1,0,0,0,0,0,0,0,1,0,1,0,0,0,0,0,0,0,1,0,0
37,2.0,13.91,27,17.99,0,5,0.5,0.0,1.0,0.0,0,1,0,0,0,0,0,1,0,0,0,0,0,0,0,1,0,1,0,0,0,0,0
44,2.0,3.73,49,17.99,1,5,0.07,1.0,0.0,0.0,0,0,0,0,1,0,0,0,0,1,0,1,0,0,0,0,0,0,0,1,0,0,0
28,1.0,10.91,16,13.99,0,4,0.64,0.0,1.0,0.0,0,0,0,1,0,0,0,0,0,0,1,0,0,1,0,0,0,0,0,1,0,0,0
23,2.0,5.56,53,17.99,1,1,0.1,0.0,0.0,1.0,0,0,1,0,0,0,0,1,0,0,0,1,0,0,0,0,0,0,0,0,0,1,0
58,2.0,4.04,19,17.99,0,4,0.2,0.0,0.0,1.0,0,1,0,0,0,0,0,0,1,0,0,1,0,0,0,0,0,0,0,0,0,1,0
23,1.0,0.13,48,13.99,1,5,0.0,1.0,0.0,0.0,0,0,1,0,0,0,0,1,0,0,0,0,1,0,0,0,0,0,0,0,0,0,1
36,0.0,20.03,16,8.99,0,5,1.18,1.0,0.0,0.0,1,0,0,0,0,0,1,0,0,0,0,0,0,1,0,0,0,1,0,0,0,0,0
37,0.0,20.45,54,8.99,0,4,0.37,0.0,0.0,1.0,0,1,0,0,0,0,1,0,0,0,0,0,0,1,0,0,1,0,0,0,0,0,0
48,0.0,4.91,1,8.99,1,1,2.46,0.0,0.0,1.0,0,0,0,1,0,0,0,0,1,0,0,0,0,0,0,1,1,0,0,0,0,0,0
23,1.0,28.75,20,13.99,0,2,1.37,0.0,1.0,0.0,0,1,0,0,0,0,0,0,0,1,0,0,1,0,0,0,0,0,0,0,1,0,0
35,0.0,10.43,46,8.99,1,4,0.22,0.0,0.0,1.0,0,0,0,0,1,0,0,0,1,0,0,1,0,0,0,0,0,0,0,0,0,0,1
52,2.0,11.5,53,17.99,1,5,0.21,0.0,0.0,1.0,0,0,1,0,0,0,0,0,0,1,0,0,1,0,0,0,0,0,1,0,0,0,0
50,1.0,1.49,8,13.99,0,4,0.17,0.0,0.0,1.0,0,1,0,0,0,0,0,1,0,0,0,1,0,0,0,0,0,0,1,0,0,0,0
68,2.0,17.56,29,17.99,0,4,0.59,0.0,1.0,0.0,0,1,0,0,0,0,0,1,0,0,0,0,0,1,0,0,0,0,0,0,0,0,1
30,2.0,15.15,55,17.99,1,3,0.27,0.0,0.0,1.0,0,0,0,0,0,1,0,0,0,1,0,1,0,0,0,0,0,1,0,0,0,0,0
41,0.0,18.51,8,8.99,0,2,2.06,0.0,0.0,1.0,0,1,0,0,0,0,0,0,1,0,0,1,0,0,0,0,0,0,0,1,0,0,0
56,0.0,16.89,38,8.99,1,2,0.43,0.0,0.0,1.0,0,0,1,0,0,0,0,0,0,1,0,0,0,1,0,0,0,0,0,0,1,0,0
19,0.0,0.22,21,8.99,1,4,0.01,0.0,1.0,0.0,0,0,0,0,1,0,0,0,1,0,0,0,0,1,0,0,0,0,0,1,0,0,0
32,1.0,11.33,42,13.99,1,1,0.26,1.0,0.0,0.0,0,0,1,0,0,0,0,0,1,0,0,1,0,0,0,0,0,0,0,0,0,0,1
60,0.0,7.79,25,8.99,0,2,0.3,0.0,0.0,1.0,0,0,0,1,0,0,0,0,0,1,0,0,0,1,0,0,0,0,0,1,0,0,0
52,0.0,0.12,25,8.99,1,4,0.0,0.0,1.0,0.0,0,0,0,0,0,1,0,0,1,0,0,0,0,0,1,0,0,0,1,0,0,0,0
70,2.0,1.04,37,17.99,1,2,0.03,1.0,0.0,0.0,0,0,0,0,0,1,0,0,0,0,1,0,0,0,0,1,0,0,0,0,1,0,0
48,2.0,16.1,20,17.99,0,4,0.77,1.0,0.0,0.0,0,0,0,0,0,1,0,0,1,0,0,0,0,0,1,0,0,0,0,0,0,1,0
49,2.0,0.65,34,17.99,1,3,0.02,0.0,0.0,1.0,0,0,0,0,0,1,0,1,0,0,0,1,0,0,0,0,0,0,0,1,0,0,0
52,0.0,0.3,21,8.99,1,2,0.01,1.0,0.0,0.0,0,0,1,0,0,0,0,0,1,0,0,0,0,0,1,0,0,0,0,0,1,0,0
37,1.0,16.01,11,13.99,0,4,1.33,0.0,1.0,0.0,0,0,1,0,0,0,0,1,0,0,0,0,0,1,0,0,0,0,0,0,1,0,0
39,0.0,33.36,37,8.99,1,1,0.88,1.0,0.0,0.0,0,0,0,0,0,1,0,0,0,1,0,0,1,0,0,0,0,0,0,0,0,0,1
70,0.0,3.99,24,8.99,1,1,0.16,1.0,0.0,0.0,1,0,0,0,0,0,0,1,0,0,0,0,0,0,1,0,0,0,0,0,1,0,0
68,0.0,17.26,10,8.99,0,3,1.57,0.0,1.0,0.0,0,0,0,0,0,1,1,0,0,0,0,1,0,0,0,0,0,0,1,0,0,0,0
26,1.0,4.64,7,13.99,1,1,0.58,0.0,0.0,1.0,0,1,0,0,0,0,1,0,0,0,0,0,1,0,0,0,0,1,0,0,0,0,0
49,2.0,5.0,17,17.99,0,1,0.28,1.0,0.0,0.0,0,0,0,0,1,0,0,0,1,0,0,0,1,0,0,0,0,0,0,1,0,0,0
18,2.0,12.42,58,17.99,1,3,0.21,0.0,1.0,0.0,0,0,0,1,0,0,0,1,0,0,0,0,0,1,0,0,0,0,0,0,1,0,0
28,0.0,16.54,24,8.99,0,3,0.66,0.0,0.0,1.0,0,0,0,0,0,1,0,1,0,0,0,0,1,0,0,0,0,0,0,0,0,1,0
57,2.0,0.26,28,17.99,1,2,0.01,1.0,0.0,0.0,0,0,1,0,0,0,0,0,0,0,1,1,0,0,0,0,1,0,0,0,0,0,0
47,0.0,17.94,19,8.99,0,2,0.9,1.0,0.0,0.0,0,0,0,0,1,0,0,0,0,0,1,0,0,0,0,1,1,0,0,0,0,0,0
18,1.0,41.28,24,13.99,0,3,1.65,0.0,1.0,0.0,0,0,1,0,0,0,1,0,0,0,0,0,0,1,0,0,1,0,0,0,0,0,0
48,0.0,3.34,1,8.99,1,1,1.67,0.0,1.0,0.0,0,0,0,0,1,0,0,0,1,0,0,1,0,0,0,0,0,1,0,0,0,0,0
26,2.0,3.13,18,17.99,0,5,0.16,1.0,0.0,0.0,0,0,0,0,1,0,0,1,0,0,0,0,0,0,0,1,0,0,0,0,0,0,1
24,0.0,3.02,21,8.99,1,5,0.14,0.0,0.0,1.0,0,1,0,0,0,0,0,0,0,0,1,0,0,0,1,0,0,1,0,0,0,0,0
40,1.0,7.82,8,13.99,0,2,0.87,0.0,0.0,1.0,0,0,0,1,0,0,0,0,0,0,1,1,0,0,0,0,0,0,1,0,0,0,0
50,0.0,0.82,1,8.99,1,5,0.41,1.0,0.0,0.0,0,0,0,1,0,0,0,0,1,0,0,0,0,0,0,1,0,0,0,1,0,0,0
49,0.0,13.95,21,8.99,0,1,0.63,0.0,1.0,0.0,0,0,0,0,1,0,0,1,0,0,0,0,0,0,0,1,0,0,0,0,0,0,1
55,2.0,41.03,45,17.99,0,3,0.89,1.0,0.0,0.0,1,0,0,0,0,0,0,1,0,0,0,0,0,1,0,0,0,0,1,0,0,0,0
20,2.0,20.62,13,17.99,0,4,1.47,1.0,0.0,0.0,0,1,0,0,0,0,0,0,0,1,0,0,0,1,0,0,0,0,0,0,0,0,1
31,0.0,11.3,37,8.99,1,3,0.3,0.0,0.0,1.0,0,0,0,0,0,1,0,0,1,0,0,0,0,0,0,1,0,0,0,0,0,1,0
66,2.0,5.8,41,17.99,1,2,0.14,1.0,0.0,0.0,0,0,0,0,1,0,0,0,0,1,0,0,0,0,0,1,0,0,1,0,0,0,0
58,1.0,24.34,31,13.99,0,1,0.76,0.0,0.0,1.0,0,1,0,0,0,0,0,1,0,0,0,0,1,0,0,0,0,1,0,0,0,0,0
54,0.0,7.19,56,8.99,1,2,0.13,0.0,0.0,1.0,0,0,0,1,0,0,1,0,0,0,0,0,0,0,1,0,0,0,0,0,0,1,0
40,1.0,13.33,24,13.99,0,3,0.53,0.0,1.0,0.0,0,0,0,1,0,0,0,0,0,1,0,0,1,0,0,0,0,0,0,0,0,1,0
56,2.0,1.65,30,17.99,1,4,0.05,0.0,0.0,1.0,1,0,0,0,0,0,0,0,1,0,0,0,0,0,1,0,1,0,0,0,0,0,0
34,1.0,10.55,54,13.99,0,5,0.19,0.0,1.0,0.0,0,1,0,0,0,0,0,0,0,0,1,0,0,0,0,1,0,0,0,0,0,0,1
52,2.0,6.19,19,17.99,0,3,0.31,0.0,0.0,1.0,0,1,0,0,0,0,0,0,0,1,0,0,0,0,1,0,0,0,0,0,0,1,0
45,1.0,9.87,46,13.99,0,4,0.21,0.0,1.0,0.0,0,0,1,0,0,0,1,0,0,0,0,0,0,1,0,0,0,1,0,0,0,0,0
66,2.0,92.07,58,17.99,0,3,1.56,0.0,0.0,1.0,0,0,0,1,0,0,0,0,1,0,0,0,0,0,0,1,0,1,0,0,0,0,0
49,0.0,2.89,16,8.99,1,5,0.17,0.0,1.0,0.0,0,0,0,0,1,0,0,1,0,0,0,1,0,0,0,0,0,0,0,1,0,0,0
35,1.0,0.23,54,13.99,1,5,0.0,0.0,0.0,1.0,0,1,0,0,0,0,1,0,0,0,0,0,0,0,1,0,0,0,0,1,0,0,0
65,1.0,0.4,48,13.99,1,5,0.01,0.0,0.0,1.0,0,0,1,0,0,0,0,0,0,1,0,0,0,0,1,0,0,1,0,0,0,0,0
64,0.0,11.05,12,8.99,0,5,0.85,0.0,0.0,1.0,1,0,0,0,0,0,0,1,0,0,0,0,1,0,0,0,1,0,0,0,0,0,0
61,2.0,25.26,7,17.99,0,5,3.16,0.0,1.0,0.0,0,0,0,1,0,0,0,0,0,0,1,0,0,1,0,0,0,0,0,0,1,0,0
31,2.0,14.43,9,17.99,0,5,1.44,0.0,0.0,1.0,1,0,0,0,0,0,0,0,0,1,0,1,0,0,0,0,0,0,1,0,0,0,0
56,1.0,10.6,55,13.99,1,1,0.19,0.0,0.0,1.0,0,0,0,0,1,0,0,1,0,0,0,1,0,0,0,0,0,0,0,0,0,0,1
70,1.0,2.4,12,13.99,0,5,0.18,1.0,0.0,0.0,0,1,0,0,0,0,1,0,0,0,0,0,0,0,0,1,0,1,0,0,0,0,0
40,1.0,7.02,18,13.99,0,4,0.37,1.0,0.0,0.0,1,0,0,0,0,0,0,0,0,0,1,0,0,0,0,1,0,0,0,0,0,0,1
63,1.0,31.54,44,13.99,0,5,0.7,0.0,1.0,0.0,0,0,0,1,0,0,0,0,0,1,0,0,1,0,0,0,0,0,0,1,0,0,0
56,1.0,17.44,11,13.99,0,1,1.45,0.0,0.0,1.0,0,0,0,0,1,0,0,0,0,1,0,0,1,0,0,0,0,0,1,0,0,0,0
64,0.0,4.74,39,8.99,1,3,0.12,0.0,1.0,0.0,0,0,1,0,0,0,0,0,1,0,0,0,1,0,0,0,1,0,0,0,0,0,0
18,1.0,14.18,27,13.99,0,2,0.51,0.0,1.0,0.0,0,0,0,1,0,0,0,0,0,0,1,0,1,0,0,0,0,0,0,1,0,0,0
60,1.0,7.61,8,13.99,0,5,0.85,0.0,1.0,0.0,0,0,1,0,0,0,0,1,0,0,0,0,1,0,0,0,0,0,0,0,1,0,0
18,0.0,0.59,41,8.99,1,5,0.01,0.0,0.0,1.0,0,1,0,0,0,0,1,0,0,0,0,0,0,1,0,0,0,0,0,0,1,0,0
32,1.0,27.72,58,13.99,0,3,0.47,0.0,1.0,0.0,0,0,0,1,0,0,0,1,0,0,0,0,0,0,0,1,1,0,0,0,0,0,0
34,2.0,26.06,28,17.99,0,4,0.9,0.0,1.0,0.0,0,0,0,1,0,0,0,0,0,1,0,0,0,1,0,0,0,0,0,1,0,0,0
64,1.0,10.78,10,13.99,0,3,0.98,1.0,0.0,0.0,0,0,0,0,1,0,0,0,1,0,0,0,0,0,0,1,0,0,0,1,0,0,0
22,1.0,8.07,36,13.99,1,2,0.22,1.0,0.0,0.0,0,0,0,0,0,1,0,1,0,0,0,0,1,0,0,0,0,0,0,1,0,0,0
39,1.0,5.56,47,13.99,1,5,0.12,0.0,0.0,1.0,0,1,0,0,0,0,0,0,0,1,0,0,1,0,0,0,0,0,1,0,0,0,0
59,0.0,0.27,44,8.99,1,5,0.01,0.0,0.0,1.0,0,0,0,1,0,0,0,1,0,0,0,0,0,0,0,1,0,0,0,1,0,0,0
68,1.0,44.63,53,13.99,0,5,0.83,0.0,1.0,0.0,0,0,0,0,1,0,0,0,1,0,0,1,0,0,0,0,0,0,0,0,0,0,1
38,1.0,13.61,16,13.99,0,5,0.8,0.0,1.0,0.0,1,0,0,0,0,0,1,0,0,0,0,0,0,0,0,1,0,0,0,0,1,0,0
22,2.0,13.24,37,17.99,0,5,0.35,0.0,1.0,0.0,0,0,1,0,0,0,0,0,1,0,0,1,0,0,0,0,0,0,0,0,1,0,0
41,2.0,4.41,56,17.99,1,2,0.08,0.0,1.0,0.0,1,0,0,0,0,0,0,0,0,1,0,0,0,0,1,0,0,0,0,0,1,0,0
36,2.0,12.92,14,17.99,0,5,0.86,0.0,0.0,1.0,0,0,0,0,1,0,0,0,0,0,1,0,0,0,1,0,0,0,0,0,0,0,1
30,1.0,1.29,4,13.99,0,5,0.26,0.0,1.0,0.0,1,0,0,0,0,0,0,0,0,1,0,1,0,0,0,0,1,0,0,0,0,0,0
57,1.0,2.31,29,13.99,1,1,0.08,0.0,1.0,0.0,0,0,1,0,0,0,0,0,0,0,1,0,1,0,0,0,0,0,0,0,0,0,1
54,1.0,8.56,33,13.99,1,4,0.25,0.0,1.0,0.0,0,0,0,0,0,1,0,0,1,0,0,0,0,0,1,0,0,0,0,1,0,0,0
18,1.0,18.75,24,13.99,0,5,0.75,0.0,1.0,0.0,0,0,0,0,0,1,0,0,1,0,0,0,0,0,0,1,0,0,0,0,0,0,1
46,1.0,0.71,26,13.99,1,5,0.03,1.0,0.0,0.0,0,0,0,1,0,0,0,0,0,0,1,0,1,0,0,0,1,0,0,0,0,0,0
38,1.0,18.9,54,13.99,1,4,0.34,0.0,1.0,0.0,1,0,0,0,0,0,0,0,0,0,1,0,0,0,1,0,0,0,0,0,1,0,0
48,0.0,6.52,34,8.99,1,4,0.19,0.0,1.0,0.0,0,0,0,1,0,0,0,0,0,0,1,0,0,0,0,1,0,1,0,0,0,0,0
25,2.0,23.81,59,17.99,0,3,0.4,0.0,1.0,0.0,0,0,0,0,0,1,0,1,0,0,0,0,0,1,0,0,0,1,0,0,0,0,0
31,2.0,2.47,33,17.99,1,2,0.07,0.0,0.0,1.0,0,0,0,1,0,0,0,0,1,0,0,0,0,0,0,1,0,0,0,0,0,0,1
37,0.0,7.59,5,8.99,0,2,1.26,1.0,0.0,0.0,0,0,1,0,0,0,1,0,0,0,0,0,1,0,0,0,0,0,0,1,0,0,0
57,0.0,9.88,44,8.99,1,3,0.22,0.0,0.0,1.0,0,0,1,0,0,0,0,0,1,0,0,0,0,1,0,0,1,0,0,0,0,0,0
70,1.0,21.33,47,13.99,0,1,0.44,0.0,0.0,1.0,0,0,1,0,0,0,0,0,0,0,1,0,0,1,0,0,0,0,0,0,0,0,1
65,0.0,4.2,54,8.99,1,4,0.08,0.0,1.0,0.0,0,0,0,1,0,0,0,0,1,0,0,0,1,0,0,0,0,0,1,0,0,0,0
44,2.0,2.51,30,17.99,0,4,0.08,0.0,1.0,0.0,0,0,1,0,0,0,0,0,1,0,0,0,0,1,0,0,0,0,0,0,0,0,1
47,2.0,11.36,13,17.99,0,1,0.81,1.0,0.0,0.0,0,0,0,0,0,1,0,0,1,0,0,0,0,0,1,0,0,0,0,0,1,0,0
70,2.0,13.24,1,17.99,0,5,6.62,0.0,0.0,1.0,1,0,0,0,0,0,0,0,0,1,0,0,0,0,1,0,0,0,0,1,0,0,0
55,1.0,7.78,7,13.99,0,3,0.97,0.0,1.0,0.0,0,1,0,0,0,0,0,0,1,0,0,0,0,0,0,1,0,0,0,1,0,0,0
46,2.0,3.18,11,17.99,1,4,0.27,0.0,1.0,0.0,0,0,0,1,0,0,0,0,0,1,0,0,1,0,0,0,0,0,0,0,0,0,1
68,2.0,4.12,31,17.99,1,5,0.13,0.0,0.0,1.0,0,0,1,0,0,0,0,0,0,1,0,1,0,0,0,0,0,0,0,1,0,0,0
36,0.0,29.27,35,8.99,0,4,0.81,0.0,0.0,1.0,0,0,1,0,0,0,0,0,0,1,0,0,0,0,1,0,0,0,0,0,0,1,0
65,2.0,14.47,31,17.99,0,5,0.45,1.0,0.0,0.0,0,0,0,0,0,1,0,0,0,1,0,0,0,1,0,0,0,0,0,1,0,0,0
50,2.0,13.98,56,17.99,1,4,0.25,0.0,0.0,1.0,0,0,0,0,1,0,0,0,1,0,0,0,1,0,0,0,0,0,0,0,1,0,0
38,0.0,14.43,16,8.99,0,1,0.85,0.0,0.0,1.0,0,0,0,0,0,1,0,0,0,0,1,1,0,0,0,0,0,0,1,0,0,0,0
26,2.0,13.59,51,17.99,1,2,0.26,1.0,0.0,0.0,0,0,0,0,1,0,0,0,1,0,0,0,1,0,0,0,0,0,0,1,0,0,0
45,0.0,4.59,47,8.99,1,1,0.1,0.0,1.0,0.0,0,1,0,0,0,0,0,1,0,0,0,0,0,0,1,0,0,0,0,0,0,0,1
38,2.0,1.81,22,17.99,1,4,0.08,0.0,0.0,1.0,0,1,0,0,0,0,0,1,0,0,0,0,0,0,1,0,1,0,0,0,0,0,0
41,0.0,12.04,32,8.99,1,1,0.36,0.0,0.0,1.0,0,0,0,0,1,0,1,0,0,0,0,1,0,0,0,0,0,0,0,1,0,0,0
70,1.0,4.69,32,13.99,1,3,0.14,0.0,0.0,1.0,0,1,0,0,0,0,0,0,0,1,0,0,0,1,0,0,0,0,1,0,0,0,0
43,2.0,12.37,37,17.99,1,3,0.33,1.0,0.0,0.0,0,0,1,0,0,0,1,0,0,0,0,0,1,0,0,0,0,0,0,0,0,1,0
42,0.0,7.27,7,8.99,0,2,0.91,1.0,0.0,0.0,1,0,0,0,0,0,0,1,0,0,0,0,1,0,0,0,0,0,0,0,0,1,0
48,2.0,26.34,40,17.99,0,2,0.64,0.0,0.0,1.0,1,0,0,0,0,0,0,0,0,1,0,0,1,0,0,0,0,0,0,0,0,1,0
67,1.0,19.48,25,13.99,0,2,0.75,0.0,1.0,0.0,0,0,0,1,0,0,0,0,1,0,0,0,0,1,0,0,0,0,0,1,0,0,0
22,1.0,1.04,56,13.99,1,3,0.02,0.0,0.0,1.0,1,0,0,0,0,0,1,0,0,0,0,0,0,0,0,1,0,1,0,0,0,0,0
33,1.0,59.71,55,13.99,0,5,1.07,0.0,0.0,1.0,0,1,0,0,0,0,1,0,0,0,0,1,0,0,0,0,0,0,1,0,0,0,0
66,2.0,16.22,0,17.99,0,2,16.22,1.0,0.0,0.0,0,0,1,0,0,0,0,0,0,1,0,0,0,0,1,0,0,0,0,1,0,0,0
58,1.0,4.39,11,13.99,0,5,0.37,1.0,0.0,0.0,0,0,0,0,0,1,0,0,1,0,0,0,0,1,0,0,0,0,0,0,0,1,0
20,1.0,13.2,56,13.99,1,2,0.23,1.0,0.0,0.0,0,1,0,0,0,0,0,0,1,0,0,0,0,1,0,0,0,0,0,0,0,1,0
49,2.0,20.88,41,17.99,0,3,0.5,1.0,0.0,0.0,0,0,0,0,0,1,0,0,0,1,0,0,1,0,0,0,0,0,0,0,1,0,0
50,0.0,7.35,26,8.99,0,3,0.27,0.0,0.0,1.0,0,0,0,1,0,0,0,1,0,0,0,0,0,1,0,0,0,0,0,1,0,0,0
43,2.0,86.73,26,17.99,0,3,3.21,0.0,0.0,1.0,1,0,0,0,0,0,0,0,0,1,0,0,0,1,0,0,0,0,0,0,0,1,0
65,0.0,3.9,14,8.99,1,4,0.26,0.0,0.0,1.0,0,0,1,0,0,0,0,0,1,0,0,0,0,1,0,0,0,0,0,0,0,0,1
61,2.0,0.42,51,17.99,1,3,0.01,0.0,1.0,0.0,0,0,1,0,0,0,0,0,0,1,0,0,0,0,1,0,0,0,0,1,0,0,0
32,1.0,6.93,34,13.99,1,3,0.2,1.0,0.0,0.0,0,0,0,0,0,1,0,0,1,0,0,0,1,0,0,0,0,1,0,0,0,0,0
31,0.0,5.18,36,8.99,1,1,0.14,0.0,1.0,0.0,0,0,0,0,1,0,0,0,0,0,1,1,0,0,0,0,0,0,0,0,1,0,0
42,2.0,8.37,21,17.99,0,3,0.38,0.0,1.0,0.0,0,0,1,0,0,0,0,0,0,0,1,0,1,0,0,0,0,0,1,0,0,0,0
69,2.0,38.02,30,17.99,0,3,1.23,0.0,0.0,1.0,0,0,1,0,0,0,0,0,0,0,1,0,0,1,0,0,0,1,0,0,0,0,0
65,2.0,52.33,24,17.99,0,5,2.09,1.0,0.0,0.0,0,0,1,0,0,0,0,0,0,0,1,0,0,0,1,0,1,0,0,0,0,0,0
44,2.0,1.83,25,17.99,0,5,0.07,0.0,1.0,0.0,1,0,0,0,0,0,0,0,0,1,0,0,0,0,0,1,0,1,0,0,0,0,0
58,0.0,0.51,12,8.99,1,1,0.04,1.0,0.0,0.0,0,1,0,0,0,0,0,0,0,0,1,0,0,0,0,1,1,0,0,0,0,0,0
56,0.0,8.54,16,8.99,0,5,0.5,1.0,0.0,0.0,0,0,0,0,1,0,0,0,0,0,1,0,1,0,0,0,1,0,0,0,0,0,0
40,2.0,8.64,35,17.99,0,5,0.24,1.0,0.0,0.0,0,0,0,0,0,1,0,1,0,0,0,0,0,1,0,0,0,0,0,0,0,1,0
25,2.0,6.38,23,17.99,0,5,0.27,1.0,0.0,0.0,0,0,0,0,0,1,0,0,0,1,0,0,0,0,1,0,0,0,0,1,0,0,0
28,2.0,7.1,11,17.99,0,3,0.59,0.0,0.0,1.0,0,0,0,1,0,0,0,1,0,0,0,0,1,0,0,0,0,0,0,0,1,0,0
36,2.0,11.31,7,17.99,0,3,1.41,0.0,1.0,0.0,0,0,0,1,0,0,0,0,0,1,0,0,0,0,0,1,1,0,0,0,0,0,0
33,0.0,3.84,28,8.99,1,3,0.13,0.0,0.0,1.0,0,0,0,0,0,1,0,0,1,0,0,1,0,0,0,0,0,0,0,0,1,0,0
21,1.0,10.63,4,13.99,0,1,2.13,0.0,1.0,0.0,0,0,0,0,1,0,0,0,0,0,1,0,0,0,1,0,0,1,0,0,0,0,0
24,1.0,0.02,35,13.99,1,3,0.0,1.0,0.0,0.0,1,0,0,0,0,0,0,0,0,0,1,0,0,0,0,1,0,0,1,0,0,0,0
68,2.0,9.66,27,17.99,0,5,0.35,1.0,0.0,0.0,1,0,0,0,0,0,0,0,0,1,0,1,0,0,0,0,0,0,0,0,0,0,1
70,2.0,0.36,15,17.99,1,5,0.02,1.0,0.0,0.0,0,0,0,0,1,0,0,0,0,1,0,0,0,0,1,0,0,0,0,0,0,0,1
68,0.0,7.63,23,8.99,0,4,0.32,0.0,1.0,0.0,0,0,0,1,0,0,0,0,0,0,1,0,0,1,0,0,0,0,0,1,0,0,0
41,1.0,6.47,32,13.99,1,4,0.2,1.0,0.0,0.0,1,0,0,0,0,0,0,0,0,1,0,0,0,0,1,0,0,0,0,1,0,0,0
58,2.0,26.32,18,17.99,0,4,1.39,0.0,0.0,1.0,0,1,0,0,0,0,0,0,1,0,0,0,0,0,0,1,0,0,1,0,0,0,0
38,1.0,7.34,56,13.99,1,4,0.13,1.0,0.0,0.0,0,0,1,0,0,0,0,0,0,1,0,0,0,0,1,0,0,0,0,0,0,1,0
33,0.0,8.19,53,8.99,1,1,0.15,0.0,1.0,0.0,0,0,1,0,0,0,0,0,0,1,0,1,0,0,0,0,0,1,0,0,0,0,0
19,2.0,11.05,5,17.99,0,1,1.84,1.0,0.0,0.0,0,0,0,0,1,0,0,0,0,1,0,0,0,0,1,0,0,0,0,0,0,1,0
65,0.0,1.05,51,8.99,1,2,0.02,0.0,0.0,1.0,1,0,0,0,0,0,0,0,1,0,0,0,0,0,1,0,0,0,0,0,0,0,1
66,1.0,27.5,32,13.99,0,3,0.83,0.0,1.0,0.0,1,0,0,0,0,0,0,0,1,0,0,0,0,0,1,0,0,0,0,0,0,1,0
28,0.0,9.85,46,8.99,1,5,0.21,0.0,1.0,0.0,0,0,0,1,0,0,1,0,0,0,0,0,0,0,1,0,0,0,0,1,0,0,0
66,2.0,5.22,28,17.99,0,5,0.18,1.0,0.0,0.0,0,1,0,0,0,0,1,0,0,0,0,0,1,0,0,0,1,0,0,0,0,0,0
21,0.0,19.14,28,8.99,0,2,0.66,1.0,0.0,0.0,0,0,0,1,0,0,1,0,0,0,0,0,1,0,0,0,0,1,0,0,0,0,0
23,0.0,10.73,35,8.99,1,5,0.3,0.0,0.0,1.0,0,0,1,0,0,0,0,0,0,0,1,1,0,0,0,0,0,1,0,0,0,0,0
30,1.0,5.1,9,13.99,0,5,0.51,0.0,1.0,0.0,0,0,0,1,0,0,0,0,0,1,0,0,0,0,0,1,0,1,0,0,0,0,0
36,0.0,16.65,36,8.99,1,2,0.45,0.0,0.0,1.0,0,0,0,0,1,0,0,0,0,0,1,0,0,1,0,0,0,0,1,0,0,0,0
32,2.0,45.98,45,17.99,0,1,1.0,0.0,0.0,1.0,0,1,0,0,0,0,1,0,0,0,0,0,1,0,0,0,0,1,0,0,0,0,0
18,1.0,20.65,19,13.99,0,4,1.03,0.0,1.0,0.0,0,0,0,1,0,0,0,0,0,0,1,0,1,0,0,0,0,0,0,0,0,0,1
40,0.0,10.98,28,8.99,1,1,0.38,0.0,1.0,0.0,0,0,0,0,0,1,0,0,1,0,0,0,0,1,0,0,1,0,0,0,0,0,0
28,1.0,1.78,35,13.99,1,3,0.05,0.0,1.0,0.0,0,0,0,0,0,1,0,0,1,0,0,0,0,1,0,0,1,0,0,0,0,0,0
32,2.0,4.11,45,17.99,1,5,0.09,0.0,1.0,0.0,0,1,0,0,0,0,0,1,0,0,0,1,0,0,0,0,1,0,0,0,0,0,0
20,1.0,21.21,0,13.99,0,2,21.21,0.0,0.0,1.0,0,0,0,1,0,0,0,0,1,0,0,0,1,0,0,0,0,0,0,1,0,0,0
67,2.0,15.45,46,17.99,1,5,0.33,1.0,0.0,0.0,1,0,0,0,0,0,1,0,0,0,0,0,0,0,1,0,0,1,0,0,0,0,0
31,2.0,12.0,2,17.99,0,2,4.0,0.0,1.0,0.0,0,0,1,0,0,0,0,0,1,0,0,1,0,0,0,0,0,1,0,0,0,0,0
19,2.0,1.44,40,17.99,1,5,0.04,0.0,0.0,1.0,0,0,0,0,0,1,0,0,0,1,0,0,0,0,1,0,0,1,0,0,0,0,0
47,1.0,8.67,41,13.99,1,2,0.21,0.0,0.0,1.0,0,0,0,1,0,0,0,1,0,0,0,0,0,0,0,1,0,0,0,0,0,0,1
28,2.0,27.06,55,17.99,0,4,0.48,1.0,0.0,0.0,0,0,0,1,0,0,0,0,0,0,1,0,0,1,0,0,1,0,0,0,0,0,0
22,2.0,7.24,30,17.99,0,2,0.23,1.0,0.0,0.0,0,0,0,0,1,0,0,0,0,0,1,0,0,0,0,1,0,0,0,0,0,1,0
29,2.0,63.39,37,17.99,0,4,1.67,0.0,1.0,0.0,0,0,0,1,0,0,0,0,0,0,1,0,0,0,1,0,0,1,0,0,0,0,0
63,0.0,1.44,26,8.99,1,1,0.05,0.0,1.0,0.0,0,0,1,0,0,0,0,0,1,0,0,0,0,1,0,0,0,0,1,0,0,0,0
42,2.0,4.26,6,17.99,0,5,0.61,0.0,0.0,1.0,0,0,0,1,0,0,0,0,0,0,1,0,1,0,0,0,0,0,0,0,1,0,0
68,1.0,15.06,20,13.99,0,1,0.72,1.0,0.0,0.0,0,0,0,1,0,0,0,0,1,0,0,0,0,0,1,0,0,0,0,0,0,1,0
48,1.0,29.96,44,13.99,0,5,0.67,0.0,1.0,0.0,0,0,1,0,0,0,0,1,0,0,0,0,1,0,0,0,0,0,0,0,0,0,1
45,2.0,8.05,54,17.99,1,3,0.15,1.0,0.0,0.0,1,0,0,0,0,0,0,0,0,1,0,0,1,0,0,0,1,0,0,0,0,0,0
57,1.0,3.51,50,13.99,1,1,0.07,0.0,1.0,0.0,0,0,0,0,1,0,0,1,0,0,0,1,0,0,0,0,0,0,1,0,0,0,0
63,0.0,2.51,31,8.99,1,3,0.08,0.0,1.0,0.0,0,0,1,0,0,0,0,1,0,0,0,0,0,1,0,0,0,1,0,0,0,0,0
32,2.0,1.8,32,17.99,1,2,0.05,1.0,0.0,0.0,0,0,0,0,0,1,0,0,1,0,0,0,0,0,0,1,0,0,0,0,0,1,0
70,1.0,28.32,3,13.99,0,3,7.08,0.0,1.0,0.0,0,1,0,0,0,0,0,0,0,0,1,0,0,1,0,0,1,0,0,0,0,0,0
48,1.0,4.19,0,13.99,0,2,4.19,1.0,0.0,0.0,0,0,1,0,0,0,0,0,0,0,1,0,0,0,1,0,0,0,1,0,0,0,0
66,1.0,0.76,44,13.99,1,2,0.02,0.0,0.0,1.0,0,0,1,0,0,0,0,0,0,0,1,0,0,0,1,0,1,0,0,0,0,0,0
38,1.0,0.61,9,13.99,0,4,0.06,0.0,1.0,0.0,0,0,0,1,0,0,0,0,1,0,0,1,0,0,0,0,0,0,1,0,0,0,0
67,2.0,27.79,28,17.99,0,4,0.96,1.0,0.0,0.0,0,0,0,0,1,0,0,0,0,1,0,0,1,0,0,0,1,0,0,0,0,0,0
61,2.0,16.13,21,17.99,0,3,0.73,1.0,0.0,0.0,0,0,1,0,0,0,0,0,0,0,1,0,1,0,0,0,0,0,1,0,0,0,0
32,2.0,24.87,41,17.99,0,5,0.59,0.0,0.0,1.0,0,0,0,1,0,0,0,0,0,0,1,0,0,0,1,0,0,0,0,0,0,0,1
23,1.0,29.18,36,13.99,0,1,0.79,1.0,0.0,0.0,0,0,0,0,1,0,0,0,0,1,0,0,0,1,0,0,0,0,1,0,0,0,0
30,2.0,11.65,21,17.99,0,5,0.53,0.0,0.0,1.0,1,0,0,0,0,0,0,1,0,0,0,1,0,0,0,0,0,0,0,0,0,1,0
23,2.0,6.55,27,17.99,0,3,0.23,0.0,1.0,0.0,0,0,0,0,1,0,0,1,0,0,0,0,0,0,0,1,0,0,0,0,0,1,0
20,1.0,0.52,29,13.99,1,1,0.02,0.0,0.0,1.0,0,1,0,0,0,0,0,0,0,1,0,0,0,1,0,0,0,0,0,0,0,1,0
40,0.0,7.31,3,8.99,0,1,1.83,1.0,0.0,0.0,1,0,0,0,0,0,0,0,0,0,1,0,0,1,0,0,1,0,0,0,0,0,0
28,0.0,35.03,37,8.99,0,4,0.92,1.0,0.0,0.0,0,1,0,0,0,0,1,0,0,0,0,1,0,0,0,0,0,1,0,0,0,0,0
24,0.0,9.03,52,8.99,1,1,0.17,1.0,0.0,0.0,0,0,0,0,0,1,0,0,1,0,0,0,1,0,0,0,0,0,1,0,0,0,0
54,2.0,14.2,6,17.99,0,5,2.03,0.0,0.0,1.0,0,0,1,0,0,0,0,1,0,0,0,0,1,0,0,0,0,0,0,0,0,1,0
25,1.0,8.01,20,13.99,0,4,0.38,1.0,0.0,0.0,0,0,0,0,0,1,0,1,0,0,0,1,0,0,0,0,0,0,0,0,0,0,1
35,0.0,9.58,13,8.99,0,1,0.68,0.0,0.0,1.0,0,0,0,1,0,0,0,0,1,0,0,0,0,1,0,0,0,0,0,0,1,0,0
30,0.0,0.36,60,8.99,1,3,0.01,1.0,0.0,0.0,1,0,0,0,0,0,0,1,0,0,0,0,0,1,0,0,0,0,0,1,0,0,0
36,0.0,22.91,0,8.99,0,1,22.91,1.0,0.0,0.0,0,1,0,0,0,0,0,0,0,1,0,0,1,0,0,0,0,0,0,1,0,0,0
68,1.0,18.49,11,13.99,0,1,1.54,1.0,0.0,0.0,0,0,0,0,0,1,0,0,1,0,0,0,0,0,1,0,0,0,0,1,0,0,0
29,0.0,4.67,5,8.99,0,3,0.78,0.0,0.0,1.0,0,0,0,0,0,1,0,1,0,0,0,0,0,0,0,1,0,0,0,0,0,0,1
39,2.0,17.14,3,17.99,0,5,4.29,1.0,0.0,0.0,0,1,0,0,0,0,0,0,1,0,0,1,0,0,0,0,0,1,0,0,0,0,0
61,2.0,26.79,34,17.99,0,4,0.77,1.0,0.0,0.0,1,0,0,0,0,0,0,0,0,1,0,1,0,0,0,0,0,0,0,0,0,0,1
56,0.0,0.97,33,8.99,1,4,0.03,1.0,0.0,0.0,0,1,0,0,0,0,0,0,1,0,0,0,0,1,0,0,0,0,0,0,1,0,0
61,2.0,0.25,1,17.99,0,2,0.12,0.0,0.0,1.0,0,0,0,1,0,0,1,0,0,0,0,0,0,0,0,1,0,0,0,0,0,0,1
22,0.0,13.16,6,8.99,0,4,1.88,0.0,0.0,1.0,0,0,1,0,0,0,0,0,0,0,1,0,0,1,0,0,0,1,0,0,0,0,0
49,0.0,4.49,57,8.99,1,5,0.08,1.0,0.0,0.0,0,0,0,0,0,1,0,0,0,0,1,0,1,0,0,0,0,0,1,0,0,0,0
21,2.0,6.28,3,17.99,0,4,1.57,0.0,0.0,1.0,0,0,0,0,0,1,0,1,0,0,0,0,1,0,0,0,0,0,1,0,0,0,0
58,0.0,16.81,1,8.99,0,2,8.4,1.0,0.0,0.0,0,0,1,0,0,0,0,0,0,1,0,0,0,0,1,0,0,0,0,0,1,0,0
59,2.0,28.38,52,17.99,0,4,0.54,0.0,0.0,1.0,1,0,0,0,0,0,0,0,0,0,1,0,0,0,0,1,0,0,0,1,0,0,0
32,0.0,3.87,32,8.99,1,2,0.12,0.0,1.0,0.0,0,0,0,0,0,1,0,0,0,1,0,1,0,0,0,0,0,0,0,1,0,0,0
56,2.0,1.28,22,17.99,0,5,0.06,0.0,0.0,1.0,1,0,0,0,0,0,1,0,0,0,0,0,0,0,0,1,1,0,0,0,0,0,0
45,2.0,3.31,34,17.99,1,2,0.09,0.0,1.0,0.0,0,0,0,0,1,0,0,0,0,0,1,0,0,0,1,0,0,0,0,1,0,0,0
66,2.0,22.68,50,17.99,0,4,0.44,0.0,1.0,0.0,0,0,1,0,0,0,0,1,0,0,0,0,0,0,0,1,0,0,1,0,0,0,0
33,2.0,11.02,22,17.99,0,4,0.48,1.0,0.0,0.0,1,0,0,0,0,0,0,0,0,1,0,0,0,0,1,0,0,0,0,1,0,0,0
36,2.0,23.5,1,17.99,0,1,11.75,0.0,0.0,1.0,0,0,0,0,1,0,0,1,0,0,0,0,0,0,0,1,1,0,0,0,0,0,0
54,0.0,5.47,36,8.99,1,1,0.15,0.0,1.0,0.0,0,0,0,0,0,1,0,0,1,0,0,1,0,0,0,0,0,1,0,0,0,0,0
61,1.0,21.36,39,13.99,0,3,0.53,0.0,1.0,0.0,0,1,0,0,0,0,0,0,0,0,1,0,0,1,0,0,0,1,0,0,0,0,0
53,1.0,16.62,44,13.99,0,5,0.37,0.0,1.0,0.0,1,0,0,0,0,0,0,0,0,1,0,0,0,0,0,1,0,0,0,1,0,0,0
55,1.0,8.26,32,13.99,0,4,0.25,1.0,0.0,0.0,1,0,0,0,0,0,0,1,0,0,0,0,0,0,0,1,0,0,0,1,0,0,0
42,0.0,8.5,32,8.99,1,2,0.26,1.0,0.0,0.0,0,1,0,0,0,0,1,0,0,0,0,0,0,0,0,1,0,1,0,0,0,0,0
22,2.0,8.84,52,17.99,1,2,0.17,0.0,1.0,0.0,0,0,1,0,0,0,1,0,0,0,0,1,0,0,0,0,0,1,0,0,0,0,0
19,2.0,6.49,34,17.99,1,1,0.19,1.0,0.0,0.0,0,0,0,1,0,0,0,0,0,0,1,0,0,0,1,0,0,0,0,0,0,1,0
20,1.0,8.47,53,13.99,1,2,0.16,0.0,1.0,0.0,0,0,0,1,0,0,0,0,0,1,0,0,0,0,1,0,0,0,0,0,1,0,0
36,1.0,31.46,47,13.99,0,3,0.66,0.0,0.0,1.0,0,0,0,0,1,0,1,0,0,0,0,0,0,0,0,1,0,1,0,0,0,0,0
40,1.0,13.4,49,13.99,1,1,0.27,0.0,1.0,0.0,1,0,0,0,0,0,0,0,1,0,0,0,1,0,0,0,0,0,1,0,0,0,0
37,0.0,7.36,38,8.99,1,2,0.19,1.0,0.0,0.0,0,0,0,0,1,0,0,1,0,0,0,0,0,1,0,0,0,0,0,0,0,1,0
21,0.0,5.1,53,8.99,1,3,0.09,0.0,1.0,0.0,0,0,1,0,0,0,0,0,0,0,1,0,0,0,0,1,0,0,1,0,0,0,0
20,2.0,4.39,33,17.99,1,1,0.13,1.0,0.0,0.0,0,0,0,0,1,0,0,0,1,0,0,0,0,0,1,0,0,0,0,0,1,0,0
35,1.0,8.39,0,13.99,0,2,8.39,1.0,0.0,0.0,1,0,0,0,0,0,0,0,0,1,0,1,0,0,0,0,0,1,0,0,0,0,0
31,0.0,5.12,12,8.99,0,5,0.39,0.0,0.0,1.0,0,0,0,1,0,0,0,0,0,1,0,0,0,1,0,0,1,0,0,0,0,0,0
63,1.0,1.33,29,13.99,1,3,0.04,1.0,0.0,0.0,0,1,0,0,0,0,0,1,0,0,0,1,0,0,0,0,0,0,0,0,1,0,0
21,1.0,3.88,0,13.99,0,1,3.88,1.0,0.0,0.0,1,0,0,0,0,0,0,0,1,0,0,0,1,0,0,0,1,0,0,0,0,0,0
28,1.0,19.03,17,13.99,0,2,1.06,0.0,1.0,0.0,0,0,1,0,0,0,0,1,0,0,0,0,0,0,1,0,0,0,0,1,0,0,0
61,1.0,4.08,35,13.99,1,3,0.11,0.0,0.0,1.0,0,0,0,0,1,0,0,0,1,0,0,0,0,0,1,0,0,0,0,0,0,0,1
62,2.0,4.31,47,17.99,1,5,0.09,0.0,0.0,1.0,0,1,0,0,0,0,0,0,1,0,0,0,0,1,0,0,1,0,0,0,0,0,0
38,2.0,1.18,4,17.99,0,3,0.24,1.0,0.0,0.0,1,0,0,0,0,0,0,0,1,0,0,0,0,1,0,0,1,0,0,0,0,0,0
33,2.0,1.81,20,17.99,1,2,0.09,0.0,0.0,1.0,0,0,0,1,0,0,0,0,0,0,1,0,1,0,0,0,0,1,0,0,0,0,0
49,1.0,11.06,50,13.99,1,3,0.22,1.0,0.0,0.0,0,0,1,0,0,0,0,0,0,0,1,0,0,0,0,1,0,0,1,0,0,0,0
26,0.0,0.06,2,8.99,1,4,0.02,0.0,0.0,1.0,0,0,0,0,0,1,0,0,0,1,0,1,0,0,0,0,1,0,0,0,0,0,0
70,2.0,22.22,5,17.99,0,2,3.7,0.0,0.0,1.0,0,0,1,0,0,0,0,0,0,1,0,1,0,0,0,0,0,0,0,0,0,1,0
39,1.0,8.99,32,13.99,1,3,0.27,0.0,1.0,0.0,0,1,0,0,0,0,0,0,0,1,0,0,0,0,1,0,0,0,1,0,0,0,0
28,1.0,20.31,40,13.99,0,1,0.5,0.0,1.0,0.0,0,0,0,0,1,0,0,1,0,0,0,0,0,0,1,0,1,0,0,0,0,0,0
61,0.0,0.65,24,8.99,1,5,0.03,0.0,0.0,1.0,0,0,0,0,1,0,0,0,0,0,1,0,0,1,0,0,0,0,0,0,1,0,0
44,0.0,55.55,17,8.99,0,2,3.09,1.0,0.0,0.0,1,0,0,0,0,0,1,0,0,0,0,0,0,1,0,0,0,0,0,0,0,1,0
30,2.0,13.28,44,17.99,0,4,0.3,0.0,1.0,0.0,0,0,0,0,0,1,0,0,1,0,0,0,0,0,0,1,0,0,0,0,0,1,0
61,2.0,7.11,33,17.99,1,3,0.21,1.0,0.0,0.0,0,0,0,0,1,0,0,0,0,1,0,0,0,0,0,1,0,0,0,0,1,0,0
27,1.0,20.21,57,13.99,0,2,0.35,0.0,1.0,0.0,0,0,0,0,1,0,0,0,0,0,1,0,1,0,0,0,0,0,0,0,1,0,0
43,2.0,4.64,7,17.99,0,5,0.58,0.0,1.0,0.0,0,0,0,0,1,0,0,0,0,0,1,0,0,1,0,0,0,0,1,0,0,0,0
31,2.0,2.08,8,17.99,1,3,0.23,1.0,0.0,0.0,0,0,0,0,0,1,1,0,0,0,0,1,0,0,0,0,0,0,0,0,0,1,0
59,1.0,25.47,32,13.99,0,4,0.77,0.0,0.0,1.0,0,0,0,1,0,0,1,0,0,0,0,0,0,1,0,0,0,0,0,0,0,0,1
27,2.0,4.02,41,17.99,1,1,0.1,0.0,0.0,1.0,0,0,0,0,0,1,0,0,1,0,0,1,0,0,0,0,0,0,1,0,0,0,0
29,1.0,31.52,12,13.99,0,3,2.42,0.0,0.0,1.0,0,0,1,0,0,0,0,0,0,0,1,0,0,1,0,0,0,0,0,1,0,0,0
61,1.0,0.76,22,13.99,0,5,0.03,1.0,0.0,0.0,1,0,0,0,0,0,0,0,0,1,0,0,0,1,0,0,0,0,0,1,0,0,0
62,0.0,6.84,3,8.99,0,2,1.71,0.0,1.0,0.0,1,0,0,0,0,0,1,0,0,0,0,0,1,0,0,0,0,1,0,0,0,0,0
56,0.0,1.72,10,8.99,1,2,0.16,0.0,0.0,1.0,0,0,0,1,0,0,0,0,1,0,0,0,0,1,0,0,0,0,0,0,1,0,0
59,1.0,19.34,25,13.99,0,3,0.74,1.0,0.0,0.0,0,0,0,1,0,0,0,0,0,1,0,0,1,0,0,0,0,0,0,0,0,0,1
33,1.0,1.33,3,13.99,0,5,0.33,1.0,0.0,0.0,1,0,0,0,0,0,0,0,0,0,1,0,0,0,0,1,0,0,1,0,0,0,0
41,1.0,23.03,50,13.99,0,3,0.45,1.0,0.0,0.0,0,0,1,0,0,0,0,0,0,1,0,1,0,0,0,0,0,0,0,1,0,0,0
54,1.0,21.67,18,13.99,0,3,1.14,1.0,0.0,0.0,1,0,0,0,0,0,0,0,0,1,0,0,0,0,1,0,0,0,0,0,0,1,0
34,0.0,27.09,9,8.99,0,1,2.71,1.0,0.0,0.0,0,0,0,0,1,0,0,0,0,1,0,0,0,1,0,0,0,0,1,0,0,0,0
41,2.0,22.75,22,17.99,0,2,0.99,0.0,1.0,0.0,0,0,1,0,0,0,0,0,0,1,0,0,0,0,1,0,0,0,0,0,1,0,0
38,0.0,4.55,18,8.99,1,5,0.24,0.0,0.0,1.0,1,0,0,0,0,0,0,0,0,1,0,1,0,0,0,0,0,0,0,1,0,0,0
42,0.0,0.79,18,8.99,1,4,0.04,0.0,1.0,0.0,0,0,0,0,0,1,0,1,0,0,0,0,0,0,0,1,1,0,0,0,0,0,0
45,2.0,0.91,7,17.99,1,5,0.11,1.0,0.0,0.0,0,0,0,0,0,1,0,0,1,0,0,0,1,0,0,0,0,0,0,0,1,0,0
66,1.0,4.63,26,13.99,0,5,0.17,1.0,0.0,0.0,0,0,1,0,0,0,0,0,0,0,1,0,0,0,0,1,1,0,0,0,0,0,0
31,0.0,5.4,4,8.99,0,5,1.08,0.0,0.0,1.0,0,0,1,0,0,0,1,0,0,0,0,1,0,0,0,0,0,0,0,0,0,1,0
64,2.0,18.21,21,17.99,0,4,0.83,1.0,0.0,0.0,0,0,1,0,0,0,1,0,0,0,0,0,0,0,0,1,0,0,0,1,0,0,0
37,2.0,1.99,13,17.99,0,4,0.14,0.0,0.0,1.0,0,1,0,0,0,0,0,0,0,0,1,0,0,1,0,0,0,0,0,0,1,0,0
60,2.0,5.68,30,17.99,0,3,0.18,1.0,0.0,0.0,0,0,0,0,1,0,0,1,0,0,0,0,0,1,0,0,0,0,0,0,0,1,0
51,1.0,41.24,38,13.99,0,5,1.06,0.0,1.0,0.0,0,0,0,1,0,0,0,0,1,0,0,1,0,0,0,0,0,1,0,0,0,0,0
18,1.0,7.4,18,13.99,0,2,0.39,0.0,1.0,0.0,0,0,0,1,0,0,0,0,1,0,0,1,0,0,0,0,0,0,0,0,0,1,0
45,1.0,13.13,5,13.99,0,5,2.19,0.0,1.0,0.0,0,1,0,0,0,0,1,0,0,0,0,0,1,0,0,0,0,0,0,1,0,0,0
69,0.0,21.91,24,8.99,0,5,0.88,0.0,0.0,1.0,0,1,0,0,0,0,1,0,0,0,0,0,0,1,0,0,1,0,0,0,0,0,0
67,1.0,9.57,5,13.99,0,5,1.59,0.0,1.0,0.0,0,0,1,0,0,0,0,0,1,0,0,0,1,0,0,0,1,0,0,0,0,0,0
44,1.0,0.78,3,13.99,0,3,0.2,1.0,0.0,0.0,0,0,0,1,0,0,0,0,1,0,0,1,0,0,0,0,0,0,0,1,0,0,0
43,1.0,31.73,34,13.99,0,3,0.91,0.0,1.0,0.0,0,1,0,0,0,0,0,0,0,1,0,1,0,0,0,0,0,0,0,0,1,0,0
49,2.0,4.26,40,17.99,1,3,0.1,1.0,0.0,0.0,1,0,0,0,0,0,0,0,1,0,0,1,0,0,0,0,0,1,0,0,0,0,0
57,2.0,21.15,43,17.99,0,2,0.48,1.0,0.0,0.0,0,0,0,0,0,1,0,1,0,0,0,1,0,0,0,0,0,1,0,0,0,0,0
59,1.0,9.77,5,13.99,0,4,1.63,1.0,0.0,0.0,1,0,0,0,0,0,0,0,0,1,0,0,1,0,0,0,0,1,0,0,0,0,0
28,2.0,3.02,4,17.99,0,2,0.6,1.0,0.0,0.0,1,0,0,0,0,0,1,0,0,0,0,0,0,1,0,0,1,0,0,0,0,0,0
58,2.0,1.05,58,17.99,1,1,0.02,0.0,0.0,1.0,0,0,0,0,0,1,0,1,0,0,0,0,1,0,0,0,0,1,0,0,0,0,0
47,0.0,8.22,4,8.99,0,2,1.64,1.0,0.0,0.0,1,0,0,0,0,0,0,0,0,1,0,0,0,0,1,0,1,0,0,0,0,0,0
22,2.0,0.97,13,17.99,1,2,0.07,1.0,0.0,0.0,0,0,0,0,1,0,0,1,0,0,0,0,0,0,0,1,1,0,0,0,0,0,0
44,2.0,1.41,33,17.99,1,1,0.04,0.0,0.0,1.0,0,0,0,0,0,1,0,1,0,0,0,1,0,0,0,0,0,0,1,0,0,0,0
22,1.0,46.56,3,13.99,0,3,11.64,0.0,0.0,1.0,0,0,1,0,0,0,0,0,1,0,0,0,0,0,0,1,0,1,0,0,0,0,0
22,1.0,12.77,33,13.99,1,2,0.38,0.0,0.0,1.0,0,0,0,1,0,0,1,0,0,0,0,1,0,0,0,0,0,0,0,0,0,0,1
62,0.0,12.66,42,8.99,1,2,0.29,0.0,1.0,0.0,0,1,0,0,0,0,0,0,0,1,0,0,0,1,0,0,1,0,0,0,0,0,0
67,1.0,12.02,20,13.99,0,1,0.57,0.0,1.0,0.0,0,1,0,0,0,0,0,0,0,1,0,1,0,0,0,0,0,0,0,0,0,0,1
44,0.0,6.67,25,8.99,0,5,0.26,0.0,1.0,0.0,1,0,0,0,0,0,0,0,0,0,1,0,1,0,0,0,0,0,0,1,0,0,0
58,1.0,7.36,18,13.99,0,4,0.39,0.0,1.0,0.0,0,0,0,0,1,0,0,1,0,0,0,0,0,0,1,0,0,0,0,0,0,1,0
50,0.0,3.28,59,8.99,1,3,0.05,0.0,1.0,0.0,1,0,0,0,0,0,0,0,0,0,1,0,0,0,1,0,0,0,1,0,0,0,0
69,2.0,3.94,38,17.99,1,2,0.1,1.0,0.0,0.0,0,0,0,0,1,0,0,1,0,0,0,0,0,0,0,1,0,0,0,0,0,0,1
70,1.0,9.1,16,13.99,0,2,0.54,0.0,0.0,1.0,0,0,1,0,0,0,0,0,0,0,1,0,0,0,1,0,0,0,0,0,0,0,1
50,2.0,4.27,50,17.99,1,3,0.08,0.0,1.0,0.0,0,1,0,0,0,0,0,0,1,0,0,1,0,0,0,0,0,0,1,0,0,0,0
66,2.0,9.17,28,17.99,0,2,0.32,0.0,1.0,0.0,0,1,0,0,0,0,0,1,0,0,0,0,0,1,0,0,0,0,0,0,1,0,0
59,1.0,26.45,55,13.99,0,4,0.47,1.0,0.0,0.0,0,0,0,0,1,0,0,1,0,0,0,0,0,0,0,1,0,1,0,0,0,0,0
62,2.0,7.16,5,17.99,0,5,1.19,0.0,0.0,1.0,0,0,0,1,0,0,1,0,0,0,0,0,0,0,1,0,0,0,0,0,0,1,0
51,0.0,4.74,27,8.99,1,3,0.17,1.0,0.0,0.0,1,0,0,0,0,0,0,0,0,0,1,0,0,0,0,1,0,0,0,1,0,0,0
51,0.0,23.59,9,8.99,0,3,2.36,1.0,0.0,0.0,0,0,0,0,0,1,0,0,0,1,0,0,0,1,0,0,0,0,1,0,0,0,0
44,2.0,18.92,0,17.99,0,4,18.92,0.0,1.0,0.0,0,0,0,0,1,0,0,0,0,0,1,0,1,0,0,0,0,0,0,0,0,1,0
53,2.0,0.77,21,17.99,1,3,0.04,0.0,1.0,0.0,0,0,0,0,0,1,0,1,0,0,0,0,1,0,0,0,0,0,0,0,0,0,1
31,1.0,0.96,55,13.99,1,3,0.02,1.0,0.0,0.0,0,0,0,1,0,0,0,1,0,0,0,0,1,0,0,0,1,0,0,0,0,0,0
41,0.0,40.64,31,8.99,0,2,1.27,1.0,0.0,0.0,1,0,0,0,0,0,0,1,0,0,0,0,0,0,1,0,1,0,0,0,0,0,0
49,1.0,0.59,4,13.99,1,1,0.12,1.0,0.0,0.0,1,0,0,0,0,0,1,0,0,0,0,1,0,0,0,0,0,1,0,0,0,0,0
30,0.0,17.02,29,8.99,0,3,0.57,1.0,0.0,0.0,1,0,0,0,0,0,1,0,0,0,0,0,0,0,1,0,0,1,0,0,0,0,0
22,2.0,2.61,10,17.99,0,4,0.24,0.0,0.0,1.0,0,0,1,0,0,0,0,0,0,1,0,0,0,0,0,1,0,0,0,0,0,0,1
53,0.0,23.5,20,8.99,0,4,1.12,0.0,0.0,1.0,0,0,0,0,0,1,0,0,1,0,0,0,0,0,1,0,0,0,1,0,0,0,0
24,0.0,7.5,4,8.99,0,2,1.5,1.0,0.0,0.0,0,0,0,0,0,1,0,0,0,0,1,0,0,1,0,0,0,0,0,0,0,1,0
62,1.0,23.97,60,13.99,1,1,0.39,0.0,0.0,1.0,1,0,0,0,0,0,1,0,0,0,0,0,1,0,0,0,0,0,0,0,1,0,0
43,0.0,9.58,13,8.99,0,4,0.68,0.0,1.0,0.0,0,0,0,0,1,0,1,0,0,0,0,0,0,1,0,0,0,0,0,1,0,0,0
47,2.0,19.68,59,17.99,1,2,0.33,0.0,1.0,0.0,0,0,0,0,0,1,1,0,0,0,0,0,1,0,0,0,0,0,0,0,1,0,0
57,0.0,6.14,29,8.99,0,2,0.2,1.0,0.0,0.0,0,0,0,0,0,1,1,0,0,0,0,0,0,0,0,1,0,0,1,0,0,0,0
56,2.0,13.15,6,17.99,0,2,1.88,0.0,0.0,1.0,1,0,0,0,0,0,0,0,1,0,0,1,0,0,0,0,0,0,0,0,1,0,0
62,2.0,4.34,45,17.99,1,3,0.09,1.0,0.0,0.0,1,0,0,0,0,0,1,0,0,0,0,0,0,0,1,0,0,0,0,1,0,0,0
44,2.0,3.95,26,17.99,1,4,0.15,0.0,1.0,0.0,0,1,0,0,0,0,1,0,0,0,0,0,0,0,1,0,1,0,0,0,0,0,0
45,0.0,2.73,27,8.99,1,3,0.1,0.0,1.0,0.0,0,1,0,0,0,0,0,0,1,0,0,0,0,1,0,0,0,0,0,1,0,0,0
20,0.0,0.67,59,8.99,1,4,0.01,0.0,1.0,0.0,0,0,0,1,0,0,0,0,0,1,0,0,0,0,0,1,0,0,0,0,1,0,0
44,0.0,6.71,40,8.99,1,1,0.16,1.0,0.0,0.0,0,1,0,0,0,0,0,0,1,0,0,0,1,0,0,0,0,0,0,0,0,0,1
36,0.0,14.33,44,8.99,1,2,0.32,1.0,0.0,0.0,0,0,0,0,0,1,0,1,0,0,0,0,0,0,1,0,0,0,0,1,0,0,0
55,1.0,11.62,51,13.99,0,4,0.22,0.0,0.0,1.0,0,0,0,0,0,1,1,0,0,0,0,0,0,0,0,1,0,0,1,0,0,0,0
35,1.0,16.34,39,13.99,1,2,0.41,0.0,1.0,0.0,0,1,0,0,0,0,1,0,0,0,0,0,0,0,1,0,0,0,1,0,0,0,0
53,2.0,16.53,43,17.99,1,1,0.38,0.0,1.0,0.0,0,0,1,0,0,0,0,0,1,0,0,0,0,0,1,0,0,0,0,0,0,1,0
42,1.0,0.68,50,13.99,1,4,0.01,0.0,0.0,1.0,1,0,0,0,0,0,0,0,1,0,0,0,0,0,1,0,0,0,0,0,0,0,1
60,0.0,20.83,43,8.99,1,5,0.47,0.0,1.0,0.0,0,0,1,0,0,0,0,0,1,0,0,0,0,0,1,0,0,0,1,0,0,0,0
53,1.0,0.07,50,13.99,1,3,0.0,0.0,0.0,1.0,0,0,0,1,0,0,1,0,0,0,0,0,0,0,0,1,1,0,0,0,0,0,0
52,0.0,22.21,54,8.99,1,1,0.4,1.0,0.0,0.0,0,0,0,0,1,0,0,0,0,1,0,1,0,0,0,0,0,0,0,0,0,1,0
32,1.0,8.26,39,13.99,1,1,0.21,0.0,1.0,0.0,0,1,0,0,0,0,0,1,0,0,0,0,0,0,1,0,0,0,0,1,0,0,0
54,2.0,13.49,4,17.99,0,1,2.7,0.0,0.0,1.0,1,0,0,0,0,0,0,1,0,0,0,0,0,1,0,0,1,0,0,0,0,0,0
54,2.0,11.38,31,17.99,0,4,0.36,0.0,1.0,0.0,0,1,0,0,0,0,0,0,1,0,0,1,0,0,0,0,0,0,0,0,1,0,0
66,0.0,21.29,7,8.99,0,5,2.66,0.0,0.0,1.0,1,0,0,0,0,0,0,0,0,0,1,0,1,0,0,0,0,0,0,0,0,1,0
49,0.0,10.87,14,8.99,0,5,0.72,1.0,0.0,0.0,0,0,0,0,0,1,0,0,0,0,1,1,0,0,0,0,0,0,0,0,0,0,1
63,1.0,41.15,9,13.99,0,2,4.12,1.0,0.0,0.0,0,0,0,0,0,1,0,1,0,0,0,0,0,0,0,1,0,0,0,0,0,1,0
62,1.0,11.96,48,13.99,1,3,0.24,0.0,0.0,1.0,0,0,0,0,1,0,0,0,0,0,1,0,0,0,1,0,0,0,0,1,0,0,0
40,1.0,0.68,37,13.99,1,3,0.02,1.0,0.0,0.0,1,0,0,0,0,0,0,1,0,0,0,0,0,1,0,0,0,0,0,0,1,0,0
24,1.0,5.56,32,13.99,1,1,0.17,1.0,0.0,0.0,0,0,1,0,0,0,0,1,0,0,0,0,0,0,0,1,0,0,0,1,0,0,0
36,2.0,11.87,5,17.99,0,4,1.98,0.0,0.0,1.0,0,0,0,1,0,0,0,0,0,1,0,0,0,0,1,0,0,1,0,0,0,0,0
57,2.0,0.97,52,17.99,1,1,0.02,0.0,0.0,1.0,1,0,0,0,0,0,1,0,0,0,0,1,0,0,0,0,0,0,0,1,0,0,0
48,0.0,17.68,47,8.99,1,3,0.37,1.0,0.0,0.0,0,0,0,0,1,0,0,0,0,0,1,0,0,0,0,1,0,0,0,0,0,1,0
27,0.0,16.36,8,8.99,0,1,1.82,0.0,0.0,1.0,0,1,0,0,0,0,0,0,0,1,0,0,0,0,1,0,0,0,0,1,0,0,0
22,1.0,5.42,1,13.99,0,2,2.71,0.0,0.0,1.0,0,1,0,0,0,0,1,0,0,0,0,0,0,1,0,0,1,0,0,0,0,0,0
42,2.0,3.6,2,17.99,0,1,1.2,0.0,0.0,1.0,0,0,0,0,1,0,0,0,0,1,0,1,0,0,0,0,1,0,0,0,0,0,0
68,1.0,0.34,41,13.99,1,4,0.01,1.0,0.0,0.0,0,0,0,1,0,0,0,0,1,0,0,0,0,0,0,1,1,0,0,0,0,0,0
61,0.0,47.74,56,8.99,0,2,0.84,0.0,1.0,0.0,0,0,1,0,0,0,0,0,1,0,0,0,1,0,0,0,0,0,1,0,0,0,0
40,1.0,9.61,39,13.99,1,2,0.24,0.0,1.0,0.0,0,0,0,0,1,0,1,0,0,0,0,0,0,1,0,0,0,0,1,0,0,0,0
25,1.0,6.11,0,13.99,0,1,6.11,0.0,0.0,1.0,0,1,0,0,0,0,0,1,0,0,0,1,0,0,0,0,0,0,0,1,0,0,0
69,2.0,0.74,48,17.99,1,3,0.02,0.0,0.0,1.0,0,0,0,0,1,0,0,0,0,0,1,0,0,0,0,1,0,0,1,0,0,0,0
50,1.0,8.77,42,13.99,1,2,0.2,0.0,0.0,1.0,0,0,0,1,0,0,0,0,0,0,1,0,0,0,0,1,1,0,0,0,0,0,0
64,0.0,1.02,16,8.99,1,4,0.06,0.0,1.0,0.0,0,0,0,1,0,0,0,0,0,1,0,0,0,0,1,0,0,0,0,0,0,0,1
64,2.0,6.71,42,17.99,0,5,0.16,1.0,0.0,0.0,0,0,0,1,0,0,0,0,0,1,0,0,0,0,0,1,0,0,1,0,0,0,0
54,1.0,9.78,56,13.99,0,5,0.17,0.0,1.0,0.0,1,0,0,0,0,0,0,0,1,0,0,0,0,1,0,0,0,0,1,0,0,0,0
28,0.0,2.97,23,8.99,1,5,0.12,1.0,0.0,0.0,0,0,1,0,0,0,0,0,0,0,1,1,0,0,0,0,0,0,0,0,0,1,0
62,2.0,4.75,0,17.99,0,2,4.75,1.0,0.0,0.0,0,0,0,0,0,1,0,0,1,0,0,0,0,0,1,0,0,1,0,0,0,0,0
48,2.0,0.71,24,17.99,1,2,0.03,0.0,0.0,1.0,1,0,0,0,0,0,0,0,1,0,0,0,0,0,0,1,0,0,0,0,0,0,1
29,2.0,54.65,49,17.99,0,5,1.09,1.0,0.0,0.0,1,0,0,0,0,0,0,0,0,0,1,0,0,1,0,0,0,1,0,0,0,0,0
53,1.0,1.49,14,13.99,1,2,0.1,1.0,0.0,0.0,0,0,0,1,0,0,1,0,0,0,0,0,0,0,1,0,1,0,0,0,0,0,0
42,1.0,1.11,14,13.99,1,2,0.07,0.0,0.0,1.0,0,0,0,0,1,0,0,0,1,0,0,0,0,0,1,0,0,0,0,1,0,0,0
19,2.0,7.32,39,17.99,0,4,0.18,0.0,0.0,1.0,0,0,0,1,0,0,0,0,0,1,0,1,0,0,0,0,0,0,1,0,0,0,0
26,1.0,1.71,52,13.99,1,2,0.03,0.0,1.0,0.0,1,0,0,0,0,0,0,0,1,0,0,1,0,0,0,0,0,0,0,1,0,0,0
61,1.0,6.53,14,13.99,0,3,0.44,1.0,0.0,0.0,0,1,0,0,0,0,0,0,0,1,0,1,0,0,0,0,0,0,0,0,0,0,1
19,1.0,15.85,43,13.99,1,2,0.36,0.0,1.0,0.0,0,0,0,0,1,0,1,0,0,0,0,0,0,0,1,0,0,1,0,0,0,0,0
46,1.0,7.59,3,13.99,0,3,1.9,1.0,0.0,0.0,0,0,0,0,1,0,0,1,0,0,0,0,1,0,0,0,0,1,0,0,0,0,0
63,1.0,16.91,20,13.99,0,1,0.81,1.0,0.0,0.0,0,0,0,1,0,0,1,0,0,0,0,0,0,0,1,0,0,0,0,0,1,0,0
56,2.0,24.68,9,17.99,0,1,2.47,1.0,0.0,0.0,0,0,1,0,0,0,0,0,1,0,0,1,0,0,0,0,0,0,0,1,0,0,0
18,1.0,1.62,20,13.99,1,1,0.08,0.0,0.0,1.0,0,1,0,0,0,0,0,0,1,0,0,0,1,0,0,0,0,0,1,0,0,0,0
59,2.0,16.39,40,17.99,0,5,0.4,1.0,0.0,0.0,0,1,0,0,0,0,0,1,0,0,0,0,0,1,0,0,0,0,0,0,1,0,0
39,0.0,1.28,45,8.99,1,5,0.03,1.0,0.0,0.0,1,0,0,0,0,0,0,0,0,1,0,0,0,0,1,0,0,0,0,0,1,0,0
33,2.0,25.15,0,17.99,0,1,25.15,1.0,0.0,0.0,0,0,0,1,0,0,0,0,0,1,0,0,1,0,0,0,0,1,0,0,0,0,0
19,0.0,8.01,47,8.99,1,2,0.17,1.0,0.0,0.0,0,0,1,0,0,0,0,0,0,0,1,0,0,1,0,0,0,0,0,0,0,0,1
27,1.0,4.07,42,13.99,1,5,0.09,1.0,0.0,0.0,0,0,0,1,0,0,1,0,0,0,0,0,1,0,0,0,0,0,0,1,0,0,0
70,0.0,15.81,44,8.99,1,1,0.35,0.0,1.0,0.0,1,0,0,0,0,0,0,0,0,0,1,0,1,0,0,0,0,0,1,0,0,0,0
64,1.0,30.64,50,13.99,0,3,0.6,0.0,1.0,0.0,0,0,0,0,0,1,0,1,0,0,0,0,0,0,0,1,0,1,0,0,0,0,0
66,0.0,8.03,7,8.99,0,4,1.0,0.0,0.0,1.0,1,0,0,0,0,0,0,0,1,0,0,0,1,0,0,0,0,0,0,0,1,0,0
63,2.0,15.63,22,17.99,0,2,0.68,0.0,0.0,1.0,0,0,0,0,0,1,1,0,0,0,0,0,1,0,0,0,0,0,1,0,0,0,0
48,0.0,0.23,37,8.99,1,2,0.01,1.0,0.0,0.0,0,0,1,0,0,0,0,0,1,0,0,1,0,0,0,0,1,0,0,0,0,0,0
57,0.0,12.33,4,8.99,0,2,2.47,0.0,1.0,0.0,0,0,0,0,0,1,1,0,0,0,0,0,1,0,0,0,0,0,0,1,0,0,0
25,2.0,4.43,11,17.99,0,5,0.37,1.0,0.0,0.0,0,1,0,0,0,0,0,0,0,1,0,1,0,0,0,0,0,0,0,0,0,1,0
25,0.0,2.39,8,8.99,1,1,0.27,0.0,1.0,0.0,0,0,1,0,0,0,0,1,0,0,0,1,0,0,0,0,0,0,0,0,1,0,0
55,2.0,16.83,16,17.99,0,4,0.99,1.0,0.0,0.0,1,0,0,0,0,0,0,0,1,0,0,0,0,0,0,1,0,0,1,0,0,0,0
65,2.0,20.18,4,17.99,0,4,4.04,0.0,1.0,0.0,0,0,0,0,1,0,0,0,1,0,0,0,1,0,0,0,0,0,0,1,0,0,0
47,2.0,3.88,53,17.99,1,5,0.07,0.0,1.0,0.0,0,0,0,1,0,0,0,0,1,0,0,0,1,0,0,0,0,0,1,0,0,0,0
43,1.0,8.99,53,13.99,1,1,0.17,0.0,1.0,0.0,0,0,0,1,0,0,0,1,0,0,0,0,1,0,0,0,1,0,0,0,0,0,0
34,1.0,12.65,2,13.99,0,4,4.22,0.0,0.0,1.0,0,0,0,0,0,1,0,1,0,0,0,0,0,1,0,0,0,0,1,0,0,0,0
24,0.0,25.78,8,8.99,0,3,2.86,1.0,0.0,0.0,0,0,1,0,0,0,0,1,0,0,0,1,0,0,0,0,0,0,0,0,1,0,0
50,1.0,0.27,31,13.99,1,1,0.01,1.0,0.0,0.0,0,0,0,0,0,1,0,0,0,0,1,0,1,0,0,0,0,0,0,0,0,1,0
28,0.0,29.12,31,8.99,0,4,0.91,0.0,1.0,0.0,1,0,0,0,0,0,0,0,0,0,1,0,0,0,0,1,0,0,1,0,0,0,0
56,2.0,2.98,39,17.99,1,3,0.07,1.0,0.0,0.0,0,0,1,0,0,0,0,1,0,0,0,0,0,0,0,1,0,1,0,0,0,0,0
42,1.0,1.65,41,13.99,1,3,0.04,0.0,1.0,0.0,1,0,0,0,0,0,0,0,1,0,0,0,0,0,0,1,1,0,0,0,0,0,0
46,2.0,5.98,31,17.99,1,1,0.19,0.0,0.0,1.0,0,1,0,0,0,0,0,1,0,0,0,0,0,0,0,1,0,1,0,0,0,0,0
62,2.0,29.21,1,17.99,0,1,14.61,0.0,1.0,0.0,0,0,0,0,0,1,0,0,1,0,0,0,0,0,1,0,0,0,1,0,0,0,0
20,2.0,11.58,44,17.99,1,4,0.26,0.0,0.0,1.0,1,0,0,0,0,0,0,1,0,0,0,0,1,0,0,0,0,0,0,1,0,0,0
24,1.0,40.81,40,13.99,0,4,1.0,0.0,0.0,1.0,0,0,1,0,0,0,0,1,0,0,0,0,0,1,0,0,1,0,0,0,0,0,0
62,1.0,5.63,26,13.99,0,3,0.21,0.0,0.0,1.0,0,1,0,0,0,0,0,0,0,1,0,1,0,0,0,0,0,0,0,0,0,1,0
26,1.0,1.84,15,13.99,1,5,0.12,1.0,0.0,0.0,0,1,0,0,0,0,0,0,1,0,0,0,0,0,1,0,1,0,0,0,0,0,0
58,1.0,2.11,5,13.99,1,1,0.35,0.0,1.0,0.0,0,0,0,1,0,0,0,0,0,1,0,1,0,0,0,0,1,0,0,0,0,0,0
62,0.0,1.16,2,8.99,1,2,0.39,0.0,0.0,1.0,0,0,0,0,0,1,0,0,0,1,0,0,0,0,0,1,0,0,0,0,1,0,0
70,2.0,11.06,38,17.99,1,1,0.28,1.0,0.0,0.0,0,0,0,0,1,0,0,1,0,0,0,0,0,0,1,0,0,0,0,1,0,0,0
25,0.0,23.19,59,8.99,0,5,0.39,1.0,0.0,0.0,0,0,0,1,0,0,1,0,0,0,0,0,0,1,0,0,0,0,0,0,0,0,1
36,2.0,22.1,40,17.99,0,4,0.54,1.0,0.0,0.0,0,0,0,0,0,1,0,0,0,1,0,0,1,0,0,0,0,0,1,0,0,0,0
37,0.0,6.47,21,8.99,1,3,0.29,1.0,0.0,0.0,0,0,0,1,0,0,0,0,1,0,0,0,0,0,1,0,1,0,0,0,0,0,0
52,2.0,6.28,44,17.99,1,1,0.14,1.0,0.0,0.0,0,0,0,1,0,0,1,0,0,0,0,0,1,0,0,0,0,0,0,0,0,1,0
38,0.0,3.49,54,8.99,1,5,0.06,1.0,0.0,0.0,0,1,0,0,0,0,0,0,0,0,1,0,0,0,0,1,0,0,0,0,1,0,0
36,0.0,0.99,24,8.99,1,3,0.04,1.0,0.0,0.0,1,0,0,0,0,0,0,1,0,0,0,0,0,1,0,0,0,1,0,0,0,0,0
47,2.0,1.57,39,17.99,1,5,0.04,0.0,1.0,0.0,0,0,0,0,1,0,1,0,0,0,0,1,0,0,0,0,0,0,0,0,1,0,0
29,2.0,12.32,49,17.99,0,5,0.25,0.0,1.0,0.0,0,1,0,0,0,0,0,0,1,0,0,0,0,0,0,1,0,0,0,0,1,0,0
27,2.0,0.69,39,17.99,1,5,0.02,0.0,0.0,1.0,0,0,0,0,0,1,0,1,0,0,0,0,0,1,0,0,0,0,0,0,0,0,1
70,2.0,7.15,27,17.99,0,3,0.26,0.0,0.0,1.0,0,1,0,0,0,0,1,0,0,0,0,1,0,0,0,0,0,0,0,0,0,0,1
55,1.0,2.59,54,13.99,1,3,0.05,0.0,0.0,1.0,0,0,1,0,0,0,1,0,0,0,0,0,0,0,1,0,0,0,0,0,0,0,1
33,2.0,25.28,32,17.99,0,3,0.77,0.0,0.0,1.0,0,1,0,0,0,0,0,1,0,0,0,0,0,1,0,0,0,0,0,0,0,0,1
22,2.0,13.68,48,17.99,1,3,0.28,0.0,0.0,1.0,0,0,0,1,0,0,0,0,0,1,0,0,0,0,0,1,0,1,0,0,0,0,0
44,2.0,18.75,44,17.99,0,5,0.42,0.0,0.0,1.0,0,1,0,0,0,0,1,0,0,0,0,0,0,0,0,1,1,0,0,0,0,0,0
20,2.0,9.24,33,17.99,1,5,0.27,0.0,0.0,1.0,0,0,0,1,0,0,0,0,0,1,0,0,0,0,1,0,0,0,0,1,0,0,0
69,2.0,0.52,42,17.99,1,3,0.01,0.0,1.0,0.0,0,0,0,0,0,1,1,0,0,0,0,0,0,0,1,0,1,0,0,0,0,0,0
23,1.0,4.46,24,13.99,1,3,0.18,0.0,1.0,0.0,1,0,0,0,0,0,0,0,1,0,0,0,0,0,1,0,0,0,1,0,0,0,0
24,2.0,9.94,34,17.99,1,2,0.28,1.0,0.0,0.0,0,0,0,1,0,0,0,1,0,0,0,1,0,0,0,0,0,0,0,1,0,0,0
36,1.0,25.82,3,13.99,0,1,6.46,0.0,0.0,1.0,1,0,0,0,0,0,0,0,1,0,0,0,0,0,0,1,0,1,0,0,0,0,0
29,2.0,1.22,25,17.99,0,5,0.05,1.0,0.0,0.0,0,1,0,0,0,0,0,1,0,0,0,0,0,0,0,1,0,1,0,0,0,0,0
34,1.0,6.49,6,13.99,0,1,0.93,0.0,0.0,1.0,0,0,0,0,0,1,0,0,1,0,0,1,0,0,0,0,0,1,0,0,0,0,0
39,1.0,8.63,8,13.99,0,4,0.96,0.0,0.0,1.0,0,0,0,0,1,0,0,0,1,0,0,0,0,1,0,0,0,0,0,0,0,1,0
44,1.0,22.85,1,13.99,0,3,11.43,1.0,0.0,0.0,0,0,0,0,0,1,0,0,0,0,1,1,0,0,0,0,0,1,0,0,0,0,0
43,0.0,5.59,32,8.99,1,4,0.17,1.0,0.0,0.0,0,0,1,0,0,0,0,0,0,1,0,0,0,1,0,0,0,0,1,0,0,0,0
35,1.0,11.93,45,13.99,1,1,0.26,0.0,1.0,0.0,0,0,1,0,0,0,1,0,0,0,0,0,0,0,1,0,0,0,1,0,0,0,0
26,2.0,3.24,57,17.99,1,3,0.06,0.0,1.0,0.0,0,0,1,0,0,0,0,0,0,0,1,0,0,0,0,1,0,0,0,0,0,0,1
66,0.0,25.03,16,8.99,0,3,1.47,0.0,1.0,0.0,0,0,0,1,0,0,0,0,0,1,0,1,0,0,0,0,1,0,0,0,0,0,0
66,2.0,6.11,9,17.99,0,4,0.61,0.0,0.0,1.0,0,0,1,0,0,0,0,0,0,0,1,0,1,0,0,0,0,0,0,1,0,0,0
29,0.0,24.18,59,8.99,1,1,0.4,0.0,1.0,0.0,1,0,0,0,0,0,0,1,0,0,0,1,0,0,0,0,0,0,1,0,0,0,0
20,1.0,7.19,26,13.99,0,4,0.27,0.0,1.0,0.0,0,0,0,1,0,0,0,0,0,1,0,0,0,0,0,1,1,0,0,0,0,0,0
52,2.0,2.73,45,17.99,1,5,0.06,0.0,1.0,0.0,0,0,0,1,0,0,0,0,0,1,0,0,1,0,0,0,0,0,0,0,1,0,0
41,1.0,28.13,42,13.99,0,2,0.65,0.0,1.0,0.0,0,0,0,0,1,0,0,0,1,0,0,1,0,0,0,0,0,0,1,0,0,0,0
38,0.0,15.32,56,8.99,1,2,0.27,0.0,1.0,0.0,0,0,1,0,0,0,0,0,1,0,0,0,1,0,0,0,1,0,0,0,0,0,0
18,0.0,2.75,43,8.99,1,5,0.06,0.0,0.0,1.0,0,0,0,0,1,0,0,1,0,0,0,0,0,0,1,0,0,0,0,0,0,1,0
28,1.0,4.67,5,13.99,0,2,0.78,1.0,0.0,0.0,0,0,0,0,1,0,0,0,1,0,0,0,1,0,0,0,0,0,0,1,0,0,0
19,1.0,3.36,27,13.99,1,1,0.12,1.0,0.0,0.0,0,0,0,1,0,0,0,1,0,0,0,0,0,1,0,0,1,0,0,0,0,0,0
56,0.0,5.03,22,8.99,0,4,0.22,0.0,1.0,0.0,0,1,0,0,0,0,1,0,0,0,0,0,0,1,0,0,0,0,0,0,1,0,0
34,0.0,53.98,10,8.99,0,5,4.91,0.0,1.0,0.0,0,0,0,1,0,0,0,0,0,0,1,0,1,0,0,0,0,0,1,0,0,0,0
58,1.0,23.39,52,13.99,0,1,0.44,1.0,0.0,0.0,0,1,0,0,0,0,0,0,0,0,1,1,0,0,0,0,0,1,0,0,0,0,0
63,2.0,7.04,46,17.99,1,4,0.15,1.0,0.0,0.0,0,0,1,0,0,0,0,0,1,0,0,0,0,0,1,0,0,0,0,0,0,1,0
66,2.0,32.06,51,17.99,0,4,0.62,0.0,1.0,0.0,0,1,0,0,0,0,1,0,0,0,0,0,0,1,0,0,0,0,0,1,0,0,0
37,2.0,28.08,25,17.99,0,4,1.08,0.0,0.0,1.0,0,0,0,1,0,0,0,0,0,1,0,1,0,0,0,0,0,0,0,0,1,0,0
21,0.0,23.95,50,8.99,1,3,0.47,0.0,1.0,0.0,0,0,0,1,0,0,0,1,0,0,0,0,0,1,0,0,0,0,0,0,0,0,1
44,2.0,20.32,46,17.99,0,3,0.43,0.0,1.0,0.0,0,0,0,0,1,0,0,1,0,0,0,0,0,1,0,0,0,0,0,0,1,0,0
66,1.0,0.77,36,13.99,1,4,0.02,0.0,0.0,1.0,1,0,0,0,0,0,0,0,0,1,0,0,1,0,0,0,0,0,0,1,0,0,0
56,1.0,2.95,52,13.99,1,1,0.06,0.0,1.0,0.0,0,0,1,0,0,0,0,0,0,0,1,0,0,0,1,0,0,0,0,1,0,0,0
21,0.0,11.85,34,8.99,1,4,0.34,0.0,1.0,0.0,0,0,0,0,1,0,0,0,1,0,0,1,0,0,0,0,0,0,0,1,0,0,0
49,2.0,9.61,27,17.99,0,3,0.34,0.0,0.0,1.0,0,0,0,0,0,1,0,0,0,1,0,0,0,0,0,1,0,0,0,0,1,0,0
28,2.0,49.34,31,17.99,0,1,1.54,0.0,1.0,0.0,0,0,0,0,1,0,0,0,0,1,0,0,0,0,1,0,0,0,0,0,1,0,0
62,1.0,3.02,16,13.99,1,2,0.18,0.0,1.0,0.0,0,0,1,0,0,0,0,0,0,1,0,0,0,1,0,0,0,0,0,1,0,0,0
67,2.0,2.02,52,17.99,1,2,0.04,1.0,0.0,0.0,0,0,0,0,1,0,0,0,1,0,0,0,0,0,0,1,1,0,0,0,0,0,0
47,1.0,9.78,18,13.99,0,3,0.51,1.0,0.0,0.0,0,1,0,0,0,0,0,0,0,0,1,0,1,0,0,0,0,1,0,0,0,0,0
57,2.0,4.39,60,17.99,1,3,0.07,1.0,0.0,0.0,0,0,0,1,0,0,0,0,0,1,0,0,1,0,0,0,0,0,0,0,1,0,0
43,0.0,0.59,11,8.99,1,3,0.05,0.0,0.0,1.0,0,0,1,0,0,0,0,0,1,0,0,0,0,1,0,0,0,0,0,1,0,0,0
24,0.0,1.68,1,8.99,1,1,0.84,0.0,1.0,0.0,0,0,0,1,0,0,0,1,0,0,0,1,0,0,0,0,0,0,0,0,0,0,1
34,2.0,1.58,7,17.99,1,1,0.2,1.0,0.0,0.0,0,0,0,0,1,0,0,0,0,1,0,0,0,0,1,0,0,1,0,0,0,0,0
39,1.0,67.05,24,13.99,0,2,2.68,1.0,0.0,0.0,0,0,0,0,1,0,0,0,1,0,0,0,0,0,0,1,0,0,0,0,0,1,0
60,0.0,1.07,3,8.99,1,3,0.27,1.0,0.0,0.0,0,0,0,0,1,0,0,0,0,0,1,1,0,0,0,0,0,0,0,0,0,1,0
66,2.0,1.85,57,17.99,1,3,0.03,0.0,0.0,1.0,0,0,0,0,0,1,0,0,0,0,1,0,0,1,0,0,1,0,0,0,0,0,0
29,2.0,16.42,4,17.99,0,3,3.28,0.0,1.0,0.0,0,0,0,0,1,0,0,0,0,0,1,1,0,0,0,0,0,0,0,1,0,0,0
35,0.0,11.85,57,8.99,1,3,0.2,1.0,0.0,0.0,0,0,0,1,0,0,0,0,0,1,0,0,0,0,1,0,0,0,1,0,0,0,0
36,2.0,24.09,36,17.99,0,5,0.65,0.0,0.0,1.0,0,0,0,0,1,0,0,1,0,0,0,1,0,0,0,0,0,0,0,1,0,0,0
46,0.0,14.53,19,8.99,0,4,0.73,0.0,0.0,1.0,0,0,0,0,0,1,0,0,1,0,0,0,1,0,0,0,0,0,0,0,0,1,0
58,1.0,2.4,11,13.99,0,5,0.2,1.0,0.0,0.0,0,0,0,1,0,0,0,0,1,0,0,0,0,0,0,1,0,0,1,0,0,0,0
18,2.0,0.17,16,17.99,0,5,0.01,1.0,0.0,0.0,0,0,0,1,0,0,1,0,0,0,0,0,0,1,0,0,0,0,0,0,1,0,0
60,2.0,8.42,59,17.99,1,2,0.14,0.0,1.0,0.0,0,0,0,1,0,0,0,0,1,0,0,0,0,1,0,0,0,0,0,0,0,0,1
39,1.0,20.87,59,13.99,0,1,0.35,1.0,0.0,0.0,0,0,1,0,0,0,0,0,0,1,0,1,0,0,0,0,0,0,0,0,0,1,0
65,1.0,2.75,36,13.99,1,2,0.07,1.0,0.0,0.0,0,0,1,0,0,0,0,1,0,0,0,0,0,0,0,1,0,0,0,0,0,1,0
38,0.0,10.25,42,8.99,1,2,0.24,0.0,0.0,1.0,0,0,1,0,0,0,1,0,0,0,0,0,0,0,0,1,1,0,0,0,0,0,0
20,0.0,1.98,45,8.99,1,4,0.04,0.0,1.0,0.0,0,0,0,1,0,0,1,0,0,0,0,0,0,0,0,1,0,0,0,0,0,1,0
27,0.0,7.37,15,8.99,0,2,0.46,1.0,0.0,0.0,0,0,0,1,0,0,0,0,0,1,0,0,0,0,0,1,0,0,1,0,0,0,0
58,2.0,13.35,18,17.99,0,5,0.7,1.0,0.0,0.0,0,0,0,0,0,1,0,0,0,1,0,1,0,0,0,0,0,0,0,0,0,0,1
39,1.0,1.97,53,13.99,1,2,0.04,0.0,1.0,0.0,0,1,0,0,0,0,0,0,1,0,0,0,0,1,0,0,0,0,0,1,0,0,0
26,0.0,12.57,30,8.99,1,3,0.41,0.0,0.0,1.0,0,1,0,0,0,0,0,0,1,0,0,0,0,0,1,0,1,0,0,0,0,0,0
25,2.0,12.4,57,17.99,1,5,0.21,0.0,0.0,1.0,0,1,0,0,0,0,0,0,1,0,0,0,0,0,1,0,1,0,0,0,0,0,0
56,1.0,23.82,55,13.99,0,5,0.43,1.0,0.0,0.0,0,0,0,0,0,1,0,1,0,0,0,0,0,1,0,0,0,0,1,0,0,0,0
49,2.0,2.74,46,17.99,1,5,0.06,1.0,0.0,0.0,0,1,0,0,0,0,0,0,0,1,0,1,0,0,0,0,0,0,0,0,1,0,0
70,2.0,13.11,59,17.99,1,2,0.22,0.0,0.0,1.0,1,0,0,0,0,0,0,1,0,0,0,0,0,0,1,0,0,0,0,1,0,0,0
21,1.0,12.25,13,13.99,0,1,0.88,0.0,1.0,0.0,0,0,1,0,0,0,0,0,0,1,0,1,0,0,0,0,1,0,0,0,0,0,0
26,0.0,12.29,31,8.99,1,3,0.38,0.0,0.0,1.0,0,1,0,0,0,0,0,0,0,0,1,0,0,0,1,0,1,0,0,0,0,0,0
33,1.0,27.72,42,13.99,0,4,0.64,1.0,0.0,0.0,0,0,1,0,0,0,0,0,1,0,0,0,0,1,0,0,1,0,0,0,0,0,0
29,0.0,13.77,24,8.99,0,4,0.55,0.0,0.0,1.0,1,0,0,0,0,0,0,0,1,0,0,0,0,1,0,0,0,0,0,1,0,0,0
70,0.0,4.88,9,8.99,1,1,0.49,0.0,0.0,1.0,0,0,1,0,0,0,0,0,0,1,0,0,0,0,0,1,0,0,0,1,0,0,0
48,1.0,10.98,44,13.99,1,1,0.24,1.0,0.0,0.0,0,1,0,0,0,0,0,0,0,0,1,0,1,0,0,0,0,0,0,1,0,0,0
20,0.0,17.03,47,8.99,1,2,0.35,0.0,1.0,0.0,0,0,1,0,0,0,0,0,1,0,0,1,0,0,0,0,0,0,1,0,0,0,0
40,0.0,33.55,5,8.99,0,1,5.59,1.0,0.0,0.0,1,0,0,0,0,0,0,0,1,0,0,0,0,0,0,1,0,0,0,0,1,0,0
53,0.0,4.01,49,8.99,1,2,0.08,1.0,0.0,0.0,0,0,0,1,0,0,1,0,0,0,0,0,1,0,0,0,1,0,0,0,0,0,0
56,2.0,8.2,19,17.99,0,2,0.41,0.0,1.0,0.0,0,0,1,0,0,0,0,0,0,1,0,0,0,0,0,1,0,1,0,0,0,0,0
43,2.0,4.17,46,17.99,1,1,0.09,0.0,0.0,1.0,0,0,0,0,0,1,0,0,1,0,0,1,0,0,0,0,0,1,0,0,0,0,0
36,0.0,14.63,52,8.99,1,1,0.28,0.0,0.0,1.0,0,0,0,0,0,1,1,0,0,0,0,0,1,0,0,0,0,0,0,0,1,0,0
54,1.0,19.26,10,13.99,0,5,1.75,0.0,1.0,0.0,1,0,0,0,0,0,0,0,1,0,0,0,0,1,0,0,0,1,0,0,0,0,0
64,0.0,4.8,46,8.99,1,1,0.1,0.0,0.0,1.0,0,0,0,0,1,0,0,1,0,0,0,1,0,0,0,0,0,0,0,0,0,1,0
28,0.0,12.82,47,8.99,1,1,0.27,1.0,0.0,0.0,0,0,0,1,0,0,0,0,0,0,1,1,0,0,0,0,1,0,0,0,0,0,0
52,2.0,8.34,21,17.99,0,2,0.38,0.0,1.0,0.0,1,0,0,0,0,0,0,0,0,1,0,0,0,0,0,1,0,0,0,0,0,0,1
50,1.0,4.17,44,13.99,1,1,0.09,0.0,1.0,0.0,0,0,0,0,1,0,0,0,0,0,1,0,0,0,1,0,0,0,1,0,0,0,0
61,1.0,3.49,23,13.99,1,1,0.15,0.0,0.0,1.0,0,0,0,1,0,0,0,1,0,0,0,0,0,1,0,0,0,0,0,0,0,1,0
70,2.0,9.13,50,17.99,1,3,0.18,0.0,0.0,1.0,0,0,0,0,0,1,0,1,0,0,0,0,0,1,0,0,0,0,0,0,1,0,0
43,2.0,4.17,24,17.99,1,4,0.17,0.0,1.0,0.0,0,0,0,0,0,1,0,1,0,0,0,0,1,0,0,0,0,0,0,0,0,1,0
62,2.0,0.28,21,17.99,0,5,0.01,0.0,1.0,0.0,0,0,0,0,1,0,0,0,0,0,1,0,0,0,0,1,1,0,0,0,0,0,0
26,1.0,3.82,14,13.99,1,2,0.25,1.0,0.0,0.0,0,0,0,0,0,1,0,0,0,1,0,0,1,0,0,0,0,0,0,1,0,0,0
63,2.0,32.75,30,17.99,0,1,1.06,0.0,1.0,0.0,0,0,0,0,0,1,1,0,0,0,0,1,0,0,0,0,0,0,0,0,1,0,0
38,2.0,1.05,24,17.99,0,4,0.04,0.0,1.0,0.0,0,0,0,0,1,0,0,1,0,0,0,0,0,1,0,0,0,0,0,0,0,0,1
50,0.0,29.04,48,8.99,0,4,0.59,0.0,0.0,1.0,0,0,0,0,0,1,0,0,0,1,0,1,0,0,0,0,0,0,0,0,0,1,0
49,1.0,4.67,48,13.99,1,5,0.1,0.0,1.0,0.0,0,0,0,1,0,0,0,1,0,0,0,0,0,1,0,0,0,0,0,0,1,0,0
38,0.0,16.27,24,8.99,0,2,0.65,0.0,0.0,1.0,1,0,0,0,0,0,1,0,0,0,0,0,0,0,1,0,0,0,0,0,0,1,0
23,0.0,4.64,55,8.99,1,1,0.08,0.0,1.0,0.0,0,0,1,0,0,0,0,0,0,1,0,1,0,0,0,0,0,0,1,0,0,0,0
46,2.0,8.78,13,17.99,0,4,0.63,0.0,1.0,0.0,0,1,0,0,0,0,0,0,0,0,1,0,0,0,0,1,1,0,0,0,0,0,0
44,0.0,9.0,33,8.99,1,1,0.26,0.0,1.0,0.0,0,0,0,0,0,1,0,0,0,1,0,0,1,0,0,0,1,0,0,0,0,0,0
36,1.0,9.2,7,13.99,0,2,1.15,1.0,0.0,0.0,0,0,0,0,1,0,1,0,0,0,0,0,0,1,0,0,1,0,0,0,0,0,0
23,0.0,8.26,33,8.99,1,5,0.24,1.0,0.0,0.0,0,0,1,0,0,0,1,0,0,0,0,0,0,0,1,0,0,0,0,0,1,0,0
34,2.0,35.2,14,17.99,0,3,2.35,0.0,0.0,1.0,0,0,1,0,0,0,0,0,0,0,1,0,1,0,0,0,0,0,0,0,0,1,0
62,2.0,1.12,43,17.99,1,4,0.03,1.0,0.0,0.0,0,1,0,0,0,0,0,0,0,1,0,0,0,0,1,0,0,1,0,0,0,0,0
24,1.0,10.67,28,13.99,0,1,0.37,0.0,0.0,1.0,0,1,0,0,0,0,0,0,0,0,1,0,0,0,0,1,0,0,0,0,1,0,0
36,1.0,14.29,4,13.99,0,4,2.86,0.0,1.0,0.0,1,0,0,0,0,0,0,0,1,0,0,1,0,0,0,0,0,0,0,0,0,0,1
33,1.0,18.33,48,13.99,1,1,0.37,1.0,0.0,0.0,0,0,0,0,1,0,0,0,1,0,0,0,0,1,0,0,0,1,0,0,0,0,0
58,0.0,3.57,20,8.99,1,2,0.17,1.0,0.0,0.0,0,0,0,1,0,0,0,1,0,0,0,0,0,0,1,0,0,0,1,0,0,0,0
20,0.0,15.54,24,8.99,0,3,0.62,0.0,0.0,1.0,0,1,0,0,0,0,1,0,0,0,0,0,0,1,0,0,0,0,0,0,0,0,1
20,0.0,10.28,43,8.99,1,2,0.23,1.0,0.0,0.0,0,0,0,0,0,1,0,1,0,0,0,0,0,0,0,1,1,0,0,0,0,0,0
33,2.0,2.2,40,17.99,1,4,0.05,1.0,0.0,0.0,0,0,0,0,0,1,1,0,0,0,0,0,0,0,1,0,0,0,1,0,0,0,0
30,0.0,0.52,4,8.99,1,2,0.1,0.0,0.0,1.0,0,1,0,0,0,0,0,0,0,1,0,0,0,0,0,1,0,0,0,0,0,0,1
59,1.0,7.52,0,13.99,0,4,7.52,0.0,1.0,0.0,0,0,1,0,0,0,0,0,0,1,0,0,0,0,0,1,1,0,0,0,0,0,0
54,1.0,18.96,18,13.99,0,3,1.0,0.0,1.0,0.0,0,0,0,0,1,0,0,0,0,0,1,0,1,0,0,0,0,0,1,0,0,0,0
47,2.0,6.33,9,17.99,0,4,0.63,0.0,1.0,0.0,0,1,0,0,0,0,0,1,0,0,0,0,0,0,1,0,0,0,1,0,0,0,0
59,0.0,20.13,6,8.99,0,1,2.88,0.0,0.0,1.0,1,0,0,0,0,0,0,0,1,0,0,1,0,0,0,0,0,0,0,1,0,0,0
24,0.0,6.73,16,8.99,0,4,0.4,1.0,0.0,0.0,1,0,0,0,0,0,0,0,1,0,0,0,1,0,0,0,0,1,0,0,0,0,0
24,1.0,21.53,57,13.99,0,3,0.37,0.0,0.0,1.0,0,0,0,1,0,0,0,0,0,0,1,0,1,0,0,0,0,0,0,1,0,0,0
53,1.0,8.85,3,13.99,0,1,2.21,0.0,0.0,1.0,0,0,0,0,1,0,0,0,1,0,0,0,0,0,1,0,0,0,0,0,0,0,1
57,1.0,0.15,39,13.99,1,3,0.0,0.0,1.0,0.0,1,0,0,0,0,0,0,0,0,0,1,0,0,1,0,0,0,1,0,0,0,0,0
66,0.0,0.27,40,8.99,1,1,0.01,1.0,0.0,0.0,1,0,0,0,0,0,0,1,0,0,0,1,0,0,0,0,0,0,0,0,0,0,1
24,1.0,7.75,29,13.99,0,5,0.26,0.0,1.0,0.0,0,0,1,0,0,0,0,0,0,0,1,0,0,1,0,0,0,0,0,0,1,0,0
28,2.0,6.79,54,17.99,1,1,0.12,0.0,0.0,1.0,0,0,0,0,1,0,0,0,0,0,1,0,0,0,0,1,0,0,0,0,1,0,0
29,2.0,21.53,36,17.99,0,5,0.58,0.0,1.0,0.0,1,0,0,0,0,0,0,0,0,1,0,1,0,0,0,0,0,0,0,0,0,0,1
45,2.0,13.88,26,17.99,0,1,0.51,0.0,1.0,0.0,0,0,0,1,0,0,1,0,0,0,0,0,1,0,0,0,0,0,1,0,0,0,0
50,2.0,0.32,35,17.99,1,2,0.01,0.0,0.0,1.0,0,0,1,0,0,0,1,0,0,0,0,0,0,1,0,0,0,1,0,0,0,0,0
23,1.0,2.28,46,13.99,1,1,0.05,1.0,0.0,0.0,0,0,0,0,1,0,0,0,0,0,1,0,0,0,0,1,0,0,0,0,1,0,0
68,0.0,0.27,4,8.99,1,2,0.05,1.0,0.0,0.0,0,0,0,0,1,0,0,0,0,0,1,0,1,0,0,0,0,0,0,0,1,0,0
25,0.0,6.05,60,8.99,1,3,0.1,0.0,1.0,0.0,0,0,0,1,0,0,0,0,1,0,0,0,0,1,0,0,0,0,0,0,0,0,1
68,2.0,1.66,42,17.99,1,4,0.04,0.0,0.0,1.0,0,0,0,1,0,0,0,0,1,0,0,0,0,0,1,0,0,0,1,0,0,0,0
23,0.0,4.01,27,8.99,1,2,0.14,0.0,0.0,1.0,0,1,0,0,0,0,0,0,0,0,1,0,1,0,0,0,0,0,0,0,0,1,0
27,2.0,6.01,5,17.99,0,1,1.0,1.0,0.0,0.0,0,0,1,0,0,0,0,0,1,0,0,0,0,0,1,0,0,0,0,0,1,0,0
62,0.0,15.54,51,8.99,1,4,0.3,0.0,0.0,1.0,0,1,0,0,0,0,0,0,1,0,0,0,0,0,0,1,0,0,0,0,0,0,1
28,2.0,5.32,25,17.99,0,4,0.2,0.0,1.0,0.0,1,0,0,0,0,0,0,1,0,0,0,0,0,1,0,0,0,0,0,0,1,0,0
45,1.0,7.03,2,13.99,0,2,2.34,0.0,0.0,1.0,1,0,0,0,0,0,0,1,0,0,0,0,0,0,0,1,0,0,0,1,0,0,0
22,0.0,5.42,0,8.99,0,1,5.42,1.0,0.0,0.0,1,0,0,0,0,0,1,0,0,0,0,0,0,0,0,1,1,0,0,0,0,0,0
66,0.0,5.33,36,8.99,1,2,0.14,0.0,0.0,1.0,1,0,0,0,0,0,0,0,1,0,0,1,0,0,0,0,0,0,0,0,0,1,0
49,1.0,2.86,30,13.99,1,3,0.09,0.0,0.0,1.0,0,0,1,0,0,0,0,0,0,0,1,1,0,0,0,0,0,0,0,1,0,0,0
37,1.0,11.76,17,13.99,0,3,0.65,0.0,0.0,1.0,0,0,0,0,1,0,1,0,0,0,0,0,1,0,0,0,0,1,0,0,0,0,0
60,1.0,36.16,42,13.99,0,5,0.84,0.0,1.0,0.0,0,0,0,1,0,0,0,0,0,1,0,0,0,0,1,0,0,0,0,1,0,0,0
64,0.0,0.27,49,8.99,1,4,0.01,0.0,1.0,0.0,0,0,0,0,0,1,0,0,1,0,0,0,1,0,0,0,0,0,0,0,1,0,0
21,1.0,8.08,16,13.99,0,4,0.48,0.0,0.0,1.0,0,0,0,0,1,0,0,1,0,0,0,0,1,0,0,0,1,0,0,0,0,0,0
45,0.0,7.13,8,8.99,0,3,0.79,1.0,0.0,0.0,0,0,0,0,1,0,0,0,1,0,0,1,0,0,0,0,0,0,0,0,1,0,0
47,1.0,4.13,30,13.99,1,2,0.13,1.0,0.0,0.0,0,0,0,0,0,1,0,0,0,0,1,0,0,0,1,0,0,0,0,0,1,0,0
60,2.0,12.6,33,17.99,1,2,0.37,1.0,0.0,0.0,0,0,1,0,0,0,1,0,0,0,0,0,0,0,1,0,0,0,0,0,0,0,1
60,1.0,0.62,48,13.99,1,4,0.01,0.0,0.0,1.0,1,0,0,0,0,0,0,0,0,1,0,0,1,0,0,0,0,0,1,0,0,0,0
28,1.0,2.6,45,13.99,1,2,0.06,0.0,1.0,0.0,0,0,1,0,0,0,0,1,0,0,0,1,0,0,0,0,0,0,0,0,0,0,1
25,1.0,3.17,32,13.99,1,5,0.1,1.0,0.0,0.0,0,0,1,0,0,0,1,0,0,0,0,0,0,1,0,0,0,0,1,0,0,0,0
19,1.0,3.16,43,13.99,1,1,0.07,0.0,0.0,1.0,0,0,0,0,1,0,0,0,1,0,0,0,0,0,1,0,0,0,0,0,1,0,0
25,2.0,0.64,32,17.99,1,4,0.02,1.0,0.0,0.0,0,1,0,0,0,0,0,1,0,0,0,0,0,0,1,0,0,0,0,0,0,1,0
58,1.0,5.63,4,13.99,0,5,1.13,1.0,0.0,0.0,1,0,0,0,0,0,0,0,0,1,0,0,0,0,1,0,0,0,1,0,0,0,0
31,2.0,20.73,60,17.99,0,4,0.34,1.0,0.0,0.0,0,0,0,0,0,1,0,0,0,0,1,0,0,0,1,0,0,0,0,0,0,0,1
54,1.0,6.26,47,13.99,1,2,0.13,1.0,0.0,0.0,0,0,0,0,0,1,1,0,0,0,0,1,0,0,0,0,0,0,0,1,0,0,0
65,1.0,34.39,19,13.99,0,3,1.72,1.0,0.0,0.0,0,1,0,0,0,0,0,0,0,1,0,1,0,0,0,0,0,0,0,0,0,1,0
26,2.0,7.33,30,17.99,0,1,0.24,1.0,0.0,0.0,0,0,0,0,1,0,0,1,0,0,0,0,0,0,1,0,0,0,0,0,0,0,1
32,0.0,1.96,49,8.99,1,4,0.04,0.0,0.0,1.0,0,0,0,1,0,0,0,1,0,0,0,0,0,0,0,1,0,0,1,0,0,0,0
32,0.0,8.25,59,8.99,1,4,0.14,0.0,1.0,0.0,1,0,0,0,0,0,0,0,0,1,0,0,0,0,0,1,1,0,0,0,0,0,0
52,1.0,28.47,15,13.99,0,1,1.78,0.0,1.0,0.0,0,0,1,0,0,0,0,1,0,0,0,1,0,0,0,0,0,0,0,1,0,0,0
67,0.0,1.74,4,8.99,1,2,0.35,0.0,1.0,0.0,0,0,1,0,0,0,0,0,1,0,0,0,0,0,1,0,1,0,0,0,0,0,0
37,0.0,21.82,40,8.99,0,2,0.53,0.0,1.0,0.0,0,0,1,0,0,0,0,0,0,0,1,1,0,0,0,0,0,0,0,1,0,0,0
68,2.0,13.41,35,17.99,1,1,0.37,1.0,0.0,0.0,0,0,0,1,0,0,0,0,1,0,0,0,1,0,0,0,1,0,0,0,0,0,0
38,1.0,3.39,35,13.99,1,1,0.09,0.0,0.0,1.0,0,0,0,0,0,1,1,0,0,0,0,0,0,1,0,0,0,0,0,1,0,0,0
61,2.0,54.86,27,17.99,0,2,1.96,1.0,0.0,0.0,1,0,0,0,0,0,0,0,1,0,0,0,0,0,1,0,0,0,1,0,0,0,0
40,0.0,23.97,48,8.99,0,5,0.49,1.0,0.0,0.0,0,0,0,0,0,1,1,0,0,0,0,0,0,1,0,0,1,0,0,0,0,0,0
56,0.0,3.29,58,8.99,1,1,0.06,0.0,1.0,0.0,0,0,1,0,0,0,0,0,1,0,0,0,0,1,0,0,1,0,0,0,0,0,0
68,0.0,2.28,60,8.99,1,2,0.04,0.0,0.0,1.0,0,0,0,1,0,0,0,0,0,0,1,0,0,1,0,0,0,0,1,0,0,0,0
54,1.0,0.37,39,13.99,1,4,0.01,0.0,0.0,1.0,0,0,0,1,0,0,0,0,0,0,1,1,0,0,0,0,0,0,0,0,0,0,1
32,2.0,14.0,44,17.99,1,1,0.31,0.0,0.0,1.0,0,0,1,0,0,0,0,1,0,0,0,0,0,1,0,0,0,0,0,0,0,0,1
59,1.0,5.26,5,13.99,0,1,0.88,1.0,0.0,0.0,1,0,0,0,0,0,0,1,0,0,0,0,1,0,0,0,0,0,1,0,0,0,0
24,1.0,18.29,52,13.99,0,4,0.35,0.0,0.0,1.0,0,0,0,1,0,0,0,0,0,0,1,0,0,0,0,1,0,1,0,0,0,0,0
21,1.0,0.74,16,13.99,0,5,0.04,1.0,0.0,0.0,0,1,0,0,0,0,1,0,0,0,0,1,0,0,0,0,0,0,0,0,0,1,0
66,1.0,29.93,46,13.99,0,5,0.64,0.0,0.0,1.0,1,0,0,0,0,0,0,0,1,0,0,1,0,0,0,0,0,0,0,0,0,0,1
26,2.0,3.77,52,17.99,1,4,0.07,0.0,0.0,1.0,1,0,0,0,0,0,0,0,0,1,0,0,1,0,0,0,0,1,0,0,0,0,0
51,0.0,15.14,17,8.99,0,4,0.84,0.0,0.0,1.0,0,0,0,1,0,0,1,0,0,0,0,0,0,0,1,0,0,0,1,0,0,0,0
18,0.0,0.67,11,8.99,1,4,0.06,0.0,0.0,1.0,0,1,0,0,0,0,0,1,0,0,0,0,0,0,1,0,0,0,1,0,0,0,0
29,2.0,9.22,6,17.99,0,4,1.32,0.0,1.0,0.0,0,0,0,0,0,1,0,1,0,0,0,0,0,1,0,0,0,0,0,1,0,0,0
58,2.0,4.41,39,17.99,1,5,0.11,1.0,0.0,0.0,0,0,0,0,1,0,0,1,0,0,0,0,0,0,0,1,0,0,1,0,0,0,0
54,1.0,3.47,31,13.99,1,5,0.11,0.0,1.0,0.0,0,0,1,0,0,0,0,1,0,0,0,0,1,0,0,0,0,0,0,0,0,0,1
61,0.0,6.52,26,8.99,0,4,0.24,1.0,0.0,0.0,1,0,0,0,0,0,0,0,0,1,0,1,0,0,0,0,0,0,0,0,1,0,0
24,2.0,18.31,45,17.99,1,1,0.4,0.0,0.0,1.0,0,0,0,1,0,0,0,1,0,0,0,0,0,1,0,0,0,0,0,0,0,0,1
57,2.0,4.08,27,17.99,1,1,0.15,0.0,1.0,0.0,0,0,1,0,0,0,0,0,0,1,0,1,0,0,0,0,0,0,0,0,1,0,0
41,2.0,0.43,2,17.99,0,5,0.14,1.0,0.0,0.0,0,0,0,0,1,0,0,0,1,0,0,0,0,0,1,0,0,0,0,0,1,0,0
28,0.0,46.68,10,8.99,0,1,4.24,1.0,0.0,0.0,0,1,0,0,0,0,1,0,0,0,0,0,0,0,0,1,0,0,0,0,0,0,1
64,0.0,3.84,38,8.99,1,1,0.1,0.0,0.0,1.0,1,0,0,0,0,0,0,0,0,0,1,1,0,0,0,0,0,0,1,0,0,0,0
26,0.0,30.34,42,8.99,0,5,0.71,0.0,1.0,0.0,0,1,0,0,0,0,0,1,0,0,0,1,0,0,0,0,0,0,0,0,1,0,0
30,1.0,8.01,40,13.99,1,2,0.2,1.0,0.0,0.0,0,1,0,0,0,0,0,1,0,0,0,0,1,0,0,0,0,0,0,0,0,1,0
18,0.0,20.25,9,8.99,0,3,2.02,1.0,0.0,0.0,0,0,0,0,0,1,0,0,0,0,1,0,0,0,1,0,0,0,0,0,0,1,0
20,1.0,18.31,41,13.99,1,1,0.44,0.0,0.0,1.0,0,0,0,0,1,0,0,1,0,0,0,1,0,0,0,0,0,0,0,0,0,1,0
61,1.0,6.79,16,13.99,0,5,0.4,0.0,1.0,0.0,0,1,0,0,0,0,1,0,0,0,0,0,0,0,1,0,0,1,0,0,0,0,0
68,0.0,2.48,0,8.99,0,3,2.48,0.0,0.0,1.0,0,1,0,0,0,0,0,0,0,0,1,1,0,0,0,0,0,0,0,0,1,0,0
59,2.0,1.12,13,17.99,1,2,0.08,0.0,0.0,1.0,0,0,0,1,0,0,0,0,0,0,1,0,1,0,0,0,0,0,0,1,0,0,0
48,2.0,9.65,60,17.99,1,4,0.16,1.0,0.0,0.0,0,0,0,0,1,0,0,1,0,0,0,0,0,0,1,0,0,0,0,1,0,0,0
40,2.0,1.2,7,17.99,1,1,0.15,0.0,0.0,1.0,1,0,0,0,0,0,0,0,0,0,1,0,0,0,0,1,1,0,0,0,0,0,0
56,0.0,2.23,26,8.99,1,5,0.08,1.0,0.0,0.0,1,0,0,0,0,0,0,0,0,0,1,1,0,0,0,0,0,0,1,0,0,0,0
27,1.0,22.68,45,13.99,0,3,0.49,0.0,0.0,1.0,0,0,0,1,0,0,0,1,0,0,0,0,1,0,0,0,0,0,0,0,0,0,1
46,1.0,19.63,30,13.99,0,1,0.63,1.0,0.0,0.0,0,0,0,1,0,0,0,0,1,0,0,1,0,0,0,0,0,1,0,0,0,0,0
43,0.0,0.69,39,8.99,1,1,0.02,1.0,0.0,0.0,0,0,0,0,0,1,0,1,0,0,0,0,0,1,0,0,1,0,0,0,0,0,0
21,1.0,2.51,19,13.99,1,2,0.13,0.0,0.0,1.0,0,0,0,0,0,1,0,0,1,0,0,0,1,0,0,0,0,0,0,1,0,0,0
23,0.0,5.62,9,8.99,0,4,0.56,0.0,0.0,1.0,1,0,0,0,0,0,0,0,0,0,1,0,0,0,1,0,0,0,1,0,0,0,0
58,0.0,6.01,12,8.99,0,2,0.46,0.0,0.0,1.0,0,0,0,1,0,0,1,0,0,0,0,0,0,1,0,0,0,1,0,0,0,0,0
65,2.0,2.42,48,17.99,1,2,0.05,0.0,0.0,1.0,1,0,0,0,0,0,1,0,0,0,0,0,0,0,1,0,0,1,0,0,0,0,0
54,1.0,8.41,55,13.99,1,4,0.15,1.0,0.0,0.0,0,0,0,1,0,0,0,0,1,0,0,0,1,0,0,0,0,0,0,0,0,0,1
31,0.0,4.58,26,8.99,1,2,0.17,0.0,1.0,0.0,0,0,0,1,0,0,1,0,0,0,0,0,0,0,0,1,1,0,0,0,0,0,0
20,2.0,9.46,35,17.99,1,2,0.26,1.0,0.0,0.0,0,0,0,1,0,0,0,0,1,0,0,0,1,0,0,0,0,0,0,0,0,0,1
54,2.0,11.96,37,17.99,1,3,0.31,1.0,0.0,0.0,0,0,0,0,1,0,1,0,0,0,0,0,0,0,1,0,0,0,0,0,0,1,0
57,2.0,10.03,21,17.99,0,2,0.46,0.0,0.0,1.0,1,0,0,0,0,0,0,0,0,0,1,1,0,0,0,0,0,0,0,0,1,0,0
40,1.0,14.34,15,13.99,0,1,0.9,0.0,0.0,1.0,0,0,0,1,0,0,1,0,0,0,0,0,0,1,0,0,0,0,0,0,0,0,1
65,2.0,0.47,25,17.99,1,3,0.02,0.0,0.0,1.0,0,1,0,0,0,0,0,0,0,1,0,0,0,1,0,0,0,0,0,1,0,0,0
21,2.0,1.3,13,17.99,1,2,0.09,0.0,1.0,0.0,0,0,0,0,1,0,0,0,0,0,1,0,0,0,0,1,0,0,1,0,0,0,0
60,0.0,9.71,46,8.99,1,5,0.21,0.0,0.0,1.0,0,0,0,1,0,0,0,0,0,0,1,0,0,1,0,0,1,0,0,0,0,0,0
38,2.0,20.79,21,17.99,0,4,0.94,0.0,0.0,1.0,0,1,0,0,0,0,0,0,0,1,0,1,0,0,0,0,0,0,0,0,1,0,0
57,1.0,31.69,18,13.99,0,4,1.67,0.0,0.0,1.0,0,0,1,0,0,0,0,0,1,0,0,0,0,0,0,1,0,0,0,0,0,0,1
38,0.0,11.42,5,8.99,0,5,1.9,0.0,0.0,1.0,0,0,0,0,0,1,0,1,0,0,0,0,1,0,0,0,0,0,0,0,0,1,0
43,2.0,17.91,26,17.99,0,1,0.66,1.0,0.0,0.0,1,0,0,0,0,0,1,0,0,0,0,0,0,0,1,0,1,0,0,0,0,0,0
62,2.0,5.32,6,17.99,0,5,0.76,1.0,0.0,0.0,0,1,0,0,0,0,0,1,0,0,0,0,0,1,0,0,0,0,0,1,0,0,0
27,2.0,23.17,36,17.99,0,3,0.63,1.0,0.0,0.0,0,0,0,1,0,0,0,1,0,0,0,0,0,1,0,0,0,0,0,1,0,0,0
47,2.0,3.99,53,17.99,1,2,0.07,0.0,0.0,1.0,1,0,0,0,0,0,0,0,1,0,0,0,0,0,1,0,0,0,0,0,0,0,1
49,0.0,3.34,50,8.99,1,5,0.07,0.0,1.0,0.0,1,0,0,0,0,0,0,1,0,0,0,1,0,0,0,0,0,0,0,0,0,0,1
29,0.0,1.46,54,8.99,1,3,0.03,1.0,0.0,0.0,0,0,1,0,0,0,0,0,0,1,0,0,1,0,0,0,0,0,0,0,0,0,1
41,1.0,12.78,48,13.99,1,5,0.26,0.0,0.0,1.0,0,0,1,0,0,0,1,0,0,0,0,0,1,0,0,0,0,0,0,0,0,0,1
29,2.0,7.18,23,17.99,0,1,0.3,0.0,1.0,0.0,0,0,1,0,0,0,1,0,0,0,0,0,0,1,0,0,0,0,0,0,1,0,0
55,2.0,12.82,47,17.99,1,3,0.27,1.0,0.0,0.0,0,0,0,0,0,1,0,0,1,0,0,0,0,0,1,0,0,0,0,0,1,0,0
70,0.0,12.97,34,8.99,1,5,0.37,1.0,0.0,0.0,0,0,0,0,0,1,0,1,0,0,0,0,0,0,1,0,1,0,0,0,0,0,0
23,0.0,11.37,16,8.99,0,3,0.67,0.0,0.0,1.0,1,0,0,0,0,0,0,0,0,1,0,1,0,0,0,0,0,0,0,0,1,0,0
25,2.0,2.42,1,17.99,0,5,1.21,0.0,1.0,0.0,0,0,0,1,0,0,0,0,0,0,1,1,0,0,0,0,0,0,0,0,0,0,1
59,1.0,22.89,38,13.99,0,4,0.59,0.0,1.0,0.0,1,0,0,0,0,0,0,0,0,1,0,0,0,0,0,1,1,0,0,0,0,0,0
51,0.0,7.53,39,8.99,1,3,0.19,0.0,0.0,1.0,1,0,0,0,0,0,0,0,1,0,0,1,0,0,0,0,0,0,0,1,0,0,0
46,1.0,13.41,42,13.99,1,1,0.31,1.0,0.0,0.0,0,0,0,0,1,0,0,0,0,0,1,0,1,0,0,0,0,0,0,1,0,0,0
27,0.0,6.89,6,8.99,0,5,0.98,0.0,0.0,1.0,0,0,1,0,0,0,0,0,0,0,1,1,0,0,0,0,0,0,1,0,0,0,0
70,0.0,20.64,34,8.99,1,1,0.59,1.0,0.0,0.0,1,0,0,0,0,0,0,0,1,0,0,0,1,0,0,0,0,0,0,0,0,0,1
66,1.0,3.11,3,13.99,0,3,0.78,0.0,1.0,0.0,1,0,0,0,0,0,0,0,0,1,0,0,0,0,0,1,0,1,0,0,0,0,0
68,0.0,5.37,49,8.99,1,3,0.11,0.0,1.0,0.0,0,0,1,0,0,0,1,0,0,0,0,0,0,1,0,0,0,0,1,0,0,0,0
41,2.0,26.57,58,17.99,0,3,0.45,0.0,0.0,1.0,0,0,1,0,0,0,1,0,0,0,0,0,1,0,0,0,0,1,0,0,0,0,0
41,0.0,4.32,0,8.99,1,1,4.32,0.0,1.0,0.0,0,0,0,0,0,1,0,0,0,0,1,0,0,0,0,1,0,0,0,0,1,0,0
35,2.0,14.76,26,17.99,0,4,0.55,0.0,1.0,0.0,0,0,0,0,0,1,1,0,0,0,0,1,0,0,0,0,0,0,0,1,0,0,0
27,1.0,1.77,41,13.99,1,2,0.04,1.0,0.0,0.0,0,0,0,0,0,1,0,0,1,0,0,0,0,0,0,1,0,0,0,0,1,0,0
44,1.0,2.14,4,13.99,1,2,0.43,0.0,0.0,1.0,0,1,0,0,0,0,1,0,0,0,0,0,1,0,0,0,0,1,0,0,0,0,0
38,0.0,53.06,55,8.99,0,4,0.95,0.0,0.0,1.0,1,0,0,0,0,0,0,1,0,0,0,0,0,0,0,1,0,0,0,0,1,0,0
18,1.0,1.71,49,13.99,1,3,0.03,1.0,0.0,0.0,0,0,0,0,0,1,0,0,0,1,0,0,0,0,0,1,0,0,0,0,1,0,0
58,2.0,2.75,8,17.99,0,4,0.31,0.0,0.0,1.0,0,0,0,0,0,1,0,1,0,0,0,0,0,0,0,1,0,0,1,0,0,0,0
58,2.0,6.28,4,17.99,0,4,1.26,0.0,1.0,0.0,0,0,1,0,0,0,0,0,0,0,1,0,0,1,0,0,0,0,0,1,0,0,0
70,0.0,1.24,29,8.99,1,1,0.04,0.0,1.0,0.0,0,0,0,0,1,0,0,1,0,0,0,0,0,0,0,1,0,0,0,0,1,0,0
38,0.0,3.86,37,8.99,1,4,0.1,0.0,1.0,0.0,0,0,0,0,0,1,0,1,0,0,0,0,0,0,0,1,0,0,0,0,0,1,0
58,0.0,14.3,43,8.99,1,2,0.33,0.0,0.0,1.0,0,0,0,0,0,1,0,0,0,1,0,1,0,0,0,0,0,0,0,1,0,0,0
56,0.0,9.13,11,8.99,0,2,0.76,0.0,0.0,1.0,0,1,0,0,0,0,1,0,0,0,0,0,0,1,0,0,0,0,0,0,0,1,0
38,2.0,4.12,54,17.99,1,1,0.07,1.0,0.0,0.0,0,0,0,0,1,0,0,0,0,0,1,0,0,0,1,0,0,0,0,0,0,1,0
70,1.0,6.17,25,13.99,0,2,0.24,0.0,0.0,1.0,0,0,0,0,1,0,0,0,1,0,0,1,0,0,0,0,0,0,0,1,0,0,0
61,2.0,19.93,59,17.99,1,1,0.33,0.0,0.0,1.0,0,0,0,1,0,0,0,1,0,0,0,1,0,0,0,0,1,0,0,0,0,0,0
53,0.0,7.94,12,8.99,0,1,0.61,1.0,0.0,0.0,0,0,1,0,0,0,0,0,1,0,0,0,0,0,0,1,0,0,1,0,0,0,0
53,2.0,2.72,8,17.99,1,1,0.3,0.0,1.0,0.0,0,1,0,0,0,0,1,0,0,0,0,0,1,0,0,0,0,0,0,0,0,1,0
58,1.0,17.99,8,13.99,0,1,2.0,1.0,0.0,0.0,0,0,0,0,0,1,0,0,0,1,0,0,0,1,0,0,0,0,0,1,0,0,0
19,1.0,0.17,34,13.99,1,3,0.0,1.0,0.0,0.0,0,0,1,0,0,0,0,1,0,0,0,0,0,0,1,0,0,0,0,0,0,1,0
47,0.0,6.51,58,8.99,1,5,0.11,1.0,0.0,0.0,0,1,0,0,0,0,0,1,0,0,0,0,0,0,1,0,0,0,1,0,0,0,0
19,2.0,0.24,4,17.99,0,4,0.05,0.0,0.0,1.0,0,0,0,0,1,0,1,0,0,0,0,0,0,0,1,0,0,0,0,0,0,0,1
67,1.0,15.34,39,13.99,1,2,0.38,0.0,0.0,1.0,0,0,0,1,0,0,0,1,0,0,0,1,0,0,0,0,0,0,0,0,1,0,0
47,0.0,16.29,57,8.99,1,3,0.28,1.0,0.0,0.0,0,0,0,1,0,0,0,0,0,0,1,1,0,0,0,0,0,0,0,0,1,0,0
25,0.0,35.36,34,8.99,0,5,1.01,0.0,0.0,1.0,0,0,0,0,1,0,0,0,0,0,1,0,1,0,0,0,0,0,0,0,0,0,1
59,1.0,20.89,27,13.99,0,2,0.75,1.0,0.0,0.0,1,0,0,0,0,0,0,1,0,0,0,0,0,1,0,0,0,0,0,0,1,0,0
39,2.0,1.83,12,17.99,1,3,0.14,0.0,0.0,1.0,1,0,0,0,0,0,0,0,1,0,0,1,0,0,0,0,0,0,0,0,0,1,0
27,0.0,65.86,40,8.99,0,5,1.61,0.0,0.0,1.0,0,0,1,0,0,0,0,0,1,0,0,0,0,1,0,0,0,0,0,0,0,0,1
68,2.0,38.25,16,17.99,0,3,2.25,0.0,0.0,1.0,0,0,0,0,0,1,1,0,0,0,0,1,0,0,0,0,0,0,0,0,0,0,1
26,1.0,24.14,18,13.99,0,1,1.27,0.0,0.0,1.0,0,0,0,0,1,0,0,1,0,0,0,0,0,1,0,0,0,0,0,0,1,0,0
49,1.0,10.83,56,13.99,1,1,0.19,1.0,0.0,0.0,0,0,1,0,0,0,0,0,1,0,0,0,0,0,1,0,0,0,0,0,0,0,1
41,0.0,9.25,47,8.99,1,5,0.19,0.0,0.0,1.0,0,0,0,0,1,0,1,0,0,0,0,0,0,1,0,0,0,0,0,1,0,0,0
27,1.0,0.43,27,13.99,1,2,0.02,0.0,1.0,0.0,0,0,1,0,0,0,0,1,0,0,0,0,0,0,0,1,0,0,0,0,0,0,1
20,1.0,41.67,44,13.99,0,2,0.93,0.0,1.0,0.0,0,0,0,0,1,0,0,0,0,0,1,0,0,1,0,0,0,0,0,0,0,0,1
51,2.0,8.0,11,17.99,0,1,0.67,0.0,0.0,1.0,0,0,0,0,0,1,0,0,0,1,0,0,1,0,0,0,0,0,0,0,0,0,1
32,1.0,21.32,13,13.99,0,5,1.52,0.0,0.0,1.0,0,1,0,0,0,0,0,0,0,0,1,0,1,0,0,0,0,0,0,0,0,0,1
23,1.0,31.27,10,13.99,0,4,2.84,1.0,0.0,0.0,0,0,0,0,1,0,0,0,1,0,0,0,0,1,0,0,0,0,0,1,0,0,0
60,1.0,14.57,40,13.99,1,4,0.36,0.0,1.0,0.0,1,0,0,0,0,0,0,0,0,1,0,0,0,0,1,0,0,0,0,0,0,1,0
39,1.0,8.27,36,13.99,1,2,0.22,0.0,0.0,1.0,0,0,0,0,0,1,0,1,0,0,0,0,0,0,1,0,0,0,1,0,0,0,0
70,0.0,5.45,42,8.99,1,5,0.13,0.0,1.0,0.0,0,0,0,0,0,1,0,0,1,0,0,0,0,0,1,0,0,0,0,1,0,0,0
34,1.0,22.28,51,13.99,0,1,0.43,0.0,1.0,0.0,0,0,0,0,0,1,0,0,1,0,0,0,0,0,0,1,0,0,0,1,0,0,0
42,0.0,14.77,29,8.99,1,3,0.49,0.0,1.0,0.0,0,0,1,0,0,0,0,0,1,0,0,0,0,0,1,0,0,0,0,0,1,0,0
32,1.0,2.34,32,13.99,1,5,0.07,1.0,0.0,0.0,0,0,0,0,1,0,0,0,1,0,0,0,1,0,0,0,1,0,0,0,0,0,0
50,2.0,21.92,6,17.99,0,1,3.13,0.0,0.0,1.0,0,1,0,0,0,0,0,0,1,0,0,0,0,0,0,1,0,0,1,0,0,0,0
26,1.0,2.48,56,13.99,1,4,0.04,0.0,1.0,0.0,0,1,0,0,0,0,0,1,0,0,0,1,0,0,0,0,0,0,1,0,0,0,0
29,2.0,16.41,25,17.99,0,5,0.63,0.0,0.0,1.0,0,0,0,0,0,1,0,0,1,0,0,0,0,0,0,1,0,0,0,1,0,0,0
60,1.0,9.16,37,13.99,1,5,0.24,1.0,0.0,0.0,0,0,0,1,0,0,0,0,0,0,1,0,0,0,1,0,0,0,0,0,0,1,0
58,2.0,11.98,41,17.99,1,4,0.29,0.0,1.0,0.0,0,0,0,0,0,1,0,0,0,0,1,0,1,0,0,0,0,0,0,0,0,1,0
55,1.0,14.39,54,13.99,1,3,0.26,1.0,0.0,0.0,0,0,0,0,1,0,0,0,0,1,0,1,0,0,0,0,0,0,0,0,0,1,0
60,2.0,9.15,18,17.99,0,1,0.48,0.0,1.0,0.0,0,0,0,0,1,0,1,0,0,0,0,0,0,1,0,0,0,0,0,1,0,0,0
24,2.0,2.98,11,17.99,1,2,0.25,0.0,0.0,1.0,0,0,1,0,0,0,0,0,0,1,0,0,0,0,0,1,0,0,0,1,0,0,0
30,1.0,29.21,2,13.99,0,3,9.74,0.0,1.0,0.0,0,1,0,0,0,0,0,0,1,0,0,0,0,0,0,1,0,0,0,0,0,1,0
44,2.0,9.89,25,17.99,0,4,0.38,1.0,0.0,0.0,0,0,0,0,0,1,1,0,0,0,0,1,0,0,0,0,0,1,0,0,0,0,0
63,0.0,18.77,56,8.99,1,2,0.33,0.0,0.0,1.0,0,0,0,0,0,1,0,0,1,0,0,0,1,0,0,0,0,0,0,0,0,0,1
22,1.0,13.57,3,13.99,0,4,3.39,0.0,1.0,0.0,0,0,0,0,1,0,0,0,0,0,1,0,0,1,0,0,0,0,1,0,0,0,0
49,1.0,3.91,10,13.99,1,3,0.36,0.0,1.0,0.0,0,0,0,0,1,0,0,0,0,1,0,0,0,0,1,0,0,0,0,0,0,1,0
46,1.0,16.42,58,13.99,1,2,0.28,0.0,0.0,1.0,1,0,0,0,0,0,0,0,1,0,0,0,0,1,0,0,0,1,0,0,0,0,0
46,2.0,2.09,36,17.99,1,3,0.06,1.0,0.0,0.0,0,0,0,1,0,0,0,0,1,0,0,0,0,1,0,0,0,0,0,0,0,0,1
48,0.0,5.22,51,8.99,1,2,0.1,1.0,0.0,0.0,0,0,1,0,0,0,0,0,0,1,0,0,0,0,1,0,0,0,1,0,0,0,0
34,1.0,11.95,47,13.99,0,5,0.25,1.0,0.0,0.0,0,0,0,0,0,1,0,1,0,0,0,0,0,1,0,0,0,1,0,0,0,0,0
27,1.0,7.3,54,13.99,1,3,0.13,0.0,1.0,0.0,0,0,0,0,0,1,0,0,0,1,0,1,0,0,0,0,1,0,0,0,0,0,0
42,1.0,0.45,15,13.99,1,5,0.03,0.0,0.0,1.0,1,0,0,0,0,0,0,1,0,0,0,0,0,0,1,0,0,0,0,0,0,1,0
34,2.0,1.59,8,17.99,1,5,0.18,0.0,0.0,1.0,0,0,0,0,0,1,0,1,0,0,0,0,1,0,0,0,1,0,0,0,0,0,0
63,1.0,0.4,0,13.99,0,4,0.4,0.0,1.0,0.0,0,0,0,1,0,0,0,0,0,1,0,0,0,0,0,1,0,1,0,0,0,0,0
63,0.0,59.23,27,8.99,0,2,2.12,0.0,0.0,1.0,0,0,0,0,1,0,1,0,0,0,0,0,0,1,0,0,0,1,0,0,0,0,0
52,2.0,26.94,6,17.99,0,3,3.85,0.0,0.0,1.0,0,0,0,1,0,0,1,0,0,0,0,0,1,0,0,0,0,0,1,0,0,0,0
44,2.0,7.91,7,17.99,0,1,0.99,0.0,0.0,1.0,0,0,0,0,0,1,0,0,1,0,0,0,0,1,0,0,0,0,1,0,0,0,0
32,0.0,8.12,36,8.99,1,5,0.22,1.0,0.0,0.0,0,0,0,0,1,0,0,1,0,0,0,0,0,1,0,0,0,0,0,1,0,0,0
28,2.0,4.1,55,17.99,1,2,0.07,1.0,0.0,0.0,0,0,0,0,1,0,1,0,0,0,0,0,0,0,0,1,0,0,0,0,0,0,1
39,1.0,23.44,22,13.99,0,5,1.02,0.0,0.0,1.0,0,0,0,0,1,0,0,0,0,1,0,0,0,1,0,0,0,1,0,0,0,0,0
51,1.0,16.03,48,13.99,1,4,0.33,0.0,0.0,1.0,1,0,0,0,0,0,0,0,0,0,1,0,1,0,0,0,0,0,0,0,0,1,0
53,1.0,7.88,23,13.99,0,1,0.33,0.0,1.0,0.0,0,0,0,0,0,1,0,0,0,1,0,1,0,0,0,0,0,0,0,0,1,0,0
50,2.0,3.81,53,17.99,1,1,0.07,1.0,0.0,0.0,0,0,1,0,0,0,0,0,1,0,0,0,0,0,1,0,0,0,0,0,0,0,1
37,2.0,6.42,3,17.99,0,1,1.6,0.0,1.0,0.0,0,0,0,1,0,0,0,1,0,0,0,0,0,1,0,0,0,1,0,0,0,0,0
69,0.0,33.34,42,8.99,0,3,0.78,1.0,0.0,0.0,0,1,0,0,0,0,0,1,0,0,0,0,0,0,1,0,0,0,0,0,0,1,0
26,1.0,20.2,46,13.99,0,5,0.43,1.0,0.0,0.0,0,0,0,1,0,0,1,0,0,0,0,0,1,0,0,0,0,0,0,0,0,0,1
38,0.0,23.78,1,8.99,0,2,11.89,1.0,0.0,0.0,0,0,0,0,1,0,1,0,0,0,0,1,0,0,0,0,1,0,0,0,0,0,0
50,0.0,7.86,55,8.99,1,1,0.14,0.0,0.0,1.0,0,1,0,0,0,0,0,0,0,1,0,0,0,0,1,0,0,0,0,1,0,0,0
61,1.0,4.69,45,13.99,1,3,0.1,0.0,0.0,1.0,0,1,0,0,0,0,0,0,1,0,0,0,1,0,0,0,0,0,0,0,1,0,0
54,2.0,6.83,53,17.99,0,4,0.13,0.0,0.0,1.0,0,0,0,0,1,0,0,0,0,1,0,0,0,1,0,0,0,0,1,0,0,0,0
66,0.0,56.24,2,8.99,0,4,18.75,0.0,1.0,0.0,0,0,0,1,0,0,0,1,0,0,0,1,0,0,0,0,0,0,0,0,0,1,0
39,0.0,17.35,29,8.99,0,4,0.58,1.0,0.0,0.0,0,0,0,0,0,1,0,0,0,0,1,0,0,0,0,1,0,0,0,0,1,0,0
27,0.0,4.61,42,8.99,1,2,0.11,0.0,1.0,0.0,0,1,0,0,0,0,0,0,1,0,0,0,1,0,0,0,0,1,0,0,0,0,0
62,0.0,9.41,31,8.99,1,1,0.29,1.0,0.0,0.0,0,1,0,0,0,0,0,0,0,1,0,1,0,0,0,0,0,0,0,1,0,0,0
22,2.0,7.49,29,17.99,0,2,0.25,0.0,1.0,0.0,0,0,1,0,0,0,0,0,1,0,0,0,0,0,1,0,0,0,0,0,0,1,0
61,1.0,39.09,5,13.99,0,1,6.52,1.0,0.0,0.0,0,0,1,0,0,0,0,0,0,0,1,0,0,0,0,1,0,0,1,0,0,0,0
49,0.0,25.4,47,8.99,0,4,0.53,0.0,0.0,1.0,0,0,0,1,0,0,0,1,0,0,0,0,1,0,0,0,0,0,1,0,0,0,0
32,2.0,18.28,10,17.99,0,4,1.66,1.0,0.0,0.0,0,0,0,0,0,1,1,0,0,0,0,1,0,0,0,0,1,0,0,0,0,0,0
49,2.0,6.23,12,17.99,0,2,0.48,0.0,0.0,1.0,0,0,1,0,0,0,0,1,0,0,0,0,0,1,0,0,0,0,0,1,0,0,0
38,1.0,1.21,21,13.99,0,4,0.06,0.0,1.0,0.0,0,0,0,0,0,1,0,0,0,1,0,0,0,0,0,1,0,0,0,0,0,1,0
29,1.0,0.48,29,13.99,1,3,0.02,0.0,1.0,0.0,0,1,0,0,0,0,0,0,0,1,0,0,0,1,0,0,1,0,0,0,0,0,0
47,2.0,14.8,43,17.99,1,3,0.34,1.0,0.0,0.0,0,0,1,0,0,0,0,0,0,1,0,1,0,0,0,0,0,0,0,0,0,1,0
56,0.0,1.22,23,8.99,1,5,0.05,0.0,0.0,1.0,0,0,0,1,0,0,0,0,0,1,0,0,0,0,0,1,0,0,0,0,1,0,0
23,1.0,7.45,41,13.99,1,3,0.18,0.0,0.0,1.0,0,1,0,0,0,0,1,0,0,0,0,0,1,0,0,0,1,0,0,0,0,0,0
28,2.0,15.45,44,17.99,1,4,0.34,0.0,1.0,0.0,0,0,0,0,0,1,1,0,0,0,0,0,1,0,0,0,0,0,0,1,0,0,0
19,1.0,0.95,22,13.99,1,2,0.04,0.0,1.0,0.0,0,1,0,0,0,0,0,1,0,0,0,1,0,0,0,0,0,0,1,0,0,0,0
52,0.0,34.13,32,8.99,0,3,1.03,1.0,0.0,0.0,0,0,0,0,0,1,1,0,0,0,0,0,1,0,0,0,0,1,0,0,0,0,0
62,2.0,10.02,33,17.99,1,2,0.29,0.0,0.0,1.0,1,0,0,0,0,0,0,0,0,1,0,0,0,0,0,1,0,1,0,0,0,0,0
28,0.0,48.58,10,8.99,0,2,4.42,0.0,1.0,0.0,0,0,0,1,0,0,0,1,0,0,0,0,0,1,0,0,0,0,0,1,0,0,0
43,2.0,7.18,14,17.99,0,5,0.48,1.0,0.0,0.0,0,0,1,0,0,0,0,0,1,0,0,0,0,0,1,0,0,0,0,0,0,1,0
62,0.0,12.0,27,8.99,1,2,0.43,1.0,0.0,0.0,0,1,0,0,0,0,0,0,0,1,0,0,1,0,0,0,0,0,0,1,0,0,0
45,1.0,13.11,8,13.99,0,1,1.46,0.0,1.0,0.0,0,1,0,0,0,0,0,1,0,0,0,0,0,0,1,0,0,0,0,0,0,0,1
68,0.0,1.91,57,8.99,1,3,0.03,1.0,0.0,0.0,1,0,0,0,0,0,1,0,0,0,0,0,0,1,0,0,0,0,0,0,0,0,1
24,0.0,0.17,25,8.99,1,5,0.01,0.0,0.0,1.0,0,0,0,0,0,1,0,0,0,1,0,0,0,1,0,0,0,1,0,0,0,0,0
45,0.0,6.78,23,8.99,0,2,0.28,0.0,1.0,0.0,0,1,0,0,0,0,0,1,0,0,0,0,0,0,0,1,0,0,0,0,0,0,1
64,1.0,46.62,48,13.99,0,3,0.95,0.0,1.0,0.0,0,1,0,0,0,0,0,1,0,0,0,0,0,0,0,1,0,0,0,0,1,0,0
21,0.0,1.31,10,8.99,1,2,0.12,1.0,0.0,0.0,0,0,0,0,0,1,0,0,1,0,0,0,0,1,0,0,0,1,0,0,0,0,0
66,0.0,0.83,30,8.99,1,5,0.03,0.0,0.0,1.0,0,0,1,0,0,0,0,1,0,0,0,0,0,0,0,1,0,1,0,0,0,0,0
59,2.0,4.67,13,17.99,0,5,0.33,1.0,0.0,0.0,0,0,0,0,1,0,0,0,1,0,0,0,0,0,0,1,1,0,0,0,0,0,0
25,2.0,48.76,47,17.99,0,1,1.02,0.0,0.0,1.0,0,0,0,1,0,0,0,1,0,0,0,0,1,0,0,0,0,0,0,0,0,1,0
55,0.0,3.76,22,8.99,1,4,0.16,0.0,1.0,0.0,0,1,0,0,0,0,1,0,0,0,0,0,1,0,0,0,0,0,0,0,0,1,0
46,0.0,0.49,35,8.99,1,3,0.01,1.0,0.0,0.0,1,0,0,0,0,0,0,0,1,0,0,0,0,0,1,0,0,0,0,1,0,0,0
41,0.0,10.68,14,8.99,0,5,0.71,0.0,1.0,0.0,0,0,1,0,0,0,0,1,0,0,0,0,0,0,1,0,0,0,0,1,0,0,0
63,2.0,15.93,31,17.99,0,3,0.5,1.0,0.0,0.0,0,0,0,0,1,0,0,0,1,0,0,0,0,0,0,1,0,0,1,0,0,0,0
27,2.0,11.44,54,17.99,1,3,0.21,0.0,1.0,0.0,0,0,0,0,0,1,0,1,0,0,0,0,1,0,0,0,0,0,0,0,1,0,0
50,2.0,4.6,6,17.99,0,4,0.66,0.0,1.0,0.0,0,0,0,1,0,0,0,0,0,0,1,0,0,0,0,1,0,0,0,0,0,0,1
42,1.0,27.93,59,13.99,0,4,0.47,1.0,0.0,0.0,0,1,0,0,0,0,0,0,0,1,0,0,1,0,0,0,0,0,0,0,1,0,0
60,1.0,0.76,59,13.99,1,2,0.01,1.0,0.0,0.0,0,0,0,1,0,0,1,0,0,0,0,1,0,0,0,0,0,0,0,0,0,1,0
22,2.0,3.24,5,17.99,0,4,0.54,0.0,0.0,1.0,0,0,0,0,0,1,0,1,0,0,0,0,0,0,1,0,0,0,0,0,0,1,0
67,2.0,5.4,3,17.99,0,2,1.35,1.0,0.0,0.0,0,1,0,0,0,0,0,0,1,0,0,0,0,0,0,1,0,0,0,0,0,0,1
50,2.0,1.21,44,17.99,1,1,0.03,0.0,0.0,1.0,0,0,1,0,0,0,0,0,0,0,1,1,0,0,0,0,1,0,0,0,0,0,0
64,2.0,15.0,24,17.99,0,2,0.6,0.0,0.0,1.0,0,1,0,0,0,0,1,0,0,0,0,0,1,0,0,0,0,0,1,0,0,0,0
26,2.0,5.22,24,17.99,0,5,0.21,1.0,0.0,0.0,0,1,0,0,0,0,0,1,0,0,0,0,0,0,1,0,1,0,0,0,0,0,0
37,2.0,0.52,37,17.99,1,4,0.01,1.0,0.0,0.0,0,0,0,1,0,0,0,0,0,1,0,0,0,0,0,1,0,0,1,0,0,0,0
64,1.0,8.35,32,13.99,1,2,0.25,0.0,1.0,0.0,1,0,0,0,0,0,0,0,0,1,0,1,0,0,0,0,1,0,0,0,0,0,0
32,1.0,13.49,8,13.99,0,4,1.5,1.0,0.0,0.0,1,0,0,0,0,0,1,0,0,0,0,0,0,0,1,0,0,0,0,0,0,0,1
39,2.0,3.98,39,17.99,1,3,0.1,0.0,0.0,1.0,0,1,0,0,0,0,0,0,0,0,1,0,0,1,0,0,0,0,0,1,0,0,0
66,1.0,0.24,13,13.99,1,5,0.02,0.0,1.0,0.0,0,0,0,0,1,0,0,0,0,0,1,0,1,0,0,0,1,0,0,0,0,0,0
57,2.0,20.0,41,17.99,1,2,0.48,0.0,1.0,0.0,0,0,0,0,0,1,0,1,0,0,0,0,0,1,0,0,0,0,0,1,0,0,0
53,0.0,20.8,27,8.99,0,5,0.74,1.0,0.0,0.0,0,1,0,0,0,0,0,0,1,0,0,0,0,0,1,0,0,1,0,0,0,0,0
36,0.0,0.95,41,8.99,1,5,0.02,0.0,0.0,1.0,0,0,0,1,0,0,1,0,0,0,0,0,0,0,1,0,0,0,1,0,0,0,0
67,2.0,3.33,11,17.99,1,3,0.28,1.0,0.0,0.0,0,0,1,0,0,0,0,0,1,0,0,0,1,0,0,0,1,0,0,0,0,0,0
32,0.0,5.21,9,8.99,0,2,0.52,0.0,0.0,1.0,0,1,0,0,0,0,0,1,0,0,0,0,0,0,1,0,0,0,0,0,0,1,0
48,2.0,8.82,1,17.99,0,5,4.41,0.0,1.0,0.0,0,0,0,0,0,1,0,1,0,0,0,0,0,0,0,1,0,0,0,0,0,1,0
32,0.0,3.15,26,8.99,1,2,0.12,1.0,0.0,0.0,0,0,0,1,0,0,0,1,0,0,0,0,0,1,0,0,0,1,0,0,0,0,0
50,2.0,75.9,40,17.99,0,5,1.85,0.0,0.0,1.0,0,0,0,0,0,1,0,0,1,0,0,0,1,0,0,0,1,0,0,0,0,0,0
55,2.0,3.27,21,17.99,1,1,0.15,1.0,0.0,0.0,0,0,0,0,0,1,0,0,0,1,0,0,0,0,0,1,1,0,0,0,0,0,0
41,0.0,4.15,39,8.99,1,5,0.1,0.0,0.0,1.0,0,1,0,0,0,0,0,1,0,0,0,0,0,0,0,1,0,1,0,0,0,0,0
34,2.0,13.49,51,17.99,1,1,0.26,0.0,1.0,0.0,0,0,0,0,0,1,0,0,0,0,1,0,0,1,0,0,0,0,0,0,1,0,0
26,2.0,26.05,42,17.99,0,4,0.61,1.0,0.0,0.0,0,0,0,0,0,1,0,0,0,0,1,0,1,0,0,0,0,0,0,0,0,0,1
59,2.0,8.86,35,17.99,0,5,0.25,1.0,0.0,0.0,1,0,0,0,0,0,0,1,0,0,0,0,0,1,0,0,0,0,0,1,0,0,0
58,2.0,8.74,49,17.99,1,1,0.17,1.0,0.0,0.0,1,0,0,0,0,0,0,1,0,0,0,0,0,1,0,0,0,0,0,0,0,1,0
22,0.0,0.8,35,8.99,1,1,0.02,0.0,1.0,0.0,0,0,0,0,1,0,0,0,0,1,0,0,0,0,1,0,0,0,0,0,0,0,1
44,0.0,16.91,23,8.99,0,4,0.7,0.0,0.0,1.0,1,0,0,0,0,0,0,0,1,0,0,0,1,0,0,0,0,0,0,0,0,1,0
62,0.0,7.12,10,8.99,0,1,0.65,0.0,1.0,0.0,0,0,0,1,0,0,1,0,0,0,0,0,0,0,1,0,0,0,0,1,0,0,0
20,1.0,5.68,54,13.99,1,3,0.1,1.0,0.0,0.0,0,0,0,1,0,0,0,0,0,1,0,0,0,0,1,0,0,0,0,0,0,0,1
49,0.0,18.19,23,8.99,0,3,0.76,1.0,0.0,0.0,0,0,1,0,0,0,0,0,1,0,0,0,0,0,1,0,0,0,0,0,0,0,1
52,2.0,10.14,42,17.99,0,5,0.24,0.0,1.0,0.0,0,0,1,0,0,0,0,1,0,0,0,1,0,0,0,0,0,0,0,1,0,0,0
69,2.0,20.85,57,17.99,0,4,0.36,0.0,0.0,1.0,0,0,0,1,0,0,0,1,0,0,0,0,0,0,1,0,0,0,0,1,0,0,0
55,2.0,14.3,32,17.99,1,5,0.43,0.0,0.0,1.0,1,0,0,0,0,0,0,0,0,1,0,0,0,0,1,0,0,0,0,1,0,0,0
51,1.0,18.3,56,13.99,1,3,0.32,1.0,0.0,0.0,1,0,0,0,0,0,0,0,0,1,0,0,0,1,0,0,0,0,0,0,1,0,0
32,2.0,3.64,12,17.99,0,4,0.28,1.0,0.0,0.0,0,0,1,0,0,0,0,0,0,0,1,1,0,0,0,0,0,0,0,1,0,0,0
53,2.0,1.25,37,17.99,1,5,0.03,1.0,0.0,0.0,0,1,0,0,0,0,0,0,1,0,0,0,0,0,0,1,1,0,0,0,0,0,0
44,0.0,3.72,37,8.99,1,1,0.1,1.0,0.0,0.0,0,0,0,0,1,0,0,0,0,1,0,0,0,1,0,0,0,0,1,0,0,0,0
25,0.0,1.27,43,8.99,1,2,0.03,0.0,1.0,0.0,0,1,0,0,0,0,0,0,1,0,0,0,0,1,0,0,0,0,0,0,0,0,1
60,2.0,2.52,32,17.99,1,4,0.08,0.0,1.0,0.0,0,1,0,0,0,0,0,0,0,0,1,0,0,0,0,1,0,0,0,1,0,0,0
68,1.0,1.68,33,13.99,1,3,0.05,0.0,1.0,0.0,1,0,0,0,0,0,1,0,0,0,0,1,0,0,0,0,0,0,0,1,0,0,0
22,2.0,0.43,23,17.99,0,4,0.02,0.0,0.0,1.0,0,0,1,0,0,0,0,0,0,0,1,1,0,0,0,0,0,0,0,0,1,0,0
43,0.0,50.47,37,8.99,0,4,1.33,0.0,1.0,0.0,1,0,0,0,0,0,0,1,0,0,0,0,0,1,0,0,0,0,0,0,0,0,1
65,0.0,3.46,48,8.99,1,4,0.07,1.0,0.0,0.0,0,0,0,0,1,0,0,0,0,0,1,1,0,0,0,0,0,0,0,1,0,0,0
38,0.0,5.46,5,8.99,0,2,0.91,0.0,1.0,0.0,0,0,0,0,1,0,0,0,0,1,0,0,0,0,1,0,0,0,0,0,1,0,0
61,2.0,2.22,43,17.99,1,4,0.05,0.0,0.0,1.0,0,1,0,0,0,0,0,0,0,1,0,0,0,0,1,0,0,0,1,0,0,0,0
68,2.0,27.23,53,17.99,0,3,0.5,1.0,0.0,0.0,0,0,0,1,0,0,1,0,0,0,0,0,0,0,1,0,0,0,1,0,0,0,0
54,1.0,8.18,36,13.99,1,2,0.22,0.0,1.0,0.0,0,0,0,0,1,0,0,0,1,0,0,1,0,0,0,0,0,0,1,0,0,0,0
28,2.0,4.6,16,17.99,0,4,0.27,0.0,1.0,0.0,0,0,0,0,0,1,0,0,1,0,0,0,0,0,0,1,1,0,0,0,0,0,0
54,0.0,12.13,50,8.99,1,1,0.24,0.0,0.0,1.0,0,0,0,0,0,1,0,0,0,0,1,0,1,0,0,0,0,0,0,0,0,1,0
63,0.0,3.65,55,8.99,1,5,0.07,1.0,0.0,0.0,0,0,0,0,0,1,1,0,0,0,0,0,1,0,0,0,0,1,0,0,0,0,0
59,0.0,10.87,31,8.99,1,4,0.34,0.0,0.0,1.0,0,0,0,0,0,1,0,1,0,0,0,0,0,1,0,0,0,1,0,0,0,0,0
54,0.0,30.06,37,8.99,0,2,0.79,0.0,0.0,1.0,0,0,0,0,1,0,0,0,0,1,0,0,0,0,1,0,1,0,0,0,0,0,0
62,2.0,2.68,55,17.99,1,1,0.05,0.0,1.0,0.0,1,0,0,0,0,0,0,0,0,1,0,0,0,0,1,0,1,0,0,0,0,0,0
54,1.0,15.72,0,13.99,0,5,15.72,1.0,0.0,0.0,1,0,0,0,0,0,0,0,1,0,0,0,0,0,0,1,0,0,0,0,0,1,0
37,1.0,2.31,28,13.99,1,1,0.08,0.0,1.0,0.0,0,1,0,0,0,0,0,1,0,0,0,0,0,0,0,1,0,0,0,0,1,0,0
64,1.0,22.72,32,13.99,0,1,0.69,0.0,1.0,0.0,0,0,0,1,0,0,0,1,0,0,0,0,0,0,0,1,0,0,0,0,0,1,0
26,2.0,4.76,27,17.99,1,4,0.17,0.0,0.0,1.0,0,0,0,0,1,0,0,0,1,0,0,0,1,0,0,0,0,0,1,0,0,0,0
41,2.0,2.74,19,17.99,1,3,0.14,0.0,0.0,1.0,0,1,0,0,0,0,0,1,0,0,0,0,0,1,0,0,0,0,0,0,0,0,1
60,1.0,17.42,27,13.99,0,5,0.62,1.0,0.0,0.0,0,1,0,0,0,0,1,0,0,0,0,1,0,0,0,0,1,0,0,0,0,0,0
56,2.0,10.22,56,17.99,0,5,0.18,1.0,0.0,0.0,1,0,0,0,0,0,0,0,0,1,0,0,0,1,0,0,0,0,0,1,0,0,0
20,2.0,5.12,18,17.99,0,1,0.27,0.0,0.0,1.0,0,0,0,0,1,0,1,0,0,0,0,0,0,0,0,1,1,0,0,0,0,0,0
19,2.0,2.3,1,17.99,0,3,1.15,1.0,0.0,0.0,0,0,0,0,0,1,0,0,1,0,0,0,1,0,0,0,0,1,0,0,0,0,0
20,1.0,1.45,0,13.99,0,5,1.45,1.0,0.0,0.0,0,0,0,1,0,0,0,0,0,0,1,0,0,0,1,0,0,0,0,0,1,0,0
57,2.0,19.3,42,17.99,1,4,0.45,1.0,0.0,0.0,0,0,1,0,0,0,1,0,0,0,0,0,0,0,1,0,0,0,0,0,0,1,0
61,2.0,34.86,23,17.99,0,3,1.45,0.0,1.0,0.0,0,0,0,0,1,0,0,0,1,0,0,0,1,0,0,0,0,0,1,0,0,0,0
24,1.0,4.89,58,13.99,1,2,0.08,0.0,0.0,1.0,0,0,0,0,0,1,0,0,1,0,0,0,0,1,0,0,1,0,0,0,0,0,0
47,1.0,24.11,31,13.99,0,3,0.75,0.0,0.0,1.0,0,0,1,0,0,0,0,1,0,0,0,0,0,0,0,1,0,0,0,0,0,0,1
68,1.0,81.07,42,13.99,0,1,1.89,1.0,0.0,0.0,0,0,0,1,0,0,0,1,0,0,0,0,0,1,0,0,0,0,1,0,0,0,0
40,0.0,0.86,5,8.99,1,2,0.14,0.0,0.0,1.0,0,0,0,0,1,0,0,0,0,0,1,0,0,1,0,0,0,0,1,0,0,0,0
42,2.0,1.91,44,17.99,1,1,0.04,0.0,1.0,0.0,0,0,1,0,0,0,0,0,1,0,0,0,1,0,0,0,1,0,0,0,0,0,0
59,0.0,14.32,47,8.99,1,1,0.3,0.0,0.0,1.0,0,0,0,0,0,1,0,1,0,0,0,1,0,0,0,0,0,0,0,0,1,0,0
59,0.0,0.09,25,8.99,1,2,0.0,0.0,0.0,1.0,0,0,1,0,0,0,0,1,0,0,0,0,1,0,0,0,0,0,0,0,0,0,1
33,2.0,9.68,57,17.99,1,1,0.17,0.0,1.0,0.0,0,1,0,0,0,0,0,1,0,0,0,0,0,0,1,0,0,0,1,0,0,0,0
24,1.0,13.71,51,13.99,1,1,0.26,0.0,1.0,0.0,0,0,0,0,1,0,0,0,1,0,0,0,0,1,0,0,0,0,0,0,1,0,0
45,2.0,11.99,54,17.99,1,2,0.22,1.0,0.0,0.0,0,0,0,1,0,0,1,0,0,0,0,1,0,0,0,0,0,0,0,0,1,0,0
48,2.0,7.18,53,17.99,0,4,0.13,0.0,1.0,0.0,0,1,0,0,0,0,0,0,0,0,1,0,0,1,0,0,0,1,0,0,0,0,0
39,1.0,31.83,2,13.99,0,5,10.61,0.0,1.0,0.0,1,0,0,0,0,0,0,0,1,0,0,0,1,0,0,0,0,0,0,0,1,0,0
25,1.0,7.26,43,13.99,1,1,0.17,0.0,1.0,0.0,0,0,0,0,1,0,1,0,0,0,0,0,0,0,0,1,1,0,0,0,0,0,0
64,2.0,3.51,30,17.99,0,5,0.11,0.0,1.0,0.0,0,0,1,0,0,0,0,0,0,0,1,0,0,0,0,1,1,0,0,0,0,0,0
25,2.0,16.61,34,17.99,0,4,0.47,0.0,1.0,0.0,0,0,0,0,1,0,0,0,1,0,0,0,0,1,0,0,0,1,0,0,0,0,0
59,0.0,6.96,4,8.99,0,2,1.39,1.0,0.0,0.0,0,1,0,0,0,0,0,0,0,1,0,0,0,0,0,1,0,0,0,0,1,0,0
64,2.0,15.22,4,17.99,0,1,3.04,0.0,1.0,0.0,0,0,0,1,0,0,0,1,0,0,0,0,0,0,1,0,0,0,1,0,0,0,0
62,2.0,4.99,10,17.99,1,2,0.45,0.0,0.0,1.0,0,0,0,1,0,0,0,0,0,1,0,0,0,1,0,0,0,1,0,0,0,0,0
57,1.0,3.73,5,13.99,0,2,0.62,0.0,1.0,0.0,0,0,1,0,0,0,0,1,0,0,0,0,0,0,0,1,0,1,0,0,0,0,0
24,2.0,30.8,19,17.99,0,5,1.54,1.0,0.0,0.0,0,0,1,0,0,0,0,0,1,0,0,1,0,0,0,0,0,0,0,0,0,1,0
51,0.0,36.62,43,8.99,0,4,0.83,0.0,0.0,1.0,0,0,0,1,0,0,0,1,0,0,0,1,0,0,0,0,0,0,0,0,1,0,0
69,0.0,4.81,22,8.99,1,2,0.21,1.0,0.0,0.0,0,0,0,0,0,1,0,0,0,1,0,0,0,0,1,0,1,0,0,0,0,0,0
20,1.0,4.28,14,13.99,0,5,0.29,1.0,0.0,0.0,0,0,0,1,0,0,0,0,0,0,1,0,0,1,0,0,0,0,0,0,0,0,1
46,1.0,10.98,20,13.99,0,5,0.52,1.0,0.0,0.0,1,0,0,0,0,0,0,0,1,0,0,0,0,0,1,0,0,0,0,0,0,0,1
21,2.0,3.06,24,17.99,0,4,0.12,0.0,1.0,0.0,0,0,0,1,0,0,0,0,1,0,0,0,0,0,0,1,0,0,0,0,0,1,0
56,1.0,16.86,34,13.99,1,2,0.48,0.0,0.0,1.0,0,0,0,0,0,1,0,0,0,1,0,1,0,0,0,0,1,0,0,0,0,0,0
40,1.0,9.41,46,13.99,1,3,0.2,0.0,0.0,1.0,1,0,0,0,0,0,0,0,0,1,0,0,1,0,0,0,0,0,0,1,0,0,0
21,0.0,54.56,11,8.99,0,5,4.55,0.0,0.0,1.0,0,0,0,1,0,0,1,0,0,0,0,1,0,0,0,0,0,0,0,0,0,1,0
18,2.0,1.61,29,17.99,1,1,0.05,0.0,1.0,0.0,0,1,0,0,0,0,0,0,1,0,0,0,0,0,0,1,0,0,0,1,0,0,0
18,2.0,0.38,37,17.99,1,5,0.01,1.0,0.0,0.0,0,0,0,1,0,0,0,0,0,1,0,0,1,0,0,0,1,0,0,0,0,0,0
31,2.0,0.54,16,17.99,1,1,0.03,1.0,0.0,0.0,0,0,0,1,0,0,1,0,0,0,0,1,0,0,0,0,0,0,0,0,0,0,1
45,0.0,5.8,39,8.99,1,4,0.14,0.0,1.0,0.0,0,0,0,1,0,0,0,0,1,0,0,0,0,1,0,0,0,0,1,0,0,0,0
33,1.0,6.15,13,13.99,0,5,0.44,1.0,0.0,0.0,0,0,0,1,0,0,0,0,0,0,1,0,0,0,1,0,0,0,0,0,1,0,0
33,1.0,3.98,49,13.99,1,4,0.08,1.0,0.0,0.0,0,0,0,0,1,0,0,0,0,0,1,0,0,1,0,0,0,0,0,1,0,0,0
31,2.0,1.9,31,17.99,1,1,0.06,0.0,1.0,0.0,0,0,1,0,0,0,0,0,1,0,0,0,0,0,1,0,0,0,0,0,1,0,0
18,2.0,7.93,60,17.99,0,4,0.13,0.0,0.0,1.0,0,0,0,0,1,0,0,0,1,0,0,0,0,1,0,0,0,0,1,0,0,0,0
29,1.0,1.23,50,13.99,1,3,0.02,0.0,1.0,0.0,0,1,0,0,0,0,1,0,0,0,0,0,0,0,0,1,0,1,0,0,0,0,0
46,0.0,8.69,35,8.99,1,1,0.24,0.0,0.0,1.0,0,0,0,0,1,0,0,0,0,1,0,0,0,0,1,0,0,1,0,0,0,0,0
60,0.0,21.16,23,8.99,0,5,0.88,0.0,1.0,0.0,0,0,1,0,0,0,0,0,0,1,0,1,0,0,0,0,0,0,0,0,0,1,0
52,1.0,8.61,45,13.99,1,3,0.19,0.0,0.0,1.0,0,0,0,1,0,0,0,0,1,0,0,0,1,0,0,0,0,0,0,0,1,0,0
30,1.0,14.41,51,13.99,1,1,0.28,0.0,0.0,1.0,0,1,0,0,0,0,0,0,0,0,1,0,0,0,1,0,0,1,0,0,0,0,0
25,1.0,1.36,4,13.99,0,5,0.27,0.0,1.0,0.0,0,0,0,1,0,0,0,1,0,0,0,0,0,0,1,0,0,0,0,0,0,1,0
33,0.0,0.03,51,8.99,1,1,0.0,1.0,0.0,0.0,0,0,0,1,0,0,0,1,0,0,0,1,0,0,0,0,0,0,0,0,1,0,0
63,1.0,45.57,53,13.99,0,4,0.84,1.0,0.0,0.0,0,0,1,0,0,0,1,0,0,0,0,0,0,1,0,0,0,0,0,0,0,1,0
21,0.0,19.21,57,8.99,1,4,0.33,0.0,0.0,1.0,0,1,0,0,0,0,0,1,0,0,0,0,0,0,1,0,0,0,1,0,0,0,0
46,1.0,0.83,12,13.99,1,4,0.06,0.0,0.0,1.0,0,0,0,0,0,1,0,0,1,0,0,0,1,0,0,0,0,1,0,0,0,0,0
21,1.0,9.39,41,13.99,0,5,0.22,1.0,0.0,0.0,0,0,0,0,0,1,0,0,1,0,0,0,0,0,0,1,0,0,0,1,0,0,0
49,2.0,3.31,59,17.99,1,1,0.06,1.0,0.0,0.0,0,0,1,0,0,0,0,1,0,0,0,0,0,0,0,1,0,0,0,0,0,0,1
55,2.0,0.87,48,17.99,1,4,0.02,0.0,1.0,0.0,0,1,0,0,0,0,0,0,0,0,1,0,0,1,0,0,1,0,0,0,0,0,0
39,2.0,2.99,46,17.99,1,4,0.06,0.0,0.0,1.0,0,0,1,0,0,0,0,0,0,0,1,0,1,0,0,0,0,0,0,0,0,1,0
67,2.0,15.71,20,17.99,0,5,0.75,1.0,0.0,0.0,0,0,0,1,0,0,0,0,1,0,0,1,0,0,0,0,0,0,0,0,0,0,1
55,1.0,55.93,43,13.99,0,1,1.27,0.0,1.0,0.0,0,1,0,0,0,0,0,0,0,1,0,0,0,0,1,0,1,0,0,0,0,0,0
19,0.0,40.16,20,8.99,0,3,1.91,1.0,0.0,0.0,0,0,0,0,1,0,1,0,0,0,0,0,0,0,0,1,1,0,0,0,0,0,0
65,2.0,11.56,18,17.99,0,1,0.61,0.0,1.0,0.0,0,0,0,0,0,1,1,0,0,0,0,0,1,0,0,0,0,0,0,0,0,0,1
34,0.0,7.93,60,8.99,1,1,0.13,1.0,0.0,0.0,0,1,0,0,0,0,1,0,0,0,0,0,1,0,0,0,1,0,0,0,0,0,0
58,1.0,23.72,34,13.99,0,4,0.68,1.0,0.0,0.0,0,0,0,1,0,0,0,0,0,0,1,0,0,0,0,1,0,1,0,0,0,0,0
25,2.0,17.57,16,17.99,0,4,1.03,1.0,0.0,0.0,0,0,0,0,1,0,0,0,0,0,1,0,0,0,0,1,0,1,0,0,0,0,0
65,1.0,0.53,1,13.99,0,5,0.27,1.0,0.0,0.0,0,0,1,0,0,0,0,1,0,0,0,1,0,0,0,0,0,0,0,0,0,0,1
65,2.0,27.63,8,17.99,0,5,3.07,0.0,0.0,1.0,0,1,0,0,0,0,0,0,0,1,0,0,1,0,0,0,0,0,0,0,0,1,0
28,2.0,50.96,23,17.99,0,3,2.12,0.0,1.0,0.0,0,0,0,1,0,0,0,0,1,0,0,0,1,0,0,0,0,0,0,0,1,0,0
57,0.0,3.09,43,8.99,1,5,0.07,0.0,1.0,0.0,0,0,0,0,0,1,0,0,1,0,0,0,0,1,0,0,0,0,0,0,1,0,0
64,1.0,1.09,37,13.99,1,5,0.03,0.0,0.0,1.0,0,0,0,0,0,1,0,1,0,0,0,1,0,0,0,0,0,0,1,0,0,0,0
66,1.0,10.25,28,13.99,0,4,0.35,0.0,0.0,1.0,0,0,0,1,0,0,1,0,0,0,0,0,0,1,0,0,0,1,0,0,0,0,0
29,2.0,17.56,13,17.99,0,3,1.25,0.0,1.0,0.0,0,1,0,0,0,0,0,0,0,1,0,0,0,1,0,0,0,0,0,0,0,1,0
66,2.0,32.92,33,17.99,0,4,0.97,0.0,1.0,0.0,0,1,0,0,0,0,0,0,1,0,0,0,0,1,0,0,0,0,0,1,0,0,0
24,0.0,1.71,3,8.99,1,3,0.43,1.0,0.0,0.0,1,0,0,0,0,0,0,0,1,0,0,0,1,0,0,0,0,0,0,0,0,0,1
36,0.0,18.51,11,8.99,0,3,1.54,0.0,0.0,1.0,0,0,0,0,0,1,0,0,0,1,0,0,0,1,0,0,0,0,0,0,0,0,1
51,1.0,13.68,3,13.99,0,4,3.42,1.0,0.0,0.0,1,0,0,0,0,0,1,0,0,0,0,0,0,0,0,1,0,0,1,0,0,0,0
23,2.0,11.61,38,17.99,1,3,0.3,0.0,0.0,1.0,0,0,0,1,0,0,0,0,1,0,0,1,0,0,0,0,0,0,0,0,1,0,0
66,2.0,14.44,48,17.99,1,3,0.29,0.0,0.0,1.0,1,0,0,0,0,0,0,0,0,1,0,0,1,0,0,0,0,1,0,0,0,0,0
29,1.0,8.31,30,13.99,0,1,0.27,0.0,0.0,1.0,0,1,0,0,0,0,0,0,1,0,0,0,0,0,0,1,1,0,0,0,0,0,0
32,0.0,11.48,34,8.99,1,1,0.33,1.0,0.0,0.0,0,0,0,0,1,0,0,0,0,0,1,0,0,1,0,0,0,0,0,0,1,0,0
43,2.0,1.99,17,17.99,1,5,0.11,0.0,1.0,0.0,1,0,0,0,0,0,0,0,0,1,0,0,1,0,0,0,1,0,0,0,0,0,0
61,1.0,8.12,56,13.99,0,4,0.14,0.0,0.0,1.0,1,0,0,0,0,0,0,0,0,1,0,1,0,0,0,0,0,0,0,0,1,0,0
44,0.0,1.4,58,8.99,1,5,0.02,0.0,0.0,1.0,0,1,0,0,0,0,0,0,0,1,0,0,0,1,0,0,0,0,0,1,0,0,0
35,1.0,4.13,32,13.99,1,1,0.13,0.0,1.0,0.0,1,0,0,0,0,0,0,0,0,1,0,1,0,0,0,0,0,0,0,0,1,0,0
67,0.0,23.72,49,8.99,1,5,0.47,1.0,0.0,0.0,0,0,0,0,1,0,1,0,0,0,0,0,0,0,1,0,0,0,1,0,0,0,0
67,1.0,8.12,26,13.99,0,3,0.3,1.0,0.0,0.0,0,0,0,0,0,1,0,0,0,1,0,1,0,0,0,0,0,0,0,1,0,0,0
46,1.0,1.24,60,13.99,1,5,0.02,0.0,0.0,1.0,0,0,1,0,0,0,0,0,0,1,0,0,0,1,0,0,0,0,0,0,1,0,0
41,1.0,22.67,51,13.99,0,2,0.44,0.0,0.0,1.0,0,0,0,1,0,0,1,0,0,0,0,0,0,0,0,1,0,0,1,0,0,0,0
28,0.0,13.35,17,8.99,0,1,0.74,1.0,0.0,0.0,0,0,0,1,0,0,0,0,0,0,1,0,0,0,0,1,0,1,0,0,0,0,0
48,2.0,25.07,29,17.99,0,4,0.84,0.0,0.0,1.0,0,0,0,1,0,0,0,0,0,0,1,1,0,0,0,0,0,0,0,1,0,0,0
62,1.0,5.47,31,13.99,1,1,0.17,1.0,0.0,0.0,0,0,0,0,0,1,0,0,0,1,0,0,0,1,0,0,0,0,0,0,0,0,1
29,0.0,11.65,22,8.99,0,2,0.51,0.0,1.0,0.0,0,1,0,0,0,0,0,1,0,0,0,0,0,0,0,1,0,1,0,0,0,0,0
40,0.0,1.79,14,8.99,1,1,0.12,1.0,0.0,0.0,0,0,0,0,0,1,0,1,0,0,0,0,0,0,0,1,0,0,1,0,0,0,0
35,0.0,5.61,18,8.99,1,2,0.3,1.0,0.0,0.0,0,0,1,0,0,0,0,0,1,0,0,0,1,0,0,0,0,0,0,0,1,0,0
35,1.0,3.26,39,13.99,1,2,0.08,1.0,0.0,0.0,0,0,1,0,0,0,0,0,0,0,1,0,0,1,0,0,0,0,0,1,0,0,0
42,1.0,3.67,13,13.99,1,3,0.26,1.0,0.0,0.0,0,0,0,0,1,0,0,0,0,1,0,0,0,1,0,0,1,0,0,0,0,0,0
24,2.0,1.12,55,17.99,1,5,0.02,0.0,1.0,0.0,0,1,0,0,0,0,0,0,0,0,1,0,1,0,0,0,0,0,1,0,0,0,0
38,2.0,15.94,54,17.99,1,2,0.29,1.0,0.0,0.0,0,0,0,0,1,0,1,0,0,0,0,0,1,0,0,0,1,0,0,0,0,0,0
26,2.0,8.32,48,17.99,1,5,0.17,0.0,0.0,1.0,1,0,0,0,0,0,0,1,0,0,0,0,1,0,0,0,0,0,0,0,0,0,1
65,2.0,22.68,40,17.99,0,2,0.55,1.0,0.0,0.0,0,0,1,0,0,0,0,0,0,0,1,0,1,0,0,0,0,0,0,0,1,0,0
24,2.0,0.58,57,17.99,1,3,0.01,0.0,1.0,0.0,0,0,1,0,0,0,0,0,0,0,1,0,0,0,0,1,0,0,0,0,0,0,1
56,0.0,11.81,14,8.99,0,2,0.79,0.0,0.0,1.0,0,1,0,0,0,0,0,1,0,0,0,0,0,0,0,1,0,0,0,1,0,0,0
34,0.0,0.95,44,8.99,1,4,0.02,1.0,0.0,0.0,0,1,0,0,0,0,0,0,1,0,0,0,0,0,0,1,1,0,0,0,0,0,0
26,2.0,0.67,8,17.99,0,4,0.07,1.0,0.0,0.0,0,1,0,0,0,0,0,1,0,0,0,0,0,1,0,0,0,0,0,0,0,0,1
56,2.0,3.67,19,17.99,0,5,0.18,0.0,0.0,1.0,0,1,0,0,0,0,0,0,0,1,0,0,0,1,0,0,1,0,0,0,0,0,0
57,1.0,16.97,55,13.99,1,4,0.3,1.0,0.0,0.0,0,1,0,0,0,0,0,0,0,1,0,0,0,0,1,0,0,1,0,0,0,0,0
54,1.0,8.61,11,13.99,0,3,0.72,0.0,0.0,1.0,1,0,0,0,0,0,0,0,0,0,1,0,0,0,1,0,0,0,0,0,0,1,0
48,2.0,4.15,53,17.99,1,4,0.08,0.0,1.0,0.0,1,0,0,0,0,0,0,1,0,0,0,1,0,0,0,0,0,0,1,0,0,0,0
38,0.0,6.63,24,8.99,1,3,0.27,1.0,0.0,0.0,0,0,1,0,0,0,0,0,1,0,0,0,1,0,0,0,0,0,0,1,0,0,0
70,0.0,13.01,32,8.99,1,2,0.39,1.0,0.0,0.0,0,1,0,0,0,0,0,0,0,1,0,0,1,0,0,0,0,1,0,0,0,0,0
53,1.0,20.82,13,13.99,0,2,1.49,1.0,0.0,0.0,0,1,0,0,0,0,0,1,0,0,0,1,0,0,0,0,0,0,0,0,0,1,0
48,2.0,5.85,3,17.99,0,4,1.46,1.0,0.0,0.0,0,0,0,1,0,0,0,0,0,0,1,1,0,0,0,0,1,0,0,0,0,0,0
63,0.0,8.83,13,8.99,0,4,0.63,1.0,0.0,0.0,0,1,0,0,0,0,0,1,0,0,0,0,1,0,0,0,0,0,0,0,0,0,1
67,2.0,31.33,29,17.99,0,2,1.04,1.0,0.0,0.0,0,0,0,1,0,0,0,0,1,0,0,0,0,0,1,0,0,0,0,0,1,0,0
54,0.0,0.5,54,8.99,1,1,0.01,0.0,0.0,1.0,0,1,0,0,0,0,1,0,0,0,0,0,1,0,0,0,0,1,0,0,0,0,0
59,2.0,8.39,59,17.99,1,3,0.14,0.0,1.0,0.0,1,0,0,0,0,0,0,0,1,0,0,0,0,1,0,0,0,0,0,0,1,0,0
22,0.0,18.39,44,8.99,1,1,0.41,0.0,0.0,1.0,1,0,0,0,0,0,0,0,0,1,0,1,0,0,0,0,0,1,0,0,0,0,0
24,0.0,12.03,28,8.99,0,4,0.41,1.0,0.0,0.0,0,1,0,0,0,0,0,0,1,0,0,0,0,1,0,0,0,1,0,0,0,0,0
69,0.0,0.64,21,8.99,1,1,0.03,1.0,0.0,0.0,0,0,0,0,0,1,0,0,1,0,0,0,0,0,0,1,0,0,0,1,0,0,0
24,1.0,3.9,32,13.99,1,5,0.12,1.0,0.0,0.0,0,0,0,0,0,1,0,0,0,1,0,0,0,0,0,1,0,0,0,0,0,0,1
64,0.0,4.86,33,8.99,1,5,0.14,0.0,0.0,1.0,0,0,0,0,0,1,0,0,0,1,0,0,0,1,0,0,0,0,1,0,0,0,0
57,2.0,28.21,1,17.99,0,5,14.11,1.0,0.0,0.0,0,1,0,0,0,0,1,0,0,0,0,0,1,0,0,0,0,0,1,0,0,0,0
45,0.0,10.01,46,8.99,1,3,0.21,0.0,0.0,1.0,0,1,0,0,0,0,0,0,1,0,0,0,0,0,0,1,0,1,0,0,0,0,0
34,0.0,4.45,60,8.99,1,4,0.07,1.0,0.0,0.0,0,0,0,1,0,0,0,1,0,0,0,0,0,0,1,0,1,0,0,0,0,0,0
18,2.0,33.81,5,17.99,0,2,5.64,1.0,0.0,0.0,0,1,0,0,0,0,0,0,0,1,0,0,1,0,0,0,0,0,0,0,0,1,0
21,2.0,9.85,54,17.99,1,1,0.18,0.0,0.0,1.0,0,0,0,0,0,1,1,0,0,0,0,0,0,1,0,0,1,0,0,0,0,0,0
63,1.0,6.37,48,13.99,0,5,0.13,1.0,0.0,0.0,0,1,0,0,0,0,0,0,1,0,0,1,0,0,0,0,0,0,0,0,0,1,0
23,1.0,24.23,52,13.99,0,2,0.46,0.0,0.0,1.0,1,0,0,0,0,0,0,0,0,1,0,0,0,0,1,0,0,0,1,0,0,0,0
57,0.0,52.8,0,8.99,0,2,52.8,0.0,0.0,1.0,0,0,1,0,0,0,0,0,0,0,1,0,0,0,0,1,0,0,0,0,0,0,1
63,0.0,15.77,2,8.99,0,4,5.26,0.0,0.0,1.0,0,0,1,0,0,0,0,0,0,0,1,0,0,0,0,1,0,0,0,1,0,0,0
69,0.0,13.94,32,8.99,1,1,0.42,0.0,0.0,1.0,0,0,0,1,0,0,0,0,0,1,0,0,0,0,0,1,1,0,0,0,0,0,0
64,1.0,2.56,3,13.99,0,4,0.64,1.0,0.0,0.0,0,0,0,1,0,0,0,1,0,0,0,0,0,1,0,0,0,0,1,0,0,0,0
65,1.0,1.55,1,13.99,0,2,0.78,0.0,1.0,0.0,0,1,0,0,0,0,0,1,0,0,0,0,0,1,0,0,0,0,0,0,1,0,0
32,2.0,4.46,40,17.99,1,1,0.11,1.0,0.0,0.0,0,0,0,0,0,1,0,0,1,0,0,0,1,0,0,0,0,1,0,0,0,0,0
53,2.0,7.98,20,17.99,0,3,0.38,0.0,1.0,0.0,0,0,1,0,0,0,1,0,0,0,0,1,0,0,0,0,1,0,0,0,0,0,0
23,1.0,9.6,54,13.99,1,4,0.17,0.0,0.0,1.0,0,1,0,0,0,0,0,1,0,0,0,0,0,0,1,0,1,0,0,0,0,0,0
28,2.0,3.16,8,17.99,1,1,0.35,1.0,0.0,0.0,0,0,1,0,0,0,0,0,0,0,1,0,1,0,0,0,0,0,0,0,1,0,0
69,2.0,1.85,33,17.99,1,2,0.05,0.0,0.0,1.0,0,0,0,0,1,0,0,1,0,0,0,0,0,1,0,0,0,0,0,1,0,0,0
21,1.0,14.71,11,13.99,0,1,1.23,0.0,0.0,1.0,0,1,0,0,0,0,0,1,0,0,0,0,1,0,0,0,0,0,0,0,0,0,1
29,2.0,0.19,54,17.99,1,2,0.0,1.0,0.0,0.0,0,0,1,0,0,0,0,0,1,0,0,0,0,0,0,1,0,0,0,1,0,0,0
21,2.0,20.0,22,17.99,0,5,0.87,0.0,1.0,0.0,0,0,0,1,0,0,0,1,0,0,0,0,0,1,0,0,0,0,0,0,0,0,1
32,0.0,12.51,30,8.99,0,2,0.4,0.0,1.0,0.0,0,0,0,0,0,1,0,0,1,0,0,0,0,0,0,1,0,0,0,0,0,1,0
47,1.0,26.18,8,13.99,0,1,2.91,0.0,1.0,0.0,0,0,0,1,0,0,0,0,0,1,0,0,0,1,0,0,1,0,0,0,0,0,0
66,1.0,12.19,24,13.99,0,1,0.49,0.0,1.0,0.0,0,0,0,0,1,0,0,0,0,0,1,0,0,1,0,0,1,0,0,0,0,0,0
60,0.0,17.3,36,8.99,1,3,0.47,0.0,1.0,0.0,0,0,1,0,0,0,0,0,0,0,1,0,0,0,1,0,0,0,0,1,0,0,0
18,2.0,17.83,37,17.99,0,4,0.47,0.0,1.0,0.0,0,1,0,0,0,0,0,1,0,0,0,1,0,0,0,0,1,0,0,0,0,0,0
46,0.0,7.08,23,8.99,0,5,0.29,0.0,1.0,0.0,0,1,0,0,0,0,1,0,0,0,0,1,0,0,0,0,1,0,0,0,0,0,0
25,2.0,22.64,14,17.99,0,2,1.51,0.0,1.0,0.0,1,0,0,0,0,0,1,0,0,0,0,0,0,0,0,1,0,0,0,0,1,0,0
51,0.0,26.04,8,8.99,0,1,2.89,0.0,1.0,0.0,0,0,0,0,0,1,0,1,0,0,0,1,0,0,0,0,0,0,0,0,0,1,0
39,2.0,12.07,15,17.99,0,1,0.75,1.0,0.0,0.0,0,0,0,0,0,1,1,0,0,0,0,0,0,1,0,0,0,0,1,0,0,0,0
69,0.0,6.06,30,8.99,0,4,0.2,0.0,1.0,0.0,0,0,1,0,0,0,0,0,0,1,0,1,0,0,0,0,0,0,0,0,0,1,0
55,0.0,24.21,35,8.99,0,1,0.67,1.0,0.0,0.0,0,0,0,0,1,0,0,1,0,0,0,0,0,0,0,1,0,0,0,1,0,0,0
20,1.0,3.19,53,13.99,1,4,0.06,0.0,0.0,1.0,0,0,0,0,0,1,0,0,0,0,1,0,0,0,1,0,0,0,0,0,0,0,1
20,2.0,39.85,26,17.99,0,1,1.48,0.0,1.0,0.0,0,0,1,0,0,0,1,0,0,0,0,0,0,1,0,0,0,0,0,0,1,0,0
31,1.0,31.29,9,13.99,0,4,3.13,0.0,0.0,1.0,0,0,0,0,0,1,0,0,0,1,0,0,1,0,0,0,0,0,1,0,0,0,0
18,1.0,11.81,9,13.99,0,4,1.18,1.0,0.0,0.0,0,0,0,0,0,1,0,0,1,0,0,1,0,0,0,0,0,0,0,0,1,0,0
58,0.0,6.1,26,8.99,0,2,0.23,0.0,0.0,1.0,0,0,0,0,1,0,0,0,0,0,1,1,0,0,0,0,0,1,0,0,0,0,0
37,2.0,26.5,12,17.99,0,5,2.04,0.0,0.0,1.0,0,0,0,0,0,1,0,0,0,0,1,0,0,1,0,0,0,0,0,1,0,0,0
23,1.0,10.77,23,13.99,0,3,0.45,0.0,1.0,0.0,0,0,0,1,0,0,0,1,0,0,0,0,0,0,0,1,0,0,0,0,0,0,1
46,1.0,4.68,11,13.99,1,5,0.39,1.0,0.0,0.0,1,0,0,0,0,0,0,0,0,0,1,0,0,0,1,0,0,1,0,0,0,0,0
22,1.0,17.8,54,13.99,1,1,0.32,0.0,1.0,0.0,0,0,0,1,0,0,1,0,0,0,0,0,0,1,0,0,1,0,0,0,0,0,0
36,1.0,2.79,10,13.99,1,1,0.25,0.0,0.0,1.0,0,0,1,0,0,0,1,0,0,0,0,0,0,0,1,0,0,0,0,0,0,0,1
51,2.0,8.6,9,17.99,0,1,0.86,1.0,0.0,0.0,0,0,1,0,0,0,0,0,0,1,0,0,0,0,1,0,0,0,0,0,0,0,1
60,1.0,4.57,60,13.99,1,3,0.07,0.0,0.0,1.0,0,0,0,0,1,0,0,0,0,1,0,0,0,0,1,0,0,0,0,0,0,1,0
37,1.0,2.43,6,13.99,0,5,0.35,0.0,1.0,0.0,0,0,0,1,0,0,0,0,0,0,1,0,1,0,0,0,0,0,0,0,0,1,0
55,1.0,43.73,28,13.99,0,4,1.51,0.0,1.0,0.0,0,0,0,1,0,0,0,1,0,0,0,0,0,0,0,1,0,0,0,0,1,0,0
22,2.0,21.47,51,17.99,0,3,0.41,0.0,1.0,0.0,0,0,0,0,0,1,0,0,0,1,0,0,0,0,0,1,0,0,0,0,0,0,1
18,2.0,16.89,33,17.99,0,4,0.5,0.0,0.0,1.0,0,0,0,0,0,1,0,1,0,0,0,0,0,1,0,0,0,0,0,0,0,1,0
46,2.0,2.96,33,17.99,1,5,0.09,0.0,1.0,0.0,0,0,0,0,0,1,0,0,0,1,0,0,0,0,0,1,1,0,0,0,0,0,0
49,2.0,22.29,19,17.99,0,1,1.11,0.0,0.0,1.0,1,0,0,0,0,0,0,0,0,0,1,0,0,0,1,0,0,1,0,0,0,0,0
23,0.0,10.37,30,8.99,0,2,0.33,0.0,1.0,0.0,0,0,0,0,1,0,0,0,0,0,1,0,0,0,0,1,0,0,0,1,0,0,0
24,0.0,21.04,10,8.99,0,2,1.91,1.0,0.0,0.0,0,0,0,0,1,0,0,0,0,0,1,0,0,0,1,0,1,0,0,0,0,0,0
31,1.0,8.02,28,13.99,0,5,0.28,0.0,0.0,1.0,0,0,0,0,1,0,0,0,0,1,0,0,0,0,1,0,0,0,0,1,0,0,0
66,1.0,18.96,6,13.99,0,3,2.71,1.0,0.0,0.0,0,0,0,0,0,1,0,1,0,0,0,0,0,0,1,0,1,0,0,0,0,0,0
65,0.0,15.79,22,8.99,0,5,0.69,0.0,0.0,1.0,0,0,0,0,0,1,0,0,1,0,0,0,0,1,0,0,0,0,0,0,0,0,1
64,0.0,15.26,48,8.99,1,1,0.31,0.0,0.0,1.0,0,1,0,0,0,0,0,0,1,0,0,1,0,0,0,0,0,1,0,0,0,0,0
29,0.0,0.36,3,8.99,1,4,0.09,1.0,0.0,0.0,0,1,0,0,0,0,0,0,1,0,0,0,0,1,0,0,0,0,0,0,1,0,0
55,2.0,20.71,7,17.99,0,5,2.59,1.0,0.0,0.0,0,0,0,1,0,0,0,0,1,0,0,0,0,1,0,0,0,0,0,0,0,0,1
62,0.0,11.99,7,8.99,0,2,1.5,0.0,1.0,0.0,0,0,1,0,0,0,0,0,0,1,0,0,0,0,0,1,0,0,0,0,0,1,0
59,0.0,0.75,6,8.99,1,3,0.11,1.0,0.0,0.0,0,0,0,0,1,0,0,0,0,1,0,0,0,1,0,0,0,0,0,0,0,1,0
55,1.0,3.19,45,13.99,1,2,0.07,0.0,0.0,1.0,0,0,0,0,0,1,0,0,1,0,0,0,0,0,1,0,0,1,0,0,0,0,0
52,2.0,1.92,0,17.99,0,4,1.92,0.0,1.0,0.0,0,0,0,1,0,0,0,0,0,1,0,0,0,1,0,0,1,0,0,0,0,0,0
26,0.0,2.04,59,8.99,1,5,0.03,0.0,1.0,0.0,0,0,0,0,0,1,0,1,0,0,0,1,0,0,0,0,0,0,0,1,0,0,0
25,1.0,30.99,52,13.99,0,4,0.58,0.0,1.0,0.0,0,0,1,0,0,0,0,0,0,1,0,0,0,0,1,0,0,0,0,0,1,0,0
33,0.0,20.06,32,8.99,0,3,0.61,0.0,0.0,1.0,0,0,0,0,0,1,0,0,0,0,1,0,0,1,0,0,0,0,0,1,0,0,0
40,2.0,3.91,53,17.99,1,4,0.07,1.0,0.0,0.0,0,0,1,0,0,0,0,0,1,0,0,0,0,0,0,1,1,0,0,0,0,0,0
55,2.0,1.98,25,17.99,1,2,0.08,0.0,0.0,1.0,0,0,0,0,0,1,0,0,1,0,0,0,0,0,1,0,0,0,0,0,0,1,0
67,0.0,5.74,1,8.99,0,5,2.87,1.0,0.0,0.0,1,0,0,0,0,0,0,1,0,0,0,1,0,0,0,0,0,0,0,1,0,0,0
62,0.0,1.04,16,8.99,1,5,0.06,1.0,0.0,0.0,0,0,0,1,0,0,0,0,1,0,0,1,0,0,0,0,0,1,0,0,0,0,0
69,1.0,3.47,58,13.99,1,3,0.06,1.0,0.0,0.0,0,0,0,0,0,1,0,1,0,0,0,0,0,0,1,0,0,1,0,0,0,0,0
53,2.0,10.75,48,17.99,0,4,0.22,1.0,0.0,0.0,0,0,0,0,0,1,0,0,1,0,0,0,0,0,0,1,0,0,0,0,0,0,1
20,0.0,14.05,12,8.99,0,2,1.08,0.0,1.0,0.0,0,1,0,0,0,0,0,0,1,0,0,0,0,0,1,0,0,0,0,0,0,1,0
60,2.0,10.71,53,17.99,1,1,0.2,0.0,1.0,0.0,0,0,0,0,0,1,1,0,0,0,0,1,0,0,0,0,0,0,1,0,0,0,0
56,0.0,4.78,51,8.99,1,1,0.09,0.0,0.0,1.0,0,0,0,0,1,0,1,0,0,0,0,0,0,0,1,0,0,0,0,0,0,1,0
65,2.0,4.11,41,17.99,1,2,0.1,0.0,0.0,1.0,0,1,0,0,0,0,0,0,1,0,0,0,0,0,1,0,0,0,0,1,0,0,0
67,0.0,6.47,47,8.99,1,2,0.13,0.0,1.0,0.0,0,0,1,0,0,0,0,0,0,1,0,0,0,0,0,1,0,0,0,0,0,0,1
58,0.0,10.29,26,8.99,1,1,0.38,0.0,0.0,1.0,0,0,0,0,0,1,0,0,1,0,0,0,0,0,0,1,0,0,0,0,0,1,0
65,0.0,10.17,19,8.99,0,5,0.51,1.0,0.0,0.0,0,1,0,0,0,0,0,0,1,0,0,0,0,1,0,0,0,0,1,0,0,0,0
63,0.0,22.9,11,8.99,0,1,1.91,1.0,0.0,0.0,0,0,1,0,0,0,0,0,0,1,0,1,0,0,0,0,0,0,0,0,0,1,0
38,2.0,8.36,1,17.99,0,2,4.18,0.0,0.0,1.0,0,0,0,0,0,1,0,0,0,1,0,0,0,0,1,0,0,0,0,1,0,0,0
31,0.0,11.96,6,8.99,0,4,1.71,0.0,1.0,0.0,1,0,0,0,0,0,0,1,0,0,0,0,0,0,0,1,0,0,0,0,0,0,1
23,1.0,3.04,48,13.99,1,2,0.06,0.0,0.0,1.0,0,0,1,0,0,0,0,0,0,0,1,0,1,0,0,0,0,0,0,0,1,0,0
27,1.0,0.21,44,13.99,1,3,0.0,1.0,0.0,0.0,1,0,0,0,0,0,0,0,1,0,0,0,0,0,1,0,0,0,1,0,0,0,0
46,0.0,5.62,58,8.99,1,4,0.1,1.0,0.0,0.0,0,0,1,0,0,0,0,0,1,0,0,0,0,0,0,1,0,0,1,0,0,0,0
62,0.0,14.73,23,8.99,0,1,0.61,0.0,1.0,0.0,1,0,0,0,0,0,1,0,0,0,0,0,1,0,0,0,0,0,0,0,0,1,0
25,0.0,21.23,10,8.99,0,1,1.93,1.0,0.0,0.0,1,0,0,0,0,0,0,1,0,0,0,0,0,1,0,0,0,0,0,0,1,0,0
24,2.0,0.65,34,17.99,1,4,0.02,1.0,0.0,0.0,1,0,0,0,0,0,0,0,1,0,0,0,0,0,1,0,0,0,0,1,0,0,0
18,2.0,17.01,43,17.99,1,2,0.39,0.0,0.0,1.0,0,0,0,0,0,1,1,0,0,0,0,0,0,0,0,1,0,0,0,1,0,0,0
45,2.0,15.57,24,17.99,0,4,0.62,1.0,0.0,0.0,0,0,1,0,0,0,0,0,1,0,0,1,0,0,0,0,0,0,1,0,0,0,0
39,0.0,1.28,39,8.99,1,5,0.03,0.0,0.0,1.0,0,0,0,0,0,1,1,0,0,0,0,1,0,0,0,0,0,0,1,0,0,0,0
27,2.0,2.95,30,17.99,1,2,0.1,0.0,1.0,0.0,0,0,0,0,0,1,1,0,0,0,0,0,0,0,0,1,0,0,0,0,1,0,0
33,0.0,21.76,33,8.99,0,4,0.64,1.0,0.0,0.0,0,1,0,0,0,0,0,1,0,0,0,0,1,0,0,0,1,0,0,0,0,0,0
57,2.0,16.85,33,17.99,1,1,0.5,0.0,1.0,0.0,0,0,0,0,1,0,0,1,0,0,0,0,0,0,1,0,0,0,0,0,1,0,0
32,2.0,19.63,18,17.99,0,5,1.03,0.0,1.0,0.0,0,1,0,0,0,0,0,1,0,0,0,0,1,0,0,0,0,0,0,0,1,0,0
42,0.0,23.89,18,8.99,0,4,1.26,1.0,0.0,0.0,0,0,0,0,1,0,0,0,1,0,0,0,1,0,0,0,0,0,0,0,1,0,0
63,0.0,2.95,41,8.99,1,2,0.07,1.0,0.0,0.0,0,0,0,0,0,1,0,1,0,0,0,0,0,0,0,1,0,0,0,0,0,1,0
61,0.0,30.44,60,8.99,0,2,0.5,0.0,0.0,1.0,0,0,0,0,1,0,0,0,0,0,1,0,0,0,1,0,0,0,0,0,1,0,0
67,2.0,4.77,30,17.99,1,1,0.15,0.0,1.0,0.0,0,0,0,1,0,0,1,0,0,0,0,0,0,1,0,0,1,0,0,0,0,0,0
46,1.0,20.57,43,13.99,0,3,0.47,0.0,0.0,1.0,0,1,0,0,0,0,0,0,1,0,0,1,0,0,0,0,0,0,0,1,0,0,0
23,2.0,4.03,3,17.99,0,5,1.01,1.0,0.0,0.0,0,0,0,1,0,0,0,0,1,0,0,0,0,0,0,1,0,0,0,0,0,1,0
60,1.0,12.66,12,13.99,0,1,0.97,0.0,0.0,1.0,0,1,0,0,0,0,1,0,0,0,0,0,0,1,0,0,0,0,0,0,0,1,0
58,0.0,11.16,31,8.99,1,1,0.35,1.0,0.0,0.0,0,1,0,0,0,0,0,1,0,0,0,0,0,0,1,0,0,0,1,0,0,0,0
50,1.0,31.24,8,13.99,0,4,3.47,0.0,0.0,1.0,0,0,0,0,0,1,0,0,0,1,0,0,0,0,0,1,0,0,0,0,0,1,0
35,2.0,3.63,57,17.99,1,5,0.06,0.0,0.0,1.0,0,0,1,0,0,0,0,1,0,0,0,1,0,0,0,0,0,0,0,0,0,0,1
18,0.0,5.19,37,8.99,1,1,0.14,1.0,0.0,0.0,0,0,0,0,0,1,0,0,0,0,1,0,1,0,0,0,0,0,0,0,0,1,0
62,0.0,9.89,7,8.99,0,2,1.24,0.0,1.0,0.0,0,0,1,0,0,0,0,0,0,0,1,0,0,0,1,0,0,0,0,0,1,0,0
55,0.0,3.83,28,8.99,1,4,0.13,0.0,1.0,0.0,0,0,1,0,0,0,1,0,0,0,0,1,0,0,0,0,0,0,0,0,0,0,1
53,1.0,3.65,2,13.99,0,4,1.22,0.0,1.0,0.0,0,1,0,0,0,0,0,1,0,0,0,0,0,0,0,1,0,0,0,0,0,1,0
27,2.0,1.29,22,17.99,0,5,0.06,1.0,0.0,0.0,0,0,0,1,0,0,0,1,0,0,0,0,0,1,0,0,0,1,0,0,0,0,0
56,1.0,19.59,23,13.99,0,1,0.82,0.0,0.0,1.0,0,0,0,1,0,0,0,0,1,0,0,0,0,1,0,0,0,1,0,0,0,0,0
51,2.0,4.52,59,17.99,1,3,0.08,0.0,0.0,1.0,0,0,0,1,0,0,0,0,0,1,0,0,1,0,0,0,0,1,0,0,0,0,0
58,0.0,17.27,6,8.99,0,3,2.47,1.0,0.0,0.0,0,1,0,0,0,0,0,0,0,1,0,0,0,1,0,0,0,0,0,0,0,1,0
54,0.0,12.9,48,8.99,1,4,0.26,0.0,0.0,1.0,1,0,0,0,0,0,0,0,0,0,1,0,0,0,1,0,1,0,0,0,0,0,0
38,1.0,18.33,21,13.99,0,5,0.83,0.0,0.0,1.0,1,0,0,0,0,0,1,0,0,0,0,0,0,0,1,0,0,1,0,0,0,0,0
21,0.0,10.77,24,8.99,0,2,0.43,0.0,1.0,0.0,1,0,0,0,0,0,0,0,0,1,0,0,0,0,0,1,0,0,0,0,1,0,0
40,0.0,5.11,8,8.99,0,1,0.57,0.0,1.0,0.0,0,0,0,1,0,0,1,0,0,0,0,0,1,0,0,0,0,0,0,0,0,1,0
59,0.0,0.5,60,8.99,1,2,0.01,0.0,1.0,0.0,0,0,0,1,0,0,0,0,0,0,1,1,0,0,0,0,0,0,0,0,0,0,1
62,2.0,33.77,31,17.99,0,4,1.06,1.0,0.0,0.0,0,1,0,0,0,0,0,0,0,0,1,0,0,0,0,1,1,0,0,0,0,0,0
31,2.0,1.02,39,17.99,1,3,0.03,1.0,0.0,0.0,0,0,0,0,1,0,0,1,0,0,0,0,1,0,0,0,0,0,0,1,0,0,0
27,2.0,30.11,3,17.99,0,3,7.53,0.0,0.0,1.0,1,0,0,0,0,0,0,0,1,0,0,0,1,0,0,0,0,0,0,0,0,1,0
51,2.0,7.8,59,17.99,1,2,0.13,0.0,1.0,0.0,0,0,0,1,0,0,1,0,0,0,0,0,0,1,0,0,0,0,0,0,0,1,0
47,0.0,3.64,15,8.99,1,4,0.23,0.0,0.0,1.0,0,0,0,0,1,0,0,0,1,0,0,0,1,0,0,0,0,0,0,1,0,0,0
42,2.0,16.37,45,17.99,0,4,0.36,0.0,1.0,0.0,0,1,0,0,0,0,1,0,0,0,0,0,0,1,0,0,0,1,0,0,0,0,0
60,1.0,3.29,50,13.99,1,3,0.06,0.0,0.0,1.0,0,0,0,0,0,1,0,0,0,1,0,0,1,0,0,0,0,0,0,0,1,0,0
19,2.0,1.98,26,17.99,0,4,0.07,0.0,1.0,0.0,0,1,0,0,0,0,0,1,0,0,0,0,0,0,0,1,0,0,0,0,1,0,0
61,2.0,5.31,25,17.99,0,3,0.2,0.0,1.0,0.0,0,0,1,0,0,0,0,1,0,0,0,0,0,0,1,0,0,0,0,0,0,0,1
68,2.0,41.2,30,17.99,0,5,1.33,1.0,0.0,0.0,0,0,0,0,1,0,0,0,0,0,1,0,0,0,1,0,0,1,0,0,0,0,0
44,1.0,1.05,18,13.99,1,3,0.06,0.0,1.0,0.0,1,0,0,0,0,0,0,0,0,0,1,0,0,0,0,1,0,0,0,1,0,0,0
46,2.0,30.92,15,17.99,0,5,1.93,0.0,1.0,0.0,0,0,1,0,0,0,1,0,0,0,0,1,0,0,0,0,1,0,0,0,0,0,0
30,0.0,14.06,50,8.99,1,1,0.28,0.0,0.0,1.0,0,0,0,1,0,0,0,1,0,0,0,0,0,0,1,0,0,0,1,0,0,0,0
60,0.0,0.27,35,8.99,1,2,0.01,0.0,0.0,1.0,0,0,1,0,0,0,0,0,1,0,0,1,0,0,0,0,0,0,0,1,0,0,0
66,2.0,35.88,18,17.99,0,5,1.89,0.0,0.0,1.0,0,0,0,1,0,0,0,0,0,0,1,1,0,0,0,0,0,0,0,1,0,0,0
48,0.0,17.72,22,8.99,0,3,0.77,0.0,0.0,1.0,1,0,0,0,0,0,0,0,1,0,0,0,1,0,0,0,0,1,0,0,0,0,0
46,2.0,1.76,28,17.99,0,4,0.06,0.0,0.0,1.0,0,0,0,0,1,0,1,0,0,0,0,1,0,0,0,0,0,0,1,0,0,0,0
66,2.0,30.91,51,17.99,0,1,0.59,0.0,1.0,0.0,0,0,0,1,0,0,0,0,0,1,0,0,0,0,0,1,0,0,0,1,0,0,0
40,0.0,1.18,39,8.99,1,2,0.03,0.0,1.0,0.0,0,1,0,0,0,0,0,0,0,0,1,0,0,1,0,0,0,0,0,0,0,0,1
35,0.0,5.0,48,8.99,1,1,0.1,1.0,0.0,0.0,1,0,0,0,0,0,1,0,0,0,0,0,1,0,0,0,0,0,0,1,0,0,0
52,0.0,0.41,48,8.99,1,5,0.01,0.0,1.0,0.0,0,0,1,0,0,0,0,0,0,1,0,1,0,0,0,0,0,0,1,0,0,0,0
24,1.0,8.96,34,13.99,1,2,0.26,0.0,1.0,0.0,0,0,0,0,0,1,0,0,1,0,0,0,0,0,1,0,0,1,0,0,0,0,0
46,2.0,7.86,10,17.99,0,1,0.71,0.0,0.0,1.0,0,0,0,0,1,0,0,0,0,0,1,1,0,0,0,0,0,0,0,1,0,0,0
30,1.0,1.21,14,13.99,1,5,0.08,1.0,0.0,0.0,0,0,1,0,0,0,0,0,0,1,0,0,1,0,0,0,0,0,0,1,0,0,0
36,0.0,0.05,25,8.99,1,4,0.0,1.0,0.0,0.0,0,0,1,0,0,0,1,0,0,0,0,0,0,1,0,0,1,0,0,0,0,0,0
30,0.0,7.59,36,8.99,1,3,0.21,1.0,0.0,0.0,0,0,0,0,1,0,0,0,1,0,0,1,0,0,0,0,0,0,0,0,1,0,0
26,0.0,22.41,15,8.99,0,4,1.4,0.0,1.0,0.0,0,0,0,0,0,1,0,0,0,0,1,0,0,0,1,0,1,0,0,0,0,0,0
46,2.0,13.15,57,17.99,1,5,0.23,0.0,0.0,1.0,0,0,0,0,1,0,0,0,0,0,1,0,1,0,0,0,1,0,0,0,0,0,0
19,0.0,12.3,29,8.99,1,1,0.41,0.0,1.0,0.0,0,0,0,0,1,0,1,0,0,0,0,0,0,1,0,0,0,0,0,1,0,0,0
33,0.0,29.76,50,8.99,0,3,0.58,0.0,0.0,1.0,0,0,1,0,0,0,0,0,1,0,0,0,1,0,0,0,1,0,0,0,0,0,0
21,0.0,18.91,36,8.99,1,1,0.51,0.0,0.0,1.0,0,1,0,0,0,0,1,0,0,0,0,0,0,1,0,0,0,0,0,0,1,0,0
69,1.0,5.93,39,13.99,1,5,0.15,1.0,0.0,0.0,0,0,0,1,0,0,1,0,0,0,0,0,0,0,1,0,0,0,0,0,0,0,1
30,2.0,1.85,5,17.99,0,5,0.31,1.0,0.0,0.0,0,0,1,0,0,0,0,1,0,0,0,0,0,1,0,0,0,0,0,1,0,0,0
23,0.0,28.57,55,8.99,0,3,0.51,0.0,0.0,1.0,0,0,0,0,1,0,1,0,0,0,0,0,0,0,0,1,0,0,0,1,0,0,0
70,0.0,2.46,53,8.99,1,1,0.05,1.0,0.0,0.0,0,0,0,0,0,1,0,1,0,0,0,0,1,0,0,0,0,0,0,1,0,0,0
62,0.0,22.77,47,8.99,1,5,0.47,0.0,1.0,0.0,0,0,0,0,0,1,0,0,1,0,0,0,1,0,0,0,0,0,1,0,0,0,0
53,2.0,2.89,22,17.99,0,5,0.13,1.0,0.0,0.0,0,0,0,0,0,1,0,0,1,0,0,0,0,0,0,1,0,0,1,0,0,0,0
63,2.0,15.02,11,17.99,0,2,1.25,0.0,0.0,1.0,0,0,0,1,0,0,0,0,0,1,0,0,0,0,0,1,0,1,0,0,0,0,0
55,1.0,7.28,12,13.99,0,1,0.56,0.0,1.0,0.0,0,0,0,0,0,1,0,0,0,0,1,1,0,0,0,0,0,1,0,0,0,0,0
62,1.0,1.62,37,13.99,1,3,0.04,1.0,0.0,0.0,0,0,0,1,0,0,0,0,0,1,0,0,1,0,0,0,0,0,0,0,1,0,0
21,2.0,12.34,19,17.99,0,3,0.62,0.0,0.0,1.0,0,0,0,0,1,0,0,0,0,1,0,0,0,1,0,0,0,0,0,0,0,1,0
29,1.0,10.76,50,13.99,1,2,0.21,0.0,1.0,0.0,0,0,0,0,0,1,0,0,1,0,0,0,0,0,0,1,0,0,0,1,0,0,0
22,2.0,13.72,59,17.99,1,5,0.23,0.0,0.0,1.0,0,1,0,0,0,0,1,0,0,0,0,0,1,0,0,0,0,0,0,1,0,0,0
28,1.0,22.78,16,13.99,0,5,1.34,0.0,1.0,0.0,0,0,0,0,1,0,0,1,0,0,0,0,0,1,0,0,0,0,0,0,0,0,1
60,0.0,1.76,48,8.99,1,2,0.04,1.0,0.0,0.0,0,0,0,1,0,0,0,0,0,1,0,0,0,1,0,0,0,0,0,0,0,0,1
29,2.0,14.85,10,17.99,0,1,1.35,0.0,1.0,0.0,0,1,0,0,0,0,0,0,0,0,1,1,0,0,0,0,0,0,0,0,1,0,0
63,0.0,0.75,46,8.99,1,3,0.02,0.0,1.0,0.0,0,1,0,0,0,0,0,0,0,0,1,0,0,0,1,0,0,0,0,0,1,0,0
40,1.0,19.15,40,13.99,1,2,0.47,0.0,0.0,1.0,0,1,0,0,0,0,0,1,0,0,0,0,0,1,0,0,0,0,0,0,1,0,0
54,1.0,5.57,53,13.99,1,5,0.1,0.0,0.0,1.0,0,0,1,0,0,0,0,0,0,1,0,0,1,0,0,0,0,0,1,0,0,0,0
63,1.0,6.72,18,13.99,0,4,0.35,0.0,0.0,1.0,0,0,1,0,0,0,0,0,0,0,1,1,0,0,0,0,0,0,1,0,0,0,0
31,0.0,14.07,52,8.99,1,3,0.27,0.0,0.0,1.0,0,0,1,0,0,0,1,0,0,0,0,0,0,0,1,0,0,0,0,0,0,1,0
26,1.0,4.86,19,13.99,0,4,0.24,0.0,0.0,1.0,0,0,0,0,0,1,0,0,1,0,0,0,0,0,0,1,0,0,0,1,0,0,0
18,0.0,1.82,46,8.99,1,3,0.04,1.0,0.0,0.0,0,0,0,0,0,1,0,0,0,0,1,1,0,0,0,0,0,0,0,0,0,1,0
28,1.0,4.39,14,13.99,1,2,0.29,1.0,0.0,0.0,0,0,0,1,0,0,0,0,0,0,1,0,0,1,0,0,0,0,0,0,0,1,0
46,1.0,3.37,18,13.99,0,5,0.18,0.0,1.0,0.0,0,0,0,0,1,0,0,0,0,1,0,0,0,1,0,0,0,0,0,0,1,0,0
47,1.0,2.01,5,13.99,0,2,0.33,0.0,1.0,0.0,0,0,0,1,0,0,0,1,0,0,0,1,0,0,0,0,0,0,1,0,0,0,0
47,0.0,6.54,55,8.99,1,2,0.12,0.0,1.0,0.0,1,0,0,0,0,0,0,0,1,0,0,0,0,0,0,1,0,1,0,0,0,0,0
29,1.0,4.33,25,13.99,0,4,0.17,0.0,0.0,1.0,0,0,1,0,0,0,0,0,1,0,0,1,0,0,0,0,0,0,0,0,0,1,0
70,1.0,32.62,26,13.99,0,1,1.21,0.0,0.0,1.0,1,0,0,0,0,0,0,0,0,1,0,0,1,0,0,0,0,0,0,0,0,0,1
26,2.0,11.35,37,17.99,1,2,0.3,0.0,0.0,1.0,0,0,0,0,1,0,0,0,0,0,1,0,0,0,0,1,0,0,0,0,0,1,0
68,2.0,2.34,44,17.99,1,5,0.05,0.0,1.0,0.0,0,0,0,0,1,0,0,1,0,0,0,0,0,0,1,0,0,0,0,1,0,0,0
18,0.0,13.51,53,8.99,1,4,0.25,1.0,0.0,0.0,0,0,0,1,0,0,0,1,0,0,0,0,0,1,0,0,0,0,1,0,0,0,0
18,0.0,3.89,33,8.99,1,1,0.11,0.0,0.0,1.0,0,0,1,0,0,0,0,0,0,0,1,0,0,1,0,0,1,0,0,0,0,0,0
29,0.0,8.48,39,8.99,1,5,0.21,1.0,0.0,0.0,1,0,0,0,0,0,0,0,0,1,0,0,0,1,0,0,0,0,0,0,0,1,0
24,2.0,9.02,26,17.99,0,4,0.33,0.0,1.0,0.0,0,0,0,1,0,0,1,0,0,0,0,0,0,1,0,0,0,0,0,0,0,0,1
29,1.0,53.2,49,13.99,0,5,1.06,0.0,0.0,1.0,0,0,0,0,0,1,0,1,0,0,0,0,1,0,0,0,0,0,0,0,0,0,1
37,0.0,4.98,30,8.99,1,4,0.16,0.0,1.0,0.0,0,0,0,0,0,1,0,0,1,0,0,0,0,0,1,0,0,0,0,0,0,1,0
21,2.0,4.21,31,17.99,1,5,0.13,0.0,0.0,1.0,0,0,1,0,0,0,0,1,0,0,0,0,0,0,1,0,0,0,1,0,0,0,0
65,0.0,16.1,10,8.99,0,3,1.46,0.0,0.0,1.0,0,0,0,1,0,0,0,0,0,0,1,0,1,0,0,0,0,0,0,0,0,0,1
44,0.0,4.89,35,8.99,1,3,0.14,0.0,1.0,0.0,0,0,0,0,1,0,0,1,0,0,0,0,0,0,0,1,0,0,0,1,0,0,0
18,2.0,7.15,9,17.99,0,3,0.72,0.0,0.0,1.0,0,0,1,0,0,0,0,1,0,0,0,0,0,1,0,0,0,1,0,0,0,0,0
55,0.0,0.12,22,8.99,1,4,0.01,0.0,1.0,0.0,0,0,0,0,0,1,0,0,0,0,1,0,0,1,0,0,0,1,0,0,0,0,0
47,1.0,10.82,51,13.99,1,2,0.21,0.0,0.0,1.0,0,0,1,0,0,0,0,0,1,0,0,1,0,0,0,0,0,1,0,0,0,0,0
47,2.0,2.57,60,17.99,1,3,0.04,0.0,1.0,0.0,0,0,0,0,0,1,0,0,0,1,0,0,0,0,1,0,1,0,0,0,0,0,0
36,2.0,2.85,15,17.99,1,3,0.18,0.0,0.0,1.0,1,0,0,0,0,0,0,0,0,0,1,0,0,0,0,1,0,1,0,0,0,0,0
70,2.0,8.6,37,17.99,1,3,0.23,0.0,0.0,1.0,1,0,0,0,0,0,1,0,0,0,0,0,1,0,0,0,0,0,1,0,0,0,0
51,2.0,8.34,32,17.99,1,2,0.25,1.0,0.0,0.0,0,1,0,0,0,0,0,0,0,1,0,0,1,0,0,0,0,0,0,0,0,1,0
48,1.0,20.69,43,13.99,0,2,0.47,0.0,1.0,0.0,1,0,0,0,0,0,0,1,0,0,0,1,0,0,0,0,1,0,0,0,0,0,0
39,2.0,13.49,21,17.99,0,4,0.61,0.0,0.0,1.0,0,0,0,0,0,1,0,0,0,0,1,1,0,0,0,0,0,0,0,1,0,0,0
33,1.0,0.93,4,13.99,1,1,0.19,0.0,1.0,0.0,0,1,0,0,0,0,0,0,0,0,1,0,1,0,0,0,0,0,0,0,0,0,1
63,1.0,30.83,10,13.99,0,2,2.8,0.0,0.0,1.0,0,0,1,0,0,0,0,1,0,0,0,0,1,0,0,0,0,0,0,0,0,0,1
51,0.0,3.64,50,8.99,1,1,0.07,0.0,0.0,1.0,0,0,0,0,0,1,0,0,0,1,0,0,0,1,0,0,1,0,0,0,0,0,0
21,1.0,13.77,45,13.99,1,1,0.3,1.0,0.0,0.0,0,0,0,0,0,1,0,1,0,0,0,0,0,0,0,1,0,0,0,0,1,0,0
29,1.0,1.56,10,13.99,1,5,0.14,1.0,0.0,0.0,0,0,1,0,0,0,0,0,0,0,1,0,0,0,1,0,0,0,0,0,1,0,0
52,1.0,10.14,49,13.99,1,4,0.2,1.0,0.0,0.0,0,0,1,0,0,0,0,0,0,1,0,0,0,0,1,0,1,0,0,0,0,0,0
20,1.0,31.73,46,13.99,0,1,0.68,0.0,0.0,1.0,1,0,0,0,0,0,0,0,0,0,1,1,0,0,0,0,0,0,0,1,0,0,0
48,0.0,6.63,10,8.99,0,2,0.6,0.0,0.0,1.0,0,0,0,0,0,1,0,0,0,0,1,0,0,0,0,1,0,0,1,0,0,0,0
25,0.0,1.84,5,8.99,1,5,0.31,1.0,0.0,0.0,0,0,0,0,1,0,0,1,0,0,0,0,0,0,0,1,0,0,0,0,0,0,1
53,0.0,3.37,54,8.99,1,5,0.06,0.0,1.0,0.0,0,0,0,0,0,1,1,0,0,0,0,0,0,0,0,1,0,1,0,0,0,0,0
27,1.0,5.32,54,13.99,0,4,0.1,0.0,1.0,0.0,0,0,1,0,0,0,1,0,0,0,0,0,0,0,0,1,0,0,0,1,0,0,0
50,1.0,21.29,26,13.99,0,3,0.79,0.0,0.0,1.0,0,0,0,0,1,0,0,1,0,0,0,0,0,0,1,0,0,0,0,0,0,1,0
41,0.0,20.26,41,8.99,1,1,0.48,0.0,0.0,1.0,1,0,0,0,0,0,0,1,0,0,0,0,1,0,0,0,0,0,1,0,0,0,0
47,1.0,4.1,52,13.99,1,1,0.08,1.0,0.0,0.0,0,0,0,0,0,1,0,1,0,0,0,0,0,1,0,0,0,0,0,1,0,0,0
59,0.0,77.09,36,8.99,0,3,2.08,1.0,0.0,0.0,0,0,0,1,0,0,1,0,0,0,0,0,0,0,0,1,0,0,0,0,0,1,0
58,2.0,2.11,23,17.99,1,3,0.09,0.0,1.0,0.0,1,0,0,0,0,0,0,0,0,1,0,0,0,1,0,0,0,0,1,0,0,0,0
24,2.0,12.65,23,17.99,0,3,0.53,0.0,1.0,0.0,0,0,0,1,0,0,0,0,0,0,1,0,0,1,0,0,0,1,0,0,0,0,0
69,0.0,2.74,52,8.99,1,4,0.05,0.0,1.0,0.0,0,0,0,0,1,0,0,0,1,0,0,0,0,1,0,0,1,0,0,0,0,0,0
54,0.0,8.52,10,8.99,0,4,0.77,0.0,0.0,1.0,0,1,0,0,0,0,0,0,0,1,0,1,0,0,0,0,1,0,0,0,0,0,0
48,2.0,18.21,35,17.99,0,2,0.51,0.0,0.0,1.0,0,1,0,0,0,0,0,1,0,0,0,0,0,0,1,0,0,0,0,0,0,0,1
18,1.0,2.14,44,13.99,1,3,0.05,1.0,0.0,0.0,0,0,0,1,0,0,1,0,0,0,0,0,0,0,1,0,0,1,0,0,0,0,0
27,1.0,6.49,46,13.99,1,3,0.14,0.0,1.0,0.0,0,0,0,0,0,1,0,1,0,0,0,0,0,1,0,0,0,0,0,1,0,0,0
41,1.0,2.95,4,13.99,0,3,0.59,0.0,0.0,1.0,0,1,0,0,0,0,0,1,0,0,0,0,0,0,0,1,0,0,0,0,0,0,1
49,2.0,5.08,25,17.99,0,4,0.2,0.0,1.0,0.0,0,0,0,0,1,0,0,1,0,0,0,0,0,0,0,1,0,0,0,0,1,0,0
45,0.0,1.92,46,8.99,1,4,0.04,0.0,1.0,0.0,0,0,0,1,0,0,0,0,0,1,0,0,0,1,0,0,0,0,0,1,0,0,0
63,0.0,30.88,15,8.99,0,4,1.93,1.0,0.0,0.0,0,0,0,1,0,0,0,0,0,1,0,0,0,0,1,0,0,1,0,0,0,0,0
54,0.0,5.61,11,8.99,0,4,0.47,1.0,0.0,0.0,0,0,1,0,0,0,0,0,1,0,0,0,0,0,0,1,0,0,0,0,0,0,1
38,1.0,12.85,23,13.99,0,5,0.54,1.0,0.0,0.0,0,0,0,0,0,1,0,0,0,1,0,0,0,0,1,0,1,0,0,0,0,0,0
24,0.0,3.11,11,8.99,1,2,0.26,1.0,0.0,0.0,0,1,0,0,0,0,0,0,0,0,1,1,0,0,0,0,0,0,0,0,0,0,1
41,1.0,53.7,15,13.99,0,5,3.36,1.0,0.0,0.0,0,0,0,1,0,0,1,0,0,0,0,0,0,0,0,1,0,0,0,0,0,0,1
26,1.0,20.49,53,13.99,0,5,0.38,0.0,0.0,1.0,0,0,0,0,1,0,0,1,0,0,0,0,0,0,1,0,0,0,0,0,0,0,1
27,0.0,19.48,16,8.99,0,3,1.15,0.0,0.0,1.0,0,0,0,0,1,0,1,0,0,0,0,0,0,1,0,0,0,0,0,0,0,1,0
57,2.0,0.55,40,17.99,1,5,0.01,0.0,1.0,0.0,0,0,0,0,1,0,1,0,0,0,0,1,0,0,0,0,0,0,0,0,0,0,1
47,0.0,0.46,1,8.99,1,1,0.23,1.0,0.0,0.0,0,1,0,0,0,0,0,0,0,1,0,1,0,0,0,0,0,1,0,0,0,0,0
46,1.0,6.19,60,13.99,1,3,0.1,0.0,1.0,0.0,0,0,1,0,0,0,0,1,0,0,0,0,0,0,1,0,0,0,0,0,1,0,0
47,2.0,1.03,38,17.99,1,5,0.03,0.0,0.0,1.0,0,0,0,1,0,0,0,0,0,0,1,0,1,0,0,0,0,1,0,0,0,0,0
23,1.0,17.54,40,13.99,1,5,0.43,0.0,0.0,1.0,0,1,0,0,0,0,0,1,0,0,0,0,0,0,1,0,0,0,0,1,0,0,0
68,0.0,9.88,18,8.99,0,3,0.52,1.0,0.0,0.0,1,0,0,0,0,0,1,0,0,0,0,0,0,0,1,0,1,0,0,0,0,0,0
19,1.0,13.21,31,13.99,1,2,0.41,0.0,1.0,0.0,0,0,0,0,0,1,0,0,1,0,0,1,0,0,0,0,1,0,0,0,0,0,0
69,0.0,6.46,49,8.99,1,3,0.13,0.0,1.0,0.0,0,0,1,0,0,0,0,0,1,0,0,0,0,1,0,0,0,0,1,0,0,0,0
29,1.0,11.42,16,13.99,0,5,0.67,0.0,1.0,0.0,0,0,0,1,0,0,0,0,0,1,0,0,0,0,0,1,0,1,0,0,0,0,0
36,2.0,71.41,60,17.99,0,1,1.17,1.0,0.0,0.0,0,0,0,0,0,1,1,0,0,0,0,0,0,1,0,0,1,0,0,0,0,0,0
38,1.0,1.24,55,13.99,1,5,0.02,0.0,0.0,1.0,0,0,1,0,0,0,0,0,0,1,0,1,0,0,0,0,0,0,0,0,1,0,0
38,1.0,10.71,20,13.99,0,3,0.51,0.0,1.0,0.0,0,1,0,0,0,0,0,0,1,0,0,0,0,1,0,0,0,0,1,0,0,0,0
67,0.0,15.16,2,8.99,0,5,5.05,0.0,0.0,1.0,0,1,0,0,0,0,1,0,0,0,0,0,0,1,0,0,0,0,0,0,0,1,0
31,1.0,10.2,18,13.99,0,5,0.54,0.0,0.0,1.0,0,1,0,0,0,0,1,0,0,0,0,0,0,0,1,0,0,1,0,0,0,0,0
53,1.0,5.54,40,13.99,1,3,0.14,1.0,0.0,0.0,0,0,0,0,0,1,0,0,1,0,0,0,1,0,0,0,0,0,0,0,1,0,0
44,1.0,1.12,24,13.99,1,2,0.04,0.0,0.0,1.0,0,0,1,0,0,0,0,0,0,1,0,0,0,0,1,0,0,0,1,0,0,0,0
20,1.0,0.79,23,13.99,0,4,0.03,0.0,0.0,1.0,0,0,0,0,0,1,0,0,0,0,1,0,0,0,0,1,0,0,0,1,0,0,0
22,0.0,23.81,23,8.99,0,1,0.99,0.0,1.0,0.0,1,0,0,0,0,0,1,0,0,0,0,0,0,0,0,1,0,1,0,0,0,0,0
69,2.0,25.85,15,17.99,0,3,1.62,0.0,0.0,1.0,1,0,0,0,0,0,0,0,0,1,0,0,0,1,0,0,0,1,0,0,0,0,0
29,0.0,9.08,39,8.99,1,5,0.23,0.0,0.0,1.0,0,1,0,0,0,0,0,0,1,0,0,0,0,0,1,0,0,0,0,0,1,0,0
65,1.0,4.68,4,13.99,0,1,0.94,0.0,0.0,1.0,0,1,0,0,0,0,0,0,0,1,0,0,0,0,1,0,0,0,0,1,0,0,0
40,2.0,0.88,1,17.99,0,2,0.44,0.0,1.0,0.0,0,0,1,0,0,0,0,0,1,0,0,1,0,0,0,0,0,0,0,0,0,0,1
44,0.0,3.32,16,8.99,1,4,0.2,0.0,1.0,0.0,0,0,0,0,0,1,1,0,0,0,0,0,0,0,1,0,0,0,1,0,0,0,0
21,2.0,4.07,56,17.99,1,4,0.07,1.0,0.0,0.0,0,0,0,0,0,1,1,0,0,0,0,1,0,0,0,0,1,0,0,0,0,0,0
50,0.0,11.25,13,8.99,0,4,0.8,1.0,0.0,0.0,0,1,0,0,0,0,0,0,0,1,0,0,1,0,0,0,0,0,0,0,0,0,1
69,1.0,6.46,16,13.99,0,2,0.38,0.0,0.0,1.0,0,0,0,0,1,0,0,0,0,1,0,0,0,1,0,0,0,0,0,1,0,0,0
31,0.0,4.83,15,8.99,1,4,0.3,0.0,1.0,0.0,0,0,1,0,0,0,0,1,0,0,0,1,0,0,0,0,0,0,0,0,1,0,0
66,2.0,0.27,59,17.99,1,2,0.0,0.0,0.0,1.0,0,0,0,1,0,0,0,0,0,0,1,0,0,0,1,0,0,0,1,0,0,0,0
64,2.0,22.59,24,17.99,0,4,0.9,1.0,0.0,0.0,0,0,0,0,0,1,0,0,0,1,0,1,0,0,0,0,0,0,0,0,0,1,0
69,2.0,13.4,11,17.99,0,3,1.12,0.0,0.0,1.0,0,0,0,1,0,0,0,1,0,0,0,0,0,1,0,0,0,1,0,0,0,0,0
47,1.0,6.85,2,13.99,0,3,2.28,0.0,0.0,1.0,0,0,0,1,0,0,0,0,1,0,0,0,0,0,1,0,0,0,0,0,0,1,0
70,1.0,4.17,38,13.99,1,1,0.11,0.0,1.0,0.0,0,0,0,0,0,1,0,0,0,0,1,0,0,0,0,1,0,0,0,0,0,0,1
44,1.0,29.87,6,13.99,0,3,4.27,0.0,1.0,0.0,1,0,0,0,0,0,0,0,1,0,0,0,0,0,1,0,0,0,0,1,0,0,0
67,1.0,1.63,58,13.99,1,3,0.03,1.0,0.0,0.0,0,0,0,1,0,0,0,0,1,0,0,0,0,0,1,0,0,0,1,0,0,0,0
66,1.0,20.65,58,13.99,0,4,0.35,0.0,0.0,1.0,0,0,0,1,0,0,1,0,0,0,0,0,0,0,0,1,0,0,1,0,0,0,0
57,2.0,11.09,9,17.99,0,3,1.11,0.0,1.0,0.0,0,0,0,0,1,0,0,0,1,0,0,0,0,0,1,0,0,0,0,0,0,1,0
53,2.0,5.65,24,17.99,0,2,0.23,1.0,0.0,0.0,0,1,0,0,0,0,0,0,0,0,1,1,0,0,0,0,0,0,0,0,0,0,1
67,0.0,17.44,3,8.99,0,3,4.36,0.0,1.0,0.0,0,0,0,0,0,1,0,1,0,0,0,1,0,0,0,0,0,0,0,0,0,1,0
35,1.0,3.65,42,13.99,1,1,0.08,0.0,1.0,0.0,0,0,0,1,0,0,0,0,0,0,1,0,0,1,0,0,0,0,0,1,0,0,0
63,1.0,1.66,0,13.99,0,1,1.66,1.0,0.0,0.0,0,0,1,0,0,0,1,0,0,0,0,0,1,0,0,0,0,1,0,0,0,0,0
53,0.0,2.6,46,8.99,1,5,0.06,1.0,0.0,0.0,0,0,1,0,0,0,1,0,0,0,0,0,0,0,1,0,0,0,0,0,0,0,1
24,2.0,2.48,19,17.99,1,2,0.12,1.0,0.0,0.0,0,0,0,1,0,0,0,0,1,0,0,0,0,1,0,0,0,0,0,0,0,0,1
28,0.0,22.74,28,8.99,0,1,0.78,0.0,0.0,1.0,0,0,0,0,0,1,0,0,0,1,0,0,0,0,1,0,0,0,0,0,0,0,1
69,2.0,27.12,3,17.99,0,5,6.78,0.0,1.0,0.0,0,1,0,0,0,0,0,0,0,1,0,1,0,0,0,0,0,0,0,1,0,0,0
58,0.0,5.87,37,8.99,1,5,0.15,1.0,0.0,0.0,0,0,1,0,0,0,0,0,0,1,0,0,0,0,0,1,0,0,0,0,0,0,1
50,0.0,8.97,56,8.99,1,4,0.16,0.0,0.0,1.0,0,1,0,0,0,0,0,1,0,0,0,1,0,0,0,0,0,1,0,0,0,0,0
24,0.0,3.74,38,8.99,1,4,0.1,1.0,0.0,0.0,1,0,0,0,0,0,0,1,0,0,0,0,0,1,0,0,0,0,0,1,0,0,0
60,1.0,1.38,41,13.99,1,3,0.03,0.0,1.0,0.0,1,0,0,0,0,0,0,1,0,0,0,0,0,1,0,0,0,0,0,1,0,0,0
52,0.0,8.9,23,8.99,1,1,0.37,0.0,0.0,1.0,0,1,0,0,0,0,0,0,1,0,0,0,0,0,0,1,0,1,0,0,0,0,0
70,1.0,6.76,41,13.99,1,2,0.16,0.0,0.0,1.0,0,1,0,0,0,0,0,0,0,0,1,0,1,0,0,0,0,0,0,0,1,0,0
24,0.0,5.25,28,8.99,0,4,0.18,1.0,0.0,0.0,0,1,0,0,0,0,0,1,0,0,0,0,0,0,1,0,0,1,0,0,0,0,0
40,1.0,4.09,37,13.99,1,2,0.11,0.0,1.0,0.0,0,0,0,1,0,0,0,0,1,0,0,0,0,0,1,0,0,0,0,0,0,0,1
28,0.0,13.38,23,8.99,0,1,0.56,0.0,0.0,1.0,0,0,0,1,0,0,0,0,0,1,0,0,0,0,1,0,0,0,0,0,0,0,1
36,2.0,5.79,21,17.99,0,3,0.26,0.0,0.0,1.0,0,0,0,1,0,0,0,1,0,0,0,0,0,0,1,0,0,0,0,0,1,0,0
39,1.0,4.19,47,13.99,1,2,0.09,0.0,1.0,0.0,0,0,1,0,0,0,0,1,0,0,0,0,1,0,0,0,0,0,0,0,1,0,0
26,2.0,3.87,45,17.99,1,2,0.08,1.0,0.0,0.0,0,1,0,0,0,0,0,0,0,1,0,0,0,0,1,0,0,0,1,0,0,0,0
25,2.0,6.49,14,17.99,0,1,0.43,1.0,0.0,0.0,0,0,0,1,0,0,0,0,0,0,1,1,0,0,0,0,0,0,0,1,0,0,0
21,1.0,1.02,23,13.99,1,3,0.04,0.0,1.0,0.0,0,1,0,0,0,0,0,0,0,0,1,0,0,0,0,1,0,0,1,0,0,0,0
46,0.0,9.09,60,8.99,1,1,0.15,0.0,1.0,0.0,0,0,0,0,0,1,1,0,0,0,0,0,0,0,1,0,1,0,0,0,0,0,0
45,2.0,3.45,44,17.99,1,3,0.08,1.0,0.0,0.0,0,0,0,0,0,1,0,0,0,0,1,0,1,0,0,0,1,0,0,0,0,0,0
54,1.0,10.91,37,13.99,0,5,0.29,1.0,0.0,0.0,0,0,0,0,0,1,0,0,0,0,1,0,0,0,0,1,0,0,1,0,0,0,0
60,0.0,8.89,23,8.99,1,3,0.37,0.0,0.0,1.0,0,0,1,0,0,0,0,0,0,1,0,0,1,0,0,0,0,0,0,0,0,1,0
39,0.0,9.96,22,8.99,0,5,0.43,0.0,0.0,1.0,0,0,0,0,0,1,0,0,0,0,1,0,0,0,1,0,0,0,0,1,0,0,0
34,0.0,0.35,57,8.99,1,1,0.01,0.0,1.0,0.0,0,1,0,0,0,0,0,0,0,1,0,0,0,0,1,0,0,1,0,0,0,0,0
52,0.0,10.08,46,8.99,1,5,0.21,0.0,0.0,1.0,0,0,0,0,1,0,0,1,0,0,0,0,1,0,0,0,0,0,0,0,0,0,1
19,2.0,11.97,17,17.99,0,4,0.67,1.0,0.0,0.0,0,0,0,1,0,0,1,0,0,0,0,0,0,0,0,1,1,0,0,0,0,0,0
21,1.0,0.66,5,13.99,1,1,0.11,0.0,1.0,0.0,0,0,0,0,0,1,0,1,0,0,0,0,1,0,0,0,0,0,0,0,1,0,0
27,2.0,1.04,26,17.99,0,4,0.04,0.0,1.0,0.0,0,0,0,1,0,0,0,1,0,0,0,0,0,0,0,1,0,0,1,0,0,0,0
66,2.0,18.23,38,17.99,1,2,0.47,0.0,1.0,0.0,0,0,0,0,0,1,0,0,0,1,0,0,0,0,0,1,1,0,0,0,0,0,0
35,2.0,2.86,16,17.99,1,1,0.17,0.0,0.0,1.0,0,0,0,0,1,0,0,0,1,0,0,0,0,1,0,0,0,1,0,0,0,0,0
35,1.0,3.52,24,13.99,1,5,0.14,0.0,1.0,0.0,0,0,0,0,0,1,0,0,1,0,0,0,1,0,0,0,1,0,0,0,0,0,0
52,0.0,8.45,58,8.99,1,3,0.14,0.0,0.0,1.0,0,0,0,0,1,0,0,0,0,1,0,0,0,0,0,1,0,0,1,0,0,0,0
57,2.0,0.69,24,17.99,1,5,0.03,1.0,0.0,0.0,0,0,1,0,0,0,0,0,1,0,0,0,1,0,0,0,0,0,0,0,0,0,1
64,2.0,6.26,16,17.99,0,5,0.37,0.0,0.0,1.0,0,0,0,1,0,0,0,0,1,0,0,0,0,1,0,0,0,0,0,1,0,0,0
31,0.0,21.84,44,8.99,1,2,0.49,0.0,1.0,0.0,0,0,0,0,0,1,0,1,0,0,0,0,0,0,0,1,0,0,1,0,0,0,0
19,1.0,35.54,58,13.99,0,5,0.6,1.0,0.0,0.0,0,0,1,0,0,0,0,0,0,1,0,0,0,1,0,0,0,0,1,0,0,0,0
36,2.0,12.74,58,17.99,1,2,0.22,0.0,0.0,1.0,0,1,0,0,0,0,1,0,0,0,0,0,1,0,0,0,0,0,0,1,0,0,0
31,0.0,33.1,28,8.99,0,2,1.14,0.0,0.0,1.0,0,0,0,0,0,1,0,1,0,0,0,1,0,0,0,0,0,0,0,1,0,0,0
35,2.0,14.56,45,17.99,1,3,0.32,0.0,0.0,1.0,0,0,0,0,1,0,0,0,0,1,0,0,1,0,0,0,0,0,0,0,0,1,0
65,2.0,6.14,58,17.99,0,4,0.1,0.0,1.0,0.0,0,1,0,0,0,0,1,0,0,0,0,0,0,1,0,0,0,1,0,0,0,0,0
66,1.0,3.86,28,13.99,1,3,0.13,0.0,1.0,0.0,1,0,0,0,0,0,0,1,0,0,0,0,0,0,0,1,0,0,0,0,0,0,1
36,0.0,0.19,5,8.99,1,2,0.03,0.0,1.0,0.0,0,0,0,0,1,0,0,0,1,0,0,0,0,1,0,0,0,0,0,0,0,0,1
51,1.0,2.68,48,13.99,1,3,0.05,0.0,0.0,1.0,0,1,0,0,0,0,0,1,0,0,0,0,1,0,0,0,0,1,0,0,0,0,0
52,0.0,20.8,33,8.99,0,2,0.61,1.0,0.0,0.0,0,0,1,0,0,0,0,0,0,1,0,1,0,0,0,0,0,0,0,0,0,1,0
37,1.0,20.47,41,13.99,0,3,0.49,0.0,1.0,0.0,0,0,0,0,0,1,0,1,0,0,0,0,0,0,0,1,0,0,1,0,0,0,0
28,1.0,6.56,30,13.99,0,4,0.21,0.0,1.0,0.0,0,0,0,1,0,0,0,1,0,0,0,0,0,1,0,0,0,0,0,0,0,0,1
65,1.0,18.34,48,13.99,1,1,0.37,1.0,0.0,0.0,0,0,1,0,0,0,0,0,1,0,0,0,0,1,0,0,1,0,0,0,0,0,0
44,0.0,1.45,18,8.99,1,4,0.08,0.0,1.0,0.0,0,0,0,0,0,1,0,0,0,1,0,1,0,0,0,0,0,0,0,0,1,0,0
52,1.0,11.84,36,13.99,0,4,0.32,0.0,1.0,0.0,0,0,1,0,0,0,0,0,0,0,1,1,0,0,0,0,0,0,0,0,1,0,0
40,0.0,14.88,12,8.99,0,3,1.14,0.0,0.0,1.0,0,0,0,0,1,0,0,0,0,0,1,0,0,1,0,0,0,0,0,0,0,0,1
35,1.0,11.54,41,13.99,0,4,0.27,0.0,0.0,1.0,0,0,1,0,0,0,0,0,0,1,0,0,0,0,0,1,0,1,0,0,0,0,0
21,1.0,9.13,7,13.99,0,1,1.14,1.0,0.0,0.0,1,0,0,0,0,0,0,1,0,0,0,0,0,1,0,0,0,0,0,1,0,0,0
36,2.0,3.85,46,17.99,1,2,0.08,1.0,0.0,0.0,0,0,0,1,0,0,0,0,0,0,1,0,0,0,0,1,0,0,0,0,1,0,0
35,2.0,22.18,18,17.99,0,1,1.17,1.0,0.0,0.0,1,0,0,0,0,0,0,0,1,0,0,0,0,1,0,0,0,1,0,0,0,0,0
45,0.0,3.05,59,8.99,1,1,0.05,0.0,1.0,0.0,0,0,0,1,0,0,0,0,0,0,1,1,0,0,0,0,1,0,0,0,0,0,0
51,1.0,5.54,26,13.99,0,4,0.21,0.0,1.0,0.0,0,0,0,0,1,0,0,0,0,0,1,0,0,1,0,0,0,0,1,0,0,0,0
22,2.0,37.12,36,17.99,0,2,1.0,0.0,1.0,0.0,0,0,1,0,0,0,1,0,0,0,0,0,0,1,0,0,0,0,0,0,0,0,1
59,0.0,4.06,9,8.99,1,5,0.41,1.0,0.0,0.0,1,0,0,0,0,0,0,1,0,0,0,0,0,0,1,0,0,0,0,0,0,0,1
68,1.0,0.68,20,13.99,0,5,0.03,0.0,0.0,1.0,0,0,1,0,0,0,0,0,0,1,0,0,0,0,0,1,0,1,0,0,0,0,0
25,0.0,13.34,49,8.99,1,1,0.27,0.0,0.0,1.0,1,0,0,0,0,0,1,0,0,0,0,1,0,0,0,0,1,0,0,0,0,0,0
68,2.0,1.89,4,17.99,0,4,0.38,0.0,0.0,1.0,0,0,0,0,0,1,0,1,0,0,0,1,0,0,0,0,0,0,1,0,0,0,0
60,2.0,2.79,9,17.99,0,5,0.28,0.0,0.0,1.0,1,0,0,0,0,0,1,0,0,0,0,0,0,0,0,1,0,0,0,0,1,0,0
65,1.0,1.0,47,13.99,1,4,0.02,0.0,1.0,0.0,0,1,0,0,0,0,0,0,1,0,0,1,0,0,0,0,0,0,0,0,0,0,1
28,2.0,17.43,36,17.99,1,3,0.47,0.0,1.0,0.0,0,0,0,1,0,0,1,0,0,0,0,0,1,0,0,0,0,0,0,1,0,0,0
47,0.0,8.37,27,8.99,0,5,0.3,0.0,0.0,1.0,0,0,1,0,0,0,0,0,0,0,1,0,0,0,1,0,0,1,0,0,0,0,0
64,1.0,12.3,16,13.99,0,3,0.72,1.0,0.0,0.0,0,0,1,0,0,0,0,0,0,0,1,0,0,0,0,1,0,1,0,0,0,0,0
30,1.0,3.31,29,13.99,1,1,0.11,0.0,1.0,0.0,0,1,0,0,0,0,0,0,0,1,0,0,0,1,0,0,0,0,1,0,0,0,0
27,1.0,25.23,20,13.99,0,5,1.2,0.0,1.0,0.0,0,0,0,0,0,1,0,0,1,0,0,0,0,1,0,0,0,0,0,1,0,0,0
57,1.0,17.87,36,13.99,0,4,0.48,0.0,1.0,0.0,1,0,0,0,0,0,0,0,0,0,1,0,0,0,0,1,1,0,0,0,0,0,0
66,1.0,3.01,4,13.99,0,2,0.6,1.0,0.0,0.0,1,0,0,0,0,0,0,0,0,0,1,1,0,0,0,0,0,1,0,0,0,0,0
21,2.0,13.63,3,17.99,0,1,3.41,0.0,0.0,1.0,0,1,0,0,0,0,0,1,0,0,0,0,1,0,0,0,0,1,0,0,0,0,0
51,1.0,18.53,30,13.99,0,3,0.6,0.0,1.0,0.0,0,0,0,0,1,0,0,0,0,1,0,1,0,0,0,0,0,0,0,1,0,0,0
70,0.0,1.35,46,8.99,1,5,0.03,0.0,1.0,0.0,0,0,0,0,1,0,0,0,1,0,0,0,0,0,1,0,0,1,0,0,0,0,0
22,2.0,18.97,55,17.99,1,2,0.34,0.0,1.0,0.0,0,0,0,1,0,0,0,0,0,0,1,1,0,0,0,0,0,0,0,0,0,1,0
29,1.0,13.38,14,13.99,0,5,0.89,0.0,1.0,0.0,0,0,0,1,0,0,0,0,0,1,0,0,0,0,0,1,0,0,0,0,1,0,0
22,1.0,25.13,1,13.99,0,2,12.56,0.0,0.0,1.0,1,0,0,0,0,0,1,0,0,0,0,0,0,0,1,0,0,0,0,0,0,1,0
33,2.0,0.44,17,17.99,1,4,0.02,1.0,0.0,0.0,0,0,0,1,0,0,0,0,1,0,0,0,1,0,0,0,0,0,0,0,0,1,0
56,2.0,3.39,45,17.99,1,3,0.07,0.0,0.0,1.0,0,0,0,0,1,0,0,0,0,0,1,0,0,1,0,0,0,0,0,1,0,0,0
21,0.0,20.67,38,8.99,1,1,0.53,0.0,0.0,1.0,0,0,0,1,0,0,0,0,0,1,0,0,1,0,0,0,0,1,0,0,0,0,0
32,1.0,2.91,13,13.99,1,2,0.21,0.0,1.0,0.0,1,0,0,0,0,0,0,0,0,0,1,0,1,0,0,0,0,0,0,0,0,1,0
22,1.0,0.63,9,13.99,1,3,0.06,1.0,0.0,0.0,0,0,1,0,0,0,0,0,0,0,1,0,0,1,0,0,1,0,0,0,0,0,0
26,0.0,11.89,37,8.99,1,2,0.31,0.0,0.0,1.0,0,0,0,0,0,1,0,0,0,0,1,1,0,0,0,0,0,0,0,0,0,1,0
63,2.0,0.81,13,17.99,0,5,0.06,0.0,1.0,0.0,0,1,0,0,0,0,0,0,1,0,0,1,0,0,0,0,0,0,0,0,0,1,0
59,0.0,7.32,52,8.99,1,3,0.14,0.0,1.0,0.0,0,0,1,0,0,0,0,1,0,0,0,0,0,0,0,1,0,0,0,0,0,1,0
44,1.0,14.26,20,13.99,0,1,0.68,0.0,0.0,1.0,0,0,0,1,0,0,0,1,0,0,0,0,0,0,0,1,0,0,0,0,0,0,1
59,2.0,1.7,54,17.99,1,3,0.03,1.0,0.0,0.0,0,0,0,0,1,0,0,0,0,1,0,0,1,0,0,0,0,0,0,0,0,1,0
70,1.0,29.3,53,13.99,0,3,0.54,0.0,1.0,0.0,0,1,0,0,0,0,0,1,0,0,0,0,0,0,0,1,0,0,0,1,0,0,0
36,1.0,15.58,43,13.99,0,4,0.35,0.0,0.0,1.0,0,0,0,1,0,0,0,0,1,0,0,1,0,0,0,0,0,1,0,0,0,0,0
53,1.0,1.72,19,13.99,1,1,0.09,1.0,0.0,0.0,0,1,0,0,0,0,0,0,0,1,0,1,0,0,0,0,0,0,0,0,1,0,0
35,2.0,14.46,44,17.99,1,1,0.32,0.0,0.0,1.0,0,0,0,1,0,0,0,0,0,0,1,0,0,1,0,0,1,0,0,0,0,0,0
24,0.0,5.91,25,8.99,1,1,0.23,0.0,1.0,0.0,0,0,0,0,1,0,0,1,0,0,0,0,0,0,0,1,1,0,0,0,0,0,0
68,0.0,6.53,6,8.99,0,4,0.93,0.0,0.0,1.0,0,0,1,0,0,0,0,1,0,0,0,0,0,0,0,1,0,0,1,0,0,0,0
40,1.0,4.26,49,13.99,1,4,0.09,1.0,0.0,0.0,0,0,1,0,0,0,0,0,0,1,0,0,0,1,0,0,0,0,1,0,0,0,0
36,0.0,22.43,2,8.99,0,4,7.48,0.0,0.0,1.0,0,0,0,0,0,1,0,0,0,0,1,0,1,0,0,0,0,0,0,0,0,1,0
70,0.0,23.08,25,8.99,0,3,0.89,0.0,0.0,1.0,0,0,0,0,0,1,0,0,0,1,0,0,0,1,0,0,0,1,0,0,0,0,0
68,2.0,0.2,32,17.99,1,1,0.01,1.0,0.0,0.0,0,0,0,1,0,0,0,1,0,0,0,0,1,0,0,0,0,0,0,0,1,0,0
23,0.0,6.27,52,8.99,1,5,0.12,0.0,0.0,1.0,0,0,1,0,0,0,0,1,0,0,0,0,0,0,1,0,0,0,0,0,0,0,1
68,2.0,1.67,18,17.99,1,3,0.09,0.0,0.0,1.0,1,0,0,0,0,0,0,0,1,0,0,0,0,0,0,1,0,0,0,0,0,1,0
19,1.0,0.93,26,13.99,1,3,0.03,1.0,0.0,0.0,0,0,0,1,0,0,0,1,0,0,0,0,0,1,0,0,1,0,0,0,0,0,0
62,2.0,4.25,40,17.99,1,2,0.1,0.0,1.0,0.0,0,1,0,0,0,0,0,0,1,0,0,1,0,0,0,0,0,1,0,0,0,0,0
60,2.0,11.15,49,17.99,1,5,0.22,1.0,0.0,0.0,0,0,0,0,0,1,1,0,0,0,0,0,1,0,0,0,0,0,0,0,0,1,0
31,2.0,21.92,54,17.99,0,3,0.4,0.0,0.0,1.0,0,1,0,0,0,0,0,0,0,1,0,0,0,0,0,1,0,0,1,0,0,0,0
31,2.0,3.81,39,17.99,1,1,0.1,0.0,1.0,0.0,0,1,0,0,0,0,0,0,0,1,0,0,1,0,0,0,0,0,1,0,0,0,0
37,1.0,0.02,10,13.99,0,5,0.0,0.0,1.0,0.0,0,0,1,0,0,0,0,0,0,1,0,0,0,0,0,1,0,0,0,0,0,0,1
20,2.0,16.64,40,17.99,1,3,0.41,0.0,0.0,1.0,0,0,1,0,0,0,1,0,0,0,0,0,0,0,1,0,0,0,0,1,0,0,0
36,2.0,3.24,53,17.99,1,1,0.06,0.0,1.0,0.0,0,0,0,0,0,1,1,0,0,0,0,0,0,0,0,1,0,0,0,1,0,0,0
43,2.0,11.97,57,17.99,1,2,0.21,0.0,1.0,0.0,0,1,0,0,0,0,0,0,0,0,1,0,0,1,0,0,0,0,0,1,0,0,0
25,0.0,2.53,25,8.99,1,1,0.1,1.0,0.0,0.0,0,0,0,1,0,0,1,0,0,0,0,0,0,1,0,0,0,0,1,0,0,0,0
50,1.0,8.43,16,13.99,0,3,0.5,1.0,0.0,0.0,0,0,1,0,0,0,0,0,0,1,0,0,0,0,0,1,0,0,1,0,0,0,0
70,2.0,3.19,24,17.99,1,2,0.13,0.0,1.0,0.0,0,1,0,0,0,0,1,0,0,0,0,0,1,0,0,0,0,0,0,0,0,0,1
47,2.0,9.82,55,17.99,0,5,0.18,0.0,1.0,0.0,0,0,0,1,0,0,0,0,1,0,0,0,0,1,0,0,0,0,0,1,0,0,0
42,0.0,1.52,48,8.99,1,5,0.03,1.0,0.0,0.0,1,0,0,0,0,0,0,0,0,0,1,0,0,1,0,0,0,0,0,0,0,1,0
57,2.0,24.49,46,17.99,0,4,0.52,0.0,1.0,0.0,0,0,0,0,1,0,0,0,0,1,0,0,0,0,1,0,1,0,0,0,0,0,0
69,1.0,3.35,5,13.99,0,4,0.56,1.0,0.0,0.0,0,0,1,0,0,0,0,1,0,0,0,0,0,0,1,0,1,0,0,0,0,0,0
55,2.0,1.2,32,17.99,1,4,0.04,0.0,1.0,0.0,0,0,1,0,0,0,1,0,0,0,0,1,0,0,0,0,0,0,0,1,0,0,0
40,2.0,4.68,5,17.99,0,4,0.78,0.0,1.0,0.0,0,0,1,0,0,0,0,0,0,0,1,0,0,1,0,0,0,0,0,0,1,0,0
52,1.0,17.26,58,13.99,1,4,0.29,0.0,1.0,0.0,0,0,0,1,0,0,0,0,1,0,0,0,1,0,0,0,0,1,0,0,0,0,0
49,1.0,11.88,41,13.99,0,4,0.28,1.0,0.0,0.0,0,1,0,0,0,0,1,0,0,0,0,1,0,0,0,0,0,0,0,0,1,0,0
61,2.0,4.58,33,17.99,1,4,0.13,0.0,0.0,1.0,0,0,1,0,0,0,0,0,1,0,0,0,0,0,1,0,0,1,0,0,0,0,0
63,2.0,3.98,43,17.99,1,2,0.09,0.0,0.0,1.0,0,1,0,0,0,0,0,1,0,0,0,0,0,0,0,1,0,0,0,0,1,0,0
66,0.0,8.68,50,8.99,1,3,0.17,0.0,1.0,0.0,0,0,0,0,1,0,0,0,1,0,0,0,0,0,0,1,0,0,0,0,0,0,1
65,2.0,10.55,25,17.99,0,5,0.41,1.0,0.0,0.0,1,0,0,0,0,0,0,1,0,0,0,0,0,0,1,0,0,0,0,1,0,0,0
47,1.0,0.55,40,13.99,1,3,0.01,1.0,0.0,0.0,0,1,0,0,0,0,0,0,0,1,0,0,0,0,0,1,0,0,0,0,1,0,0
47,0.0,4.69,46,8.99,1,2,0.1,1.0,0.0,0.0,0,0,1,0,0,0,0,1,0,0,0,0,1,0,0,0,0,0,0,0,0,0,1
45,1.0,26.82,41,13.99,0,5,0.64,0.0,0.0,1.0,0,0,0,0,1,0,0,0,1,0,0,1,0,0,0,0,0,0,0,0,0,1,0
68,0.0,3.07,49,8.99,1,3,0.06,1.0,0.0,0.0,0,0,0,0,0,1,0,1,0,0,0,1,0,0,0,0,0,0,0,0,0,1,0
70,1.0,25.23,7,13.99,0,3,3.15,0.0,0.0,1.0,0,0,0,0,1,0,0,1,0,0,0,0,0,0,1,0,0,1,0,0,0,0,0
48,0.0,0.31,37,8.99,1,2,0.01,0.0,1.0,0.0,0,1,0,0,0,0,0,0,1,0,0,0,1,0,0,0,1,0,0,0,0,0,0
26,0.0,28.65,15,8.99,0,4,1.79,1.0,0.0,0.0,0,0,1,0,0,0,0,1,0,0,0,1,0,0,0,0,0,0,1,0,0,0,0
66,2.0,5.17,18,17.99,0,3,0.27,0.0,1.0,0.0,0,0,0,1,0,0,0,1,0,0,0,0,0,0,1,0,0,0,0,1,0,0,0
34,0.0,1.82,60,8.99,1,1,0.03,0.0,1.0,0.0,0,0,0,1,0,0,0,0,1,0,0,0,0,1,0,0,0,0,0,0,0,1,0
48,0.0,34.5,42,8.99,0,5,0.8,0.0,1.0,0.0,0,0,0,1,0,0,0,0,1,0,0,0,0,0,1,0,0,0,1,0,0,0,0
68,1.0,18.07,1,13.99,0,3,9.04,1.0,0.0,0.0,0,1,0,0,0,0,0,0,0,1,0,0,1,0,0,0,0,0,0,0,1,0,0
36,1.0,15.05,37,13.99,1,2,0.4,0.0,1.0,0.0,1,0,0,0,0,0,1,0,0,0,0,0,1,0,0,0,0,0,0,0,0,1,0
67,0.0,10.82,53,8.99,1,5,0.2,0.0,0.0,1.0,0,0,0,0,0,1,0,0,0,1,0,0,0,0,1,0,0,0,0,0,0,0,1
22,1.0,4.84,32,13.99,1,3,0.15,0.0,1.0,0.0,0,0,0,0,0,1,0,0,1,0,0,0,0,1,0,0,1,0,0,0,0,0,0
45,0.0,9.31,51,8.99,1,2,0.18,0.0,1.0,0.0,1,0,0,0,0,0,0,0,0,0,1,0,0,0,0,1,0,0,0,0,0,1,0
61,1.0,2.27,27,13.99,1,3,0.08,1.0,0.0,0.0,0,0,0,0,1,0,1,0,0,0,0,1,0,0,0,0,0,0,1,0,0,0,0
70,2.0,18.73,41,17.99,1,4,0.45,0.0,0.0,1.0,0,1,0,0,0,0,0,1,0,0,0,0,1,0,0,0,0,0,0,0,0,1,0
35,2.0,16.78,15,17.99,0,2,1.05,0.0,1.0,0.0,0,0,0,0,1,0,0,1,0,0,0,0,0,0,0,1,0,0,1,0,0,0,0
37,0.0,24.82,46,8.99,0,2,0.53,0.0,0.0,1.0,0,0,0,1,0,0,0,0,0,1,0,0,1,0,0,0,0,0,0,0,0,1,0
54,2.0,11.6,33,17.99,1,4,0.34,1.0,0.0,0.0,1,0,0,0,0,0,0,0,0,1,0,0,0,0,1,0,0,0,0,0,1,0,0
61,0.0,16.1,0,8.99,0,1,16.1,0.0,1.0,0.0,0,0,0,0,1,0,0,0,0,1,0,0,0,1,0,0,1,0,0,0,0,0,0
20,0.0,12.66,8,8.99,0,5,1.41,1.0,0.0,0.0,1,0,0,0,0,0,0,0,0,1,0,0,0,0,0,1,0,1,0,0,0,0,0
19,0.0,4.03,20,8.99,1,5,0.19,0.0,1.0,0.0,0,0,0,0,0,1,0,1,0,0,0,0,0,0,1,0,0,0,0,1,0,0,0
18,1.0,5.81,49,13.99,1,2,0.12,1.0,0.0,0.0,0,0,1,0,0,0,0,1,0,0,0,0,0,0,0,1,0,0,0,0,0,0,1
47,1.0,3.5,32,13.99,1,1,0.11,0.0,0.0,1.0,0,0,1,0,0,0,0,0,0,0,1,0,1,0,0,0,0,0,0,0,0,0,1
37,2.0,0.83,45,17.99,1,4,0.02,1.0,0.0,0.0,0,0,1,0,0,0,0,0,0,1,0,0,0,1,0,0,0,0,1,0,0,0,0
65,1.0,5.46,55,13.99,1,2,0.1,0.0,1.0,0.0,0,0,0,0,0,1,0,0,0,0,1,0,0,0,0,1,0,0,0,0,0,0,1
26,2.0,19.48,16,17.99,0,5,1.15,0.0,0.0,1.0,0,0,0,0,0,1,1,0,0,0,0,0,1,0,0,0,0,0,0,0,0,1,0
38,0.0,8.81,17,8.99,0,4,0.49,0.0,0.0,1.0,1,0,0,0,0,0,0,0,1,0,0,0,0,1,0,0,0,0,0,0,0,1,0
67,2.0,4.2,3,17.99,0,5,1.05,1.0,0.0,0.0,0,0,0,0,0,1,1,0,0,0,0,0,1,0,0,0,1,0,0,0,0,0,0
20,1.0,11.97,2,13.99,0,5,3.99,0.0,0.0,1.0,1,0,0,0,0,0,0,0,1,0,0,0,1,0,0,0,0,1,0,0,0,0,0
38,1.0,4.06,26,13.99,1,5,0.15,1.0,0.0,0.0,0,0,0,0,0,1,1,0,0,0,0,0,1,0,0,0,0,1,0,0,0,0,0
59,0.0,7.97,11,8.99,0,1,0.66,0.0,0.0,1.0,0,1,0,0,0,0,0,0,0,1,0,0,1,0,0,0,1,0,0,0,0,0,0
37,2.0,8.02,53,17.99,1,4,0.15,0.0,1.0,0.0,0,0,0,1,0,0,0,0,0,0,1,0,0,0,1,0,0,1,0,0,0,0,0
54,1.0,2.79,1,13.99,0,1,1.4,0.0,0.0,1.0,0,0,0,0,0,1,0,0,0,1,0,1,0,0,0,0,1,0,0,0,0,0,0
24,1.0,11.33,47,13.99,1,3,0.24,1.0,0.0,0.0,0,0,0,1,0,0,0,0,1,0,0,1,0,0,0,0,0,1,0,0,0,0,0
69,2.0,20.29,37,17.99,0,5,0.53,0.0,1.0,0.0,0,0,0,1,0,0,0,0,0,1,0,0,0,1,0,0,0,0,0,0,1,0,0
24,0.0,9.13,10,8.99,0,4,0.83,1.0,0.0,0.0,0,1,0,0,0,0,0,1,0,0,0,0,0,1,0,0,0,0,1,0,0,0,0
58,1.0,13.23,18,13.99,0,5,0.7,0.0,0.0,1.0,0,1,0,0,0,0,0,1,0,0,0,0,0,1,0,0,0,1,0,0,0,0,0
44,2.0,13.56,14,17.99,0,1,0.9,0.0,1.0,0.0,0,1,0,0,0,0,1,0,0,0,0,0,0,1,0,0,0,0,1,0,0,0,0
50,1.0,30.53,31,13.99,0,5,0.95,0.0,1.0,0.0,0,0,0,1,0,0,1,0,0,0,0,0,0,0,1,0,1,0,0,0,0,0,0
66,2.0,14.15,14,17.99,0,1,0.94,0.0,0.0,1.0,0,0,0,0,0,1,0,0,1,0,0,0,0,0,0,1,1,0,0,0,0,0,0
40,0.0,24.02,23,8.99,0,5,1.0,0.0,0.0,1.0,0,1,0,0,0,0,0,1,0,0,0,0,0,0,0,1,0,0,1,0,0,0,0
25,1.0,7.35,41,13.99,1,1,0.17,0.0,1.0,0.0,0,1,0,0,0,0,0,0,0,1,0,1,0,0,0,0,0,0,1,0,0,0,0
31,0.0,3.89,0,8.99,0,3,3.89,1.0,0.0,0.0,0,0,0,0,1,0,0,1,0,0,0,1,0,0,0,0,0,0,0,0,0,1,0
61,1.0,4.14,30,13.99,1,2,0.13,0.0,1.0,0.0,0,1,0,0,0,0,0,1,0,0,0,1,0,0,0,0,0,0,0,1,0,0,0
36,0.0,6.54,28,8.99,0,5,0.23,0.0,1.0,0.0,0,0,0,0,1,0,0,1,0,0,0,0,0,1,0,0,1,0,0,0,0,0,0
60,1.0,6.23,19,13.99,0,5,0.31,0.0,1.0,0.0,0,0,0,0,0,1,1,0,0,0,0,0,0,0,0,1,0,0,1,0,0,0,0
54,2.0,6.26,51,17.99,1,3,0.12,0.0,1.0,0.0,0,0,0,0,0,1,1,0,0,0,0,0,0,0,1,0,0,0,0,0,1,0,0
57,2.0,7.79,46,17.99,1,5,0.17,0.0,1.0,0.0,0,0,1,0,0,0,0,0,0,1,0,0,1,0,0,0,0,0,1,0,0,0,0
20,0.0,1.0,32,8.99,1,2,0.03,1.0,0.0,0.0,1,0,0,0,0,0,0,0,0,0,1,1,0,0,0,0,0,0,0,0,0,1,0
18,1.0,9.29,52,13.99,1,2,0.18,1.0,0.0,0.0,0,1,0,0,0,0,0,0,1,0,0,0,0,0,0,1,0,0,0,0,1,0,0
57,0.0,3.31,57,8.99,1,2,0.06,0.0,1.0,0.0,0,0,1,0,0,0,0,0,1,0,0,0,0,0,1,0,0,0,0,1,0,0,0
33,1.0,19.28,19,13.99,0,4,0.96,1.0,0.0,0.0,0,0,0,1,0,0,0,0,0,0,1,1,0,0,0,0,0,0,0,0,0,0,1
68,2.0,23.8,4,17.99,0,2,4.76,1.0,0.0,0.0,0,0,0,0,1,0,0,0,0,0,1,0,1,0,0,0,0,0,0,0,0,0,1
66,2.0,7.68,15,17.99,0,4,0.48,1.0,0.0,0.0,0,0,0,0,0,1,0,0,0,0,1,0,1,0,0,0,0,0,0,1,0,0,0
30,0.0,6.54,20,8.99,1,1,0.31,0.0,1.0,0.0,0,0,0,1,0,0,0,0,0,0,1,0,0,1,0,0,0,0,0,1,0,0,0
38,0.0,7.92,18,8.99,1,1,0.42,1.0,0.0,0.0,0,0,0,0,0,1,0,0,0,1,0,0,1,0,0,0,0,0,0,0,0,0,1
55,2.0,4.36,52,17.99,1,2,0.08,0.0,0.0,1.0,0,0,0,0,1,0,1,0,0,0,0,0,1,0,0,0,0,1,0,0,0,0,0
31,0.0,11.88,56,8.99,1,5,0.21,0.0,1.0,0.0,1,0,0,0,0,0,0,0,0,0,1,0,0,1,0,0,0,0,0,0,0,0,1
33,2.0,0.06,53,17.99,1,3,0.0,1.0,0.0,0.0,0,0,0,1,0,0,1,0,0,0,0,0,0,0,0,1,0,0,0,0,1,0,0
63,1.0,18.49,13,13.99,0,1,1.32,1.0,0.0,0.0,0,0,1,0,0,0,0,0,0,1,0,0,0,0,0,1,0,0,0,1,0,0,0
45,0.0,6.87,11,8.99,0,3,0.57,0.0,0.0,1.0,0,0,1,0,0,0,0,1,0,0,0,0,0,1,0,0,0,0,0,1,0,0,0
24,0.0,0.75,26,8.99,1,2,0.03,0.0,1.0,0.0,0,0,0,1,0,0,0,1,0,0,0,0,0,0,1,0,0,0,0,1,0,0,0
35,0.0,8.87,10,8.99,0,2,0.81,0.0,0.0,1.0,0,0,0,0,1,0,0,1,0,0,0,1,0,0,0,0,0,0,0,1,0,0,0
69,0.0,21.53,7,8.99,0,3,2.69,0.0,1.0,0.0,0,0,0,1,0,0,0,1,0,0,0,0,1,0,0,0,0,1,0,0,0,0,0
50,1.0,7.54,18,13.99,0,4,0.4,0.0,0.0,1.0,0,0,0,0,0,1,1,0,0,0,0,1,0,0,0,0,1,0,0,0,0,0,0
69,2.0,6.95,54,17.99,0,5,0.13,1.0,0.0,0.0,0,0,1,0,0,0,1,0,0,0,0,0,0,1,0,0,1,0,0,0,0,0,0
37,2.0,58.79,27,17.99,0,3,2.1,0.0,0.0,1.0,0,0,0,1,0,0,0,0,1,0,0,0,1,0,0,0,0,0,0,1,0,0,0
50,0.0,18.87,28,8.99,0,4,0.65,0.0,0.0,1.0,0,0,0,0,1,0,0,0,1,0,0,0,1,0,0,0,1,0,0,0,0,0,0
56,2.0,0.12,10,17.99,1,4,0.01,0.0,0.0,1.0,0,0,0,0,1,0,0,1,0,0,0,0,1,0,0,0,0,0,0,0,1,0,0
29,2.0,17.11,5,17.99,0,1,2.85,1.0,0.0,0.0,0,0,0,0,0,1,0,0,1,0,0,0,1,0,0,0,0,0,0,0,1,0,0
48,0.0,3.88,17,8.99,1,1,0.22,0.0,1.0,0.0,0,0,0,0,0,1,0,0,1,0,0,0,0,1,0,0,1,0,0,0,0,0,0
28,2.0,9.22,44,17.99,1,3,0.2,0.0,1.0,0.0,0,0,1,0,0,0,1,0,0,0,0,1,0,0,0,0,0,0,0,1,0,0,0
19,1.0,1.86,13,13.99,0,4,0.13,0.0,0.0,1.0,0,1,0,0,0,0,0,1,0,0,0,0,0,0,0,1,0,0,1,0,0,0,0
35,1.0,5.16,17,13.99,0,4,0.29,0.0,0.0,1.0,0,0,0,0,1,0,0,0,1,0,0,1,0,0,0,0,0,1,0,0,0,0,0
51,0.0,1.5,34,8.99,1,2,0.04,0.0,0.0,1.0,0,0,0,0,0,1,0,0,0,1,0,0,1,0,0,0,0,0,1,0,0,0,0
66,2.0,5.73,58,17.99,1,1,0.1,0.0,1.0,0.0,0,0,1,0,0,0,1,0,0,0,0,0,0,0,0,1,1,0,0,0,0,0,0
55,0.0,10.19,5,8.99,0,3,1.7,0.0,1.0,0.0,0,0,1,0,0,0,1,0,0,0,0,0,0,0,0,1,1,0,0,0,0,0,0
63,0.0,6.81,18,8.99,0,4,0.36,0.0,1.0,0.0,0,0,1,0,0,0,0,0,0,1,0,0,0,0,1,0,0,1,0,0,0,0,0
27,2.0,6.78,4,17.99,0,3,1.36,0.0,0.0,1.0,0,0,0,0,0,1,0,0,1,0,0,0,0,0,0,1,0,0,0,1,0,0,0
34,1.0,1.92,31,13.99,1,1,0.06,0.0,0.0,1.0,0,0,0,0,1,0,0,0,0,1,0,0,0,0,0,1,1,0,0,0,0,0,0
39,1.0,8.6,37,13.99,0,4,0.23,0.0,0.0,1.0,0,0,1,0,0,0,0,0,1,0,0,1,0,0,0,0,1,0,0,0,0,0,0
34,1.0,4.06,44,13.99,1,1,0.09,1.0,0.0,0.0,0,0,1,0,0,0,0,0,0,0,1,0,0,0,0,1,0,0,0,1,0,0,0
24,1.0,30.49,39,13.99,0,1,0.76,1.0,0.0,0.0,0,0,0,1,0,0,0,0,0,1,0,0,0,0,0,1,0,0,0,0,0,0,1
33,0.0,6.73,46,8.99,1,2,0.14,1.0,0.0,0.0,0,0,0,0,0,1,1,0,0,0,0,1,0,0,0,0,0,0,0,1,0,0,0
62,0.0,0.9,22,8.99,1,4,0.04,0.0,1.0,0.0,0,0,0,0,0,1,0,0,0,0,1,0,0,1,0,0,0,0,0,0,0,1,0
51,0.0,7.61,23,8.99,1,3,0.32,1.0,0.0,0.0,0,0,0,0,0,1,0,0,0,0,1,0,0,0,1,0,0,1,0,0,0,0,0
48,0.0,7.52,48,8.99,1,3,0.15,0.0,1.0,0.0,0,1,0,0,0,0,1,0,0,0,0,0,0,1,0,0,0,0,0,0,0,1,0
20,2.0,6.94,45,17.99,1,1,0.15,0.0,1.0,0.0,0,0,0,0,0,1,0,0,1,0,0,1,0,0,0,0,0,1,0,0,0,0,0
44,2.0,0.62,22,17.99,1,2,0.03,0.0,1.0,0.0,1,0,0,0,0,0,0,0,0,0,1,0,0,0,0,1,0,0,1,0,0,0,0
62,0.0,79.18,18,8.99,0,3,4.17,1.0,0.0,0.0,0,0,1,0,0,0,0,0,0,1,0,1,0,0,0,0,0,0,1,0,0,0,0
41,0.0,5.65,57,8.99,1,5,0.1,0.0,0.0,1.0,1,0,0,0,0,0,0,0,0,0,1,0,0,1,0,0,0,1,0,0,0,0,0
51,2.0,1.37,60,17.99,1,4,0.02,0.0,0.0,1.0,0,0,0,0,0,1,0,0,0,0,1,0,0,0,0,1,1,0,0,0,0,0,0
39,1.0,17.67,13,13.99,0,3,1.26,1.0,0.0,0.0,0,0,1,0,0,0,0,0,0,0,1,0,0,1,0,0,0,0,0,0,0,1,0
52,0.0,9.57,25,8.99,0,5,0.37,0.0,0.0,1.0,0,0,0,0,0,1,0,0,0,1,0,0,0,1,0,0,0,0,0,0,1,0,0
22,2.0,2.14,52,17.99,1,2,0.04,0.0,1.0,0.0,0,0,0,0,1,0,0,0,0,1,0,0,0,0,0,1,0,0,0,0,1,0,0
23,0.0,8.23,23,8.99,1,1,0.34,1.0,0.0,0.0,0,0,0,0,1,0,1,0,0,0,0,0,0,0,0,1,1,0,0,0,0,0,0
44,0.0,24.96,35,8.99,0,2,0.69,0.0,1.0,0.0,0,0,1,0,0,0,0,0,0,1,0,0,1,0,0,0,0,0,1,0,0,0,0
58,1.0,2.53,54,13.99,1,5,0.05,1.0,0.0,0.0,0,0,1,0,0,0,1,0,0,0,0,0,0,0,1,0,0,0,0,0,0,0,1
37,1.0,5.08,40,13.99,0,4,0.12,0.0,1.0,0.0,1,0,0,0,0,0,0,1,0,0,0,0,0,0,0,1,0,0,1,0,0,0,0
62,1.0,7.36,45,13.99,1,2,0.16,0.0,0.0,1.0,1,0,0,0,0,0,0,1,0,0,0,0,0,0,0,1,0,0,0,0,1,0,0
22,0.0,8.01,26,8.99,1,1,0.3,1.0,0.0,0.0,0,0,1,0,0,0,0,0,0,0,1,0,0,0,0,1,0,0,0,1,0,0,0
59,1.0,1.86,40,13.99,1,5,0.05,0.0,1.0,0.0,0,0,0,0,0,1,0,1,0,0,0,0,1,0,0,0,0,0,0,1,0,0,0
67,2.0,7.94,52,17.99,1,1,0.15,0.0,1.0,0.0,0,0,0,0,0,1,0,0,0,0,1,0,1,0,0,0,0,0,0,0,1,0,0
63,0.0,1.84,15,8.99,1,3,0.12,1.0,0.0,0.0,0,0,0,0,0,1,1,0,0,0,0,0,0,1,0,0,1,0,0,0,0,0,0
23,0.0,1.04,59,8.99,1,4,0.02,0.0,0.0,1.0,0,0,0,0,0,1,0,0,0,0,1,1,0,0,0,0,0,1,0,0,0,0,0
68,0.0,24.34,16,8.99,0,5,1.43,0.0,1.0,0.0,0,0,0,0,1,0,1,0,0,0,0,1,0,0,0,0,0,0,1,0,0,0,0
42,1.0,0.02,38,13.99,1,3,0.0,0.0,0.0,1.0,0,0,1,0,0,0,1,0,0,0,0,0,1,0,0,0,0,0,0,0,0,1,0
61,2.0,6.27,42,17.99,1,1,0.15,1.0,0.0,0.0,0,0,0,0,0,1,0,0,0,1,0,0,1,0,0,0,1,0,0,0,0,0,0
39,2.0,16.03,13,17.99,0,1,1.15,0.0,1.0,0.0,0,1,0,0,0,0,0,0,0,1,0,1,0,0,0,0,0,0,1,0,0,0,0
22,1.0,2.14,44,13.99,1,4,0.05,1.0,0.0,0.0,0,0,0,0,1,0,0,1,0,0,0,0,1,0,0,0,0,0,0,0,0,0,1
46,0.0,13.33,34,8.99,1,2,0.38,0.0,1.0,0.0,0,1,0,0,0,0,0,1,0,0,0,1,0,0,0,0,0,0,0,0,0,0,1
64,0.0,15.97,6,8.99,0,1,2.28,0.0,1.0,0.0,0,0,0,0,1,0,0,0,1,0,0,1,0,0,0,0,0,0,0,0,0,1,0
35,2.0,11.07,12,17.99,0,3,0.85,0.0,1.0,0.0,0,0,1,0,0,0,0,0,0,0,1,0,0,0,0,1,0,0,0,0,1,0,0
53,0.0,7.84,0,8.99,0,3,7.84,1.0,0.0,0.0,0,0,0,1,0,0,0,0,1,0,0,0,0,0,1,0,1,0,0,0,0,0,0
40,0.0,8.15,24,8.99,0,4,0.33,0.0,0.0,1.0,1,0,0,0,0,0,0,1,0,0,0,0,0,0,0,1,0,0,0,0,1,0,0
41,2.0,1.35,59,17.99,1,1,0.02,1.0,0.0,0.0,0,1,0,0,0,0,0,1,0,0,0,0,0,0,0,1,0,0,0,0,1,0,0
26,1.0,41.97,44,13.99,0,2,0.93,0.0,1.0,0.0,0,0,0,0,0,1,1,0,0,0,0,0,0,0,1,0,0,0,0,0,0,1,0
53,1.0,7.16,33,13.99,1,1,0.21,0.0,0.0,1.0,0,1,0,0,0,0,0,1,0,0,0,0,0,1,0,0,0,0,0,1,0,0,0
70,0.0,12.25,8,8.99,0,3,1.36,1.0,0.0,0.0,1,0,0,0,0,0,1,0,0,0,0,0,1,0,0,0,0,0,0,0,1,0,0
46,2.0,8.98,13,17.99,0,5,0.64,0.0,0.0,1.0,1,0,0,0,0,0,1,0,0,0,0,0,0,0,1,0,0,0,0,0,0,1,0
22,1.0,21.77,26,13.99,0,5,0.81,0.0,0.0,1.0,0,0,0,0,0,1,0,0,0,1,0,1,0,0,0,0,0,0,0,0,0,1,0
55,1.0,50.26,53,13.99,0,3,0.93,1.0,0.0,0.0,0,1,0,0,0,0,0,0,0,0,1,1,0,0,0,0,0,1,0,0,0,0,0
26,1.0,4.97,10,13.99,1,1,0.45,0.0,1.0,0.0,1,0,0,0,0,0,0,1,0,0,0,0,0,0,0,1,0,0,0,0,1,0,0
43,2.0,2.23,29,17.99,1,1,0.07,0.0,1.0,0.0,0,0,0,0,1,0,0,1,0,0,0,0,0,0,1,0,0,0,1,0,0,0,0
51,0.0,12.86,32,8.99,1,5,0.39,1.0,0.0,0.0,1,0,0,0,0,0,0,1,0,0,0,0,0,0,0,1,1,0,0,0,0,0,0
41,1.0,9.19,45,13.99,1,2,0.2,0.0,1.0,0.0,0,0,0,1,0,0,0,1,0,0,0,0,0,0,0,1,0,0,0,1,0,0,0
25,1.0,9.59,25,13.99,0,2,0.37,0.0,1.0,0.0,0,0,0,1,0,0,0,0,0,1,0,0,0,0,0,1,1,0,0,0,0,0,0
27,2.0,5.82,49,17.99,1,2,0.12,1.0,0.0,0.0,0,0,0,0,1,0,0,1,0,0,0,0,0,0,1,0,0,0,1,0,0,0,0
62,2.0,5.94,16,17.99,0,4,0.35,0.0,1.0,0.0,0,0,1,0,0,0,0,0,0,1,0,1,0,0,0,0,0,0,1,0,0,0,0
36,2.0,25.4,46,17.99,0,5,0.54,0.0,0.0,1.0,0,0,0,0,1,0,0,1,0,0,0,0,0,1,0,0,0,0,1,0,0,0,0
30,1.0,2.26,3,13.99,0,4,0.56,0.0,1.0,0.0,0,0,0,0,0,1,0,0,0,1,0,0,0,0,1,0,0,0,1,0,0,0,0
57,0.0,21.42,51,8.99,1,4,0.41,0.0,0.0,1.0,0,0,0,0,0,1,1,0,0,0,0,0,0,0,1,0,0,0,0,0,0,1,0
48,1.0,0.81,54,13.99,1,1,0.01,1.0,0.0,0.0,0,0,0,1,0,0,0,0,1,0,0,1,0,0,0,0,1,0,0,0,0,0,0
37,2.0,7.79,55,17.99,1,2,0.14,1.0,0.0,0.0,0,1,0,0,0,0,1,0,0,0,0,0,0,1,0,0,0,0,1,0,0,0,0
31,2.0,17.83,8,17.99,0,3,1.98,1.0,0.0,0.0,0,0,0,1,0,0,0,0,0,0,1,0,0,0,0,1,0,0,0,0,0,0,1
67,0.0,0.34,16,8.99,1,4,0.02,1.0,0.0,0.0,0,0,1,0,0,0,0,0,1,0,0,0,0,0,1,0,0,0,0,0,1,0,0
49,0.0,4.11,3,8.99,1,3,1.03,0.0,1.0,0.0,0,0,0,0,1,0,0,0,1,0,0,0,1,0,0,0,1,0,0,0,0,0,0
63,2.0,13.82,38,17.99,1,2,0.35,0.0,0.0,1.0,0,0,0,1,0,0,1,0,0,0,0,0,1,0,0,0,0,0,0,0,0,0,1
48,0.0,2.12,52,8.99,1,5,0.04,0.0,1.0,0.0,0,0,0,1,0,0,0,1,0,0,0,0,1,0,0,0,0,0,1,0,0,0,0
42,0.0,28.96,22,8.99,0,5,1.26,0.0,0.0,1.0,0,0,1,0,0,0,0,1,0,0,0,0,0,0,0,1,0,0,0,0,0,0,1
54,1.0,13.51,26,13.99,0,4,0.5,0.0,1.0,0.0,0,1,0,0,0,0,0,0,0,0,1,0,0,0,0,1,0,0,0,0,1,0,0
39,2.0,3.87,23,17.99,0,5,0.16,0.0,0.0,1.0,0,0,0,1,0,0,0,1,0,0,0,0,0,1,0,0,0,0,0,1,0,0,0
31,2.0,15.41,44,17.99,1,2,0.34,0.0,0.0,1.0,0,0,0,1,0,0,1,0,0,0,0,0,0,0,0,1,0,0,0,0,0,0,1
46,1.0,3.07,51,13.99,1,2,0.06,1.0,0.0,0.0,0,0,1,0,0,0,0,0,0,0,1,0,1,0,0,0,0,0,1,0,0,0,0
53,0.0,0.09,18,8.99,1,3,0.0,0.0,1.0,0.0,1,0,0,0,0,0,0,0,1,0,0,0,0,0,0,1,0,1,0,0,0,0,0
33,2.0,3.91,11,17.99,1,2,0.33,1.0,0.0,0.0,0,0,0,0,1,0,1,0,0,0,0,0,0,1,0,0,0,1,0,0,0,0,0
67,1.0,1.71,47,13.99,1,2,0.04,0.0,1.0,0.0,0,1,0,0,0,0,0,0,0,0,1,0,1,0,0,0,0,0,0,0,0,1,0
37,2.0,0.56,50,17.99,1,3,0.01,1.0,0.0,0.0,0,0,1,0,0,0,0,0,0,1,0,0,0,1,0,0,0,0,1,0,0,0,0
25,1.0,7.12,33,13.99,1,2,0.21,0.0,1.0,0.0,0,0,0,0,0,1,0,1,0,0,0,0,1,0,0,0,0,0,1,0,0,0,0
54,2.0,1.42,59,17.99,1,5,0.02,1.0,0.0,0.0,0,0,0,0,0,1,0,1,0,0,0,1,0,0,0,0,0,0,1,0,0,0,0
29,0.0,18.53,27,8.99,0,4,0.66,1.0,0.0,0.0,1,0,0,0,0,0,0,0,1,0,0,0,0,0,0,1,0,1,0,0,0,0,0
63,2.0,13.66,4,17.99,0,2,2.73,0.0,1.0,0.0,0,1,0,0,0,0,0,0,1,0,0,0,0,0,0,1,0,0,0,0,0,0,1
30,1.0,6.03,6,13.99,0,1,0.86,1.0,0.0,0.0,0,0,1,0,0,0,1,0,0,0,0,0,1,0,0,0,0,0,0,0,1,0,0
50,1.0,16.83,11,13.99,0,2,1.4,1.0,0.0,0.0,0,0,0,0,0,1,0,0,0,0,1,1,0,0,0,0,0,0,1,0,0,0,0
36,1.0,10.58,0,13.99,0,1,10.58,0.0,1.0,0.0,0,0,1,0,0,0,0,0,0,0,1,1,0,0,0,0,0,0,0,0,0,1,0
56,1.0,11.0,21,13.99,0,2,0.5,0.0,0.0,1.0,0,0,0,0,1,0,0,0,0,1,0,0,0,1,0,0,0,0,0,1,0,0,0
65,0.0,4.92,44,8.99,1,5,0.11,0.0,0.0,1.0,0,0,0,0,1,0,0,0,0,0,1,0,1,0,0,0,0,1,0,0,0,0,0
54,0.0,39.11,53,8.99,0,3,0.72,1.0,0.0,0.0,0,0,0,0,0,1,0,1,0,0,0,0,0,0,1,0,0,0,0,0,1,0,0
38,0.0,23.85,37,8.99,0,1,0.63,0.0,1.0,0.0,0,0,0,0,0,1,0,0,0,0,1,1,0,0,0,0,0,0,0,1,0,0,0
54,2.0,12.02,58,17.99,1,3,0.2,0.0,1.0,0.0,0,0,1,0,0,0,0,0,0,0,1,0,0,1,0,0,0,0,1,0,0,0,0
60,2.0,17.14,28,17.99,0,5,0.59,0.0,1.0,0.0,0,0,0,0,1,0,1,0,0,0,0,0,0,0,1,0,0,0,0,0,0,0,1
40,2.0,2.14,12,17.99,1,1,0.16,0.0,0.0,1.0,0,0,0,0,0,1,0,0,0,1,0,0,1,0,0,0,1,0,0,0,0,0,0
23,2.0,14.78,11,17.99,0,2,1.23,1.0,0.0,0.0,0,0,0,0,1,0,0,0,0,1,0,0,0,1,0,0,0,0,1,0,0,0,0
25,0.0,13.15,54,8.99,1,5,0.24,1.0,0.0,0.0,0,0,0,1,0,0,0,0,0,1,0,0,0,0,1,0,1,0,0,0,0,0,0
24,2.0,17.2,33,17.99,0,5,0.51,1.0,0.0,0.0,0,1,0,0,0,0,1,0,0,0,0,0,0,0,0,1,0,0,0,0,0,0,1
34,0.0,4.51,39,8.99,1,4,0.11,0.0,0.0,1.0,0,0,0,0,0,1,1,0,0,0,0,0,1,0,0,0,1,0,0,0,0,0,0
37,0.0,13.86,55,8.99,1,2,0.25,0.0,0.0,1.0,0,0,0,0,1,0,0,0,1,0,0,0,0,0,0,1,0,0,0,0,0,1,0
24,1.0,6.56,8,13.99,0,4,0.73,0.0,0.0,1.0,0,1,0,0,0,0,0,0,0,1,0,0,0,0,0,1,0,0,0,0,0,1,0
35,0.0,32.1,58,8.99,0,4,0.54,0.0,1.0,0.0,0,0,1,0,0,0,0,0,1,0,0,0,0,0,1,0,0,1,0,0,0,0,0
69,1.0,1.33,22,13.99,1,3,0.06,0.0,0.0,1.0,1,0,0,0,0,0,0,1,0,0,0,0,0,0,1,0,0,0,0,0,1,0,0
69,1.0,77.65,52,13.99,0,2,1.47,0.0,0.0,1.0,0,0,0,0,1,0,0,0,0,1,0,0,0,0,0,1,0,0,0,0,1,0,0
67,1.0,5.35,46,13.99,1,1,0.11,0.0,1.0,0.0,1,0,0,0,0,0,0,0,0,1,0,0,1,0,0,0,0,0,0,0,0,0,1
66,1.0,21.15,51,13.99,0,5,0.41,1.0,0.0,0.0,0,0,0,1,0,0,0,0,0,0,1,0,0,0,0,1,0,0,0,0,0,0,1
41,1.0,1.87,37,13.99,1,2,0.05,0.0,1.0,0.0,0,0,1,0,0,0,1,0,0,0,0,0,1,0,0,0,0,0,0,0,0,0,1
60,1.0,2.38,10,13.99,0,5,0.22,0.0,0.0,1.0,0,1,0,0,0,0,0,1,0,0,0,0,0,1,0,0,1,0,0,0,0,0,0
69,1.0,0.36,50,13.99,1,2,0.01,0.0,1.0,0.0,0,0,1,0,0,0,1,0,0,0,0,1,0,0,0,0,0,0,1,0,0,0,0
65,1.0,7.4,34,13.99,1,3,0.21,1.0,0.0,0.0,0,0,0,0,0,1,0,0,0,1,0,0,1,0,0,0,0,0,0,0,0,0,1
20,1.0,0.68,35,13.99,1,1,0.02,0.0,0.0,1.0,0,0,0,1,0,0,1,0,0,0,0,0,0,1,0,0,0,1,0,0,0,0,0
28,2.0,4.3,21,17.99,1,1,0.2,0.0,0.0,1.0,0,0,0,1,0,0,0,1,0,0,0,0,0,0,1,0,0,0,0,0,0,1,0
34,2.0,9.54,16,17.99,0,4,0.56,1.0,0.0,0.0,0,0,0,0,1,0,0,0,0,0,1,0,0,0,1,0,0,0,0,0,0,1,0
63,0.0,4.09,55,8.99,1,1,0.07,0.0,1.0,0.0,0,0,0,0,0,1,1,0,0,0,0,1,0,0,0,0,0,0,0,0,0,1,0
46,1.0,19.74,2,13.99,0,4,6.58,0.0,1.0,0.0,0,0,0,1,0,0,1,0,0,0,0,1,0,0,0,0,0,0,1,0,0,0,0
20,2.0,8.24,57,17.99,1,5,0.14,0.0,1.0,0.0,1,0,0,0,0,0,0,0,0,1,0,0,0,0,1,0,0,0,1,0,0,0,0
55,2.0,14.29,30,17.99,0,5,0.46,1.0,0.0,0.0,0,0,0,0,0,1,0,1,0,0,0,0,1,0,0,0,1,0,0,0,0,0,0
43,2.0,12.18,50,17.99,1,3,0.24,1.0,0.0,0.0,0,0,1,0,0,0,0,1,0,0,0,0,0,0,1,0,0,0,0,0,0,1,0
51,1.0,1.12,34,13.99,1,1,0.03,0.0,0.0,1.0,1,0,0,0,0,0,0,1,0,0,0,0,0,0,1,0,0,0,1,0,0,0,0
44,2.0,2.11,25,17.99,0,4,0.08,0.0,1.0,0.0,0,0,1,0,0,0,0,0,0,1,0,0,0,0,0,1,0,0,0,1,0,0,0
29,0.0,14.55,18,8.99,0,3,0.77,0.0,0.0,1.0,0,0,0,1,0,0,0,0,0,1,0,0,0,0,0,1,0,1,0,0,0,0,0
29,0.0,5.33,36,8.99,1,4,0.14,0.0,1.0,0.0,0,1,0,0,0,0,0,0,0,1,0,0,0,0,1,0,0,0,0,0,1,0,0
33,1.0,7.06,16,13.99,0,5,0.42,0.0,0.0,1.0,0,1,0,0,0,0,0,0,0,1,0,0,0,1,0,0,0,1,0,0,0,0,0
27,1.0,20.02,53,13.99,0,4,0.37,0.0,0.0,1.0,1,0,0,0,0,0,0,1,0,0,0,1,0,0,0,0,1,0,0,0,0,0,0
43,1.0,3.24,23,13.99,1,5,0.14,1.0,0.0,0.0,0,0,0,0,0,1,0,1,0,0,0,0,0,0,1,0,0,0,0,1,0,0,0
65,0.0,25.81,41,8.99,0,1,0.61,0.0,0.0,1.0,1,0,0,0,0,0,0,0,0,1,0,1,0,0,0,0,0,0,0,0,0,0,1
20,2.0,11.73,9,17.99,0,2,1.17,0.0,0.0,1.0,1,0,0,0,0,0,0,0,1,0,0,1,0,0,0,0,0,0,1,0,0,0,0
27,0.0,0.18,7,8.99,1,3,0.02,0.0,0.0,1.0,0,0,1,0,0,0,0,0,0,0,1,0,0,0,1,0,0,0,0,1,0,0,0
24,2.0,6.01,58,17.99,1,1,0.1,0.0,1.0,0.0,0,0,0,1,0,0,0,0,0,0,1,0,0,1,0,0,0,0,0,0,0,1,0
37,1.0,1.56,21,13.99,0,5,0.07,0.0,0.0,1.0,0,0,0,0,0,1,1,0,0,0,0,1,0,0,0,0,0,1,0,0,0,0,0
19,1.0,24.66,27,13.99,0,2,0.88,1.0,0.0,0.0,0,0,0,1,0,0,1,0,0,0,0,0,1,0,0,0,0,0,0,0,1,0,0
46,0.0,11.72,23,8.99,0,4,0.49,0.0,1.0,0.0,0,0,1,0,0,0,0,0,0,1,0,0,1,0,0,0,0,0,0,1,0,0,0
35,1.0,20.45,10,13.99,0,2,1.86,1.0,0.0,0.0,0,0,1,0,0,0,0,0,0,0,1,1,0,0,0,0,0,0,0,0,0,0,1
33,1.0,8.94,50,13.99,1,3,0.18,0.0,0.0,1.0,1,0,0,0,0,0,1,0,0,0,0,0,1,0,0,0,0,0,0,0,0,0,1
65,0.0,10.94,18,8.99,0,3,0.58,1.0,0.0,0.0,0,1,0,0,0,0,0,1,0,0,0,0,1,0,0,0,0,0,0,0,0,0,1
61,2.0,24.63,19,17.99,0,1,1.23,0.0,0.0,1.0,1,0,0,0,0,0,0,0,0,0,1,0,1,0,0,0,0,0,0,1,0,0,0
57,1.0,45.93,53,13.99,0,2,0.85,0.0,0.0,1.0,0,0,0,1,0,0,1,0,0,0,0,1,0,0,0,0,0,0,0,1,0,0,0
38,2.0,11.96,22,17.99,0,4,0.52,0.0,1.0,0.0,0,0,0,1,0,0,0,0,0,1,0,0,0,1,0,0,0,0,0,1,0,0,0
24,1.0,8.4,29,13.99,0,1,0.28,1.0,0.0,0.0,0,0,0,1,0,0,0,0,0,0,1,0,0,1,0,0,0,0,0,0,0,1,0
20,0.0,25.17,3,8.99,0,2,6.29,1.0,0.0,0.0,0,0,0,0,1,0,1,0,0,0,0,0,1,0,0,0,0,0,1,0,0,0,0
31,0.0,2.82,19,8.99,1,4,0.14,0.0,0.0,1.0,1,0,0,0,0,0,0,1,0,0,0,0,0,1,0,0,0,0,0,0,0,0,1
48,0.0,1.61,41,8.99,1,2,0.04,0.0,0.0,1.0,1,0,0,0,0,0,0,1,0,0,0,1,0,0,0,0,0,0,0,1,0,0,0
22,2.0,14.69,12,17.99,0,1,1.13,0.0,1.0,0.0,0,1,0,0,0,0,1,0,0,0,0,0,0,0,0,1,0,0,0,0,0,1,0
35,0.0,20.74,51,8.99,0,5,0.4,1.0,0.0,0.0,0,0,0,0,1,0,0,0,1,0,0,0,0,1,0,0,0,0,0,0,1,0,0
56,0.0,1.62,8,8.99,1,1,0.18,0.0,0.0,1.0,0,0,0,0,1,0,0,0,0,0,1,1,0,0,0,0,0,0,0,0,0,0,1
27,1.0,5.85,3,13.99,0,5,1.46,1.0,0.0,0.0,0,0,0,0,1,0,0,1,0,0,0,0,1,0,0,0,0,0,0,0,0,0,1
37,0.0,12.73,49,8.99,1,3,0.25,1.0,0.0,0.0,1,0,0,0,0,0,0,0,1,0,0,1,0,0,0,0,1,0,0,0,0,0,0
18,2.0,22.0,15,17.99,0,5,1.38,1.0,0.0,0.0,0,0,1,0,0,0,0,1,0,0,0,0,0,1,0,0,0,0,0,0,0,0,1
68,2.0,18.66,57,17.99,1,1,0.32,0.0,1.0,0.0,1,0,0,0,0,0,1,0,0,0,0,1,0,0,0,0,0,0,0,1,0,0,0
28,2.0,11.92,52,17.99,1,3,0.22,0.0,0.0,1.0,0,0,0,0,1,0,0,0,0,1,0,0,1,0,0,0,0,0,0,0,1,0,0
52,2.0,7.17,48,17.99,1,3,0.15,0.0,0.0,1.0,0,0,0,0,1,0,1,0,0,0,0,1,0,0,0,0,0,1,0,0,0,0,0
45,0.0,5.12,25,8.99,0,5,0.2,1.0,0.0,0.0,0,0,0,0,1,0,0,0,0,1,0,0,1,0,0,0,0,0,0,0,1,0,0
30,1.0,31.65,29,13.99,0,4,1.05,0.0,1.0,0.0,0,0,1,0,0,0,0,0,1,0,0,0,0,1,0,0,0,0,0,0,1,0,0
29,0.0,5.55,20,8.99,1,2,0.26,1.0,0.0,0.0,0,0,0,0,0,1,0,0,0,1,0,0,0,0,1,0,0,1,0,0,0,0,0
30,1.0,6.42,26,13.99,0,1,0.24,1.0,0.0,0.0,0,1,0,0,0,0,0,0,0,0,1,0,0,0,0,1,0,0,0,0,1,0,0
63,2.0,16.38,27,17.99,0,3,0.58,0.0,0.0,1.0,0,0,0,0,0,1,0,0,1,0,0,0,0,0,0,1,0,0,1,0,0,0,0
34,2.0,29.29,19,17.99,0,4,1.46,0.0,0.0,1.0,1,0,0,0,0,0,0,0,0,1,0,0,0,0,1,0,0,0,0,0,0,0,1
55,1.0,13.62,47,13.99,1,4,0.28,1.0,0.0,0.0,0,1,0,0,0,0,0,1,0,0,0,0,1,0,0,0,0,0,0,0,0,1,0
62,0.0,4.14,38,8.99,1,1,0.11,0.0,0.0,1.0,0,0,0,1,0,0,0,0,1,0,0,0,0,0,0,1,0,1,0,0,0,0,0
45,2.0,32.96,50,17.99,0,5,0.65,1.0,0.0,0.0,0,0,0,0,1,0,0,0,0,0,1,0,0,1,0,0,0,0,0,0,0,1,0
60,1.0,8.17,12,13.99,0,3,0.63,0.0,1.0,0.0,1,0,0,0,0,0,0,0,0,0,1,1,0,0,0,0,0,0,0,0,0,1,0
46,2.0,14.63,0,17.99,0,2,14.63,0.0,1.0,0.0,0,0,0,0,1,0,0,0,1,0,0,0,0,0,0,1,0,0,1,0,0,0,0
44,2.0,7.59,46,17.99,1,2,0.16,1.0,0.0,0.0,0,1,0,0,0,0,0,0,0,1,0,0,0,0,0,1,0,0,0,0,0,1,0
39,1.0,6.8,44,13.99,1,3,0.15,0.0,1.0,0.0,1,0,0,0,0,0,1,0,0,0,0,0,1,0,0,0,0,0,0,0,0,1,0
69,0.0,1.9,7,8.99,1,5,0.24,0.0,0.0,1.0,0,0,1,0,0,0,1,0,0,0,0,1,0,0,0,0,0,0,1,0,0,0,0
44,0.0,1.69,7,8.99,1,5,0.21,1.0,0.0,0.0,0,0,0,1,0,0,0,0,1,0,0,0,1,0,0,0,0,0,0,0,0,1,0
60,0.0,3.09,35,8.99,1,2,0.09,0.0,1.0,0.0,0,0,0,0,0,1,0,0,0,0,1,0,0,0,1,0,0,0,0,0,0,1,0
18,1.0,0.24,24,13.99,1,5,0.01,0.0,0.0,1.0,1,0,0,0,0,0,0,0,1,0,0,0,0,0,1,0,0,0,0,1,0,0,0
58,1.0,17.9,52,13.99,1,4,0.34,1.0,0.0,0.0,0,0,0,0,1,0,1,0,0,0,0,0,1,0,0,0,0,0,1,0,0,0,0
54,2.0,4.81,27,17.99,1,3,0.17,0.0,1.0,0.0,0,0,0,1,0,0,0,0,0,1,0,0,0,1,0,0,0,0,1,0,0,0,0
61,1.0,7.28,11,13.99,0,2,0.61,0.0,1.0,0.0,0,0,0,1,0,0,0,1,0,0,0,0,0,0,0,1,0,0,0,0,0,1,0
68,2.0,7.65,50,17.99,0,4,0.15,0.0,0.0,1.0,0,0,0,1,0,0,0,0,1,0,0,1,0,0,0,0,0,0,0,1,0,0,0
35,0.0,8.85,48,8.99,1,5,0.18,1.0,0.0,0.0,0,0,0,0,1,0,0,0,1,0,0,0,1,0,0,0,0,0,0,0,0,1,0
45,1.0,21.09,4,13.99,0,5,4.22,1.0,0.0,0.0,1,0,0,0,0,0,0,0,0,0,1,0,0,0,1,0,0,0,0,0,0,1,0
32,0.0,15.46,6,8.99,0,4,2.21,0.0,0.0,1.0,0,0,0,1,0,0,0,1,0,0,0,1,0,0,0,0,0,0,0,0,1,0,0
63,1.0,9.75,21,13.99,0,1,0.44,1.0,0.0,0.0,1,0,0,0,0,0,0,0,0,0,1,0,0,1,0,0,0,0,0,0,1,0,0
53,1.0,2.23,22,13.99,1,2,0.1,1.0,0.0,0.0,0,0,1,0,0,0,1,0,0,0,0,1,0,0,0,0,0,0,0,0,0,1,0
52,0.0,4.08,37,8.99,1,4,0.11,0.0,0.0,1.0,1,0,0,0,0,0,1,0,0,0,0,0,0,0,0,1,0,0,0,0,0,1,0
70,1.0,2.21,56,13.99,1,5,0.04,1.0,0.0,0.0,0,0,1,0,0,0,0,0,0,0,1,0,0,0,1,0,0,0,1,0,0,0,0
46,1.0,7.14,23,13.99,0,5,0.3,0.0,0.0,1.0,0,0,0,0,1,0,0,0,0,1,0,0,1,0,0,0,0,0,0,0,0,0,1
19,0.0,6.32,3,8.99,0,2,1.58,1.0,0.0,0.0,0,1,0,0,0,0,0,0,1,0,0,1,0,0,0,0,0,0,0,1,0,0,0
24,1.0,22.15,10,13.99,0,5,2.01,0.0,1.0,0.0,0,0,1,0,0,0,0,0,0,1,0,0,0,0,1,0,0,0,0,0,1,0,0
59,2.0,2.83,12,17.99,0,5,0.22,0.0,1.0,0.0,1,0,0,0,0,0,0,1,0,0,0,1,0,0,0,0,0,1,0,0,0,0,0
49,1.0,4.38,43,13.99,1,3,0.1,1.0,0.0,0.0,0,0,1,0,0,0,0,0,0,1,0,0,0,1,0,0,0,0,0,0,0,1,0
43,1.0,9.13,12,13.99,0,3,0.7,0.0,1.0,0.0,1,0,0,0,0,0,0,0,1,0,0,0,0,1,0,0,0,0,1,0,0,0,0
31,2.0,13.34,39,17.99,1,4,0.33,0.0,0.0,1.0,1,0,0,0,0,0,0,0,0,0,1,0,1,0,0,0,0,0,0,0,1,0,0
70,0.0,26.98,57,8.99,1,4,0.47,0.0,0.0,1.0,0,0,0,1,0,0,0,0,0,1,0,0,1,0,0,0,0,0,0,0,1,0,0
56,1.0,0.93,2,13.99,0,5,0.31,0.0,1.0,0.0,0,0,0,0,1,0,0,0,0,0,1,1,0,0,0,0,0,0,0,0,1,0,0
33,1.0,4.18,10,13.99,1,5,0.38,0.0,0.0,1.0,0,0,0,0,0,1,0,1,0,0,0,0,1,0,0,0,0,0,0,0,1,0,0
58,0.0,5.36,59,8.99,1,1,0.09,0.0,0.0,1.0,0,0,0,0,1,0,0,0,0,1,0,0,1,0,0,0,0,1,0,0,0,0,0
31,0.0,3.77,12,8.99,1,2,0.29,1.0,0.0,0.0,0,0,0,0,0,1,0,1,0,0,0,1,0,0,0,0,0,0,1,0,0,0,0
29,2.0,2.06,24,17.99,1,1,0.08,0.0,0.0,1.0,0,0,1,0,0,0,0,0,1,0,0,0,0,0,1,0,0,0,0,0,1,0,0
46,2.0,4.16,13,17.99,1,2,0.3,1.0,0.0,0.0,0,0,0,1,0,0,0,0,0,0,1,0,0,1,0,0,0,0,0,0,0,0,1
50,0.0,13.21,36,8.99,1,4,0.36,0.0,0.0,1.0,0,1,0,0,0,0,0,0,0,0,1,0,1,0,0,0,0,1,0,0,0,0,0
23,0.0,6.86,59,8.99,1,4,0.11,1.0,0.0,0.0,1,0,0,0,0,0,1,0,0,0,0,0,0,0,1,0,1,0,0,0,0,0,0
43,0.0,1.51,29,8.99,1,2,0.05,1.0,0.0,0.0,0,0,0,1,0,0,1,0,0,0,0,1,0,0,0,0,0,0,1,0,0,0,0
28,2.0,0.01,7,17.99,1,1,0.0,1.0,0.0,0.0,0,0,0,0,0,1,0,0,0,1,0,0,1,0,0,0,0,0,0,0,0,0,1
28,1.0,14.02,33,13.99,1,1,0.41,0.0,1.0,0.0,0,0,0,0,1,0,0,0,1,0,0,0,0,1,0,0,0,0,0,1,0,0,0
44,1.0,0.55,51,13.99,1,2,0.01,1.0,0.0,0.0,0,1,0,0,0,0,0,0,0,0,1,0,1,0,0,0,0,0,1,0,0,0,0
62,1.0,3.58,15,13.99,0,5,0.22,0.0,1.0,0.0,0,0,0,0,1,0,0,0,0,0,1,1,0,0,0,0,0,0,0,0,1,0,0
54,0.0,2.28,17,8.99,1,2,0.13,0.0,1.0,0.0,0,1,0,0,0,0,0,0,0,1,0,0,0,0,0,1,0,0,0,0,1,0,0
24,0.0,9.58,44,8.99,1,5,0.21,1.0,0.0,0.0,0,0,0,0,0,1,0,0,0,0,1,1,0,0,0,0,0,0,1,0,0,0,0
27,0.0,6.3,34,8.99,1,4,0.18,0.0,0.0,1.0,1,0,0,0,0,0,0,0,0,0,1,0,0,1,0,0,0,0,1,0,0,0,0
52,0.0,1.59,29,8.99,1,3,0.05,1.0,0.0,0.0,0,0,0,0,0,1,0,0,0,1,0,0,0,0,0,1,1,0,0,0,0,0,0
55,0.0,1.38,52,8.99,1,5,0.03,0.0,0.0,1.0,0,0,0,0,0,1,0,0,0,0,1,0,0,0,1,0,0,0,1,0,0,0,0
62,1.0,18.07,20,13.99,0,2,0.86,0.0,1.0,0.0,1,0,0,0,0,0,1,0,0,0,0,0,0,0,0,1,0,0,0,0,0,1,0
64,2.0,6.41,54,17.99,1,1,0.12,1.0,0.0,0.0,0,0,1,0,0,0,0,0,1,0,0,0,0,0,1,0,0,0,0,0,0,1,0
31,2.0,18.73,1,17.99,0,1,9.37,0.0,0.0,1.0,0,0,0,0,1,0,0,0,1,0,0,0,1,0,0,0,1,0,0,0,0,0,0
47,0.0,14.08,20,8.99,0,3,0.67,0.0,0.0,1.0,1,0,0,0,0,0,1,0,0,0,0,0,0,0,1,0,0,1,0,0,0,0,0
37,1.0,18.23,36,13.99,1,5,0.49,0.0,0.0,1.0,0,0,0,0,1,0,1,0,0,0,0,0,0,0,1,0,1,0,0,0,0,0,0
65,1.0,28.86,13,13.99,0,4,2.06,0.0,0.0,1.0,0,1,0,0,0,0,0,1,0,0,0,0,0,0,1,0,0,0,0,0,1,0,0
20,2.0,49.3,25,17.99,0,3,1.9,1.0,0.0,0.0,0,0,0,0,1,0,0,0,0,0,1,0,0,0,1,0,0,0,0,1,0,0,0
45,0.0,3.95,38,8.99,1,1,0.1,0.0,0.0,1.0,1,0,0,0,0,0,0,0,0,0,1,0,0,0,1,0,0,0,1,0,0,0,0
67,0.0,11.06,16,8.99,0,4,0.65,1.0,0.0,0.0,0,0,0,1,0,0,1,0,0,0,0,1,0,0,0,0,0,0,0,0,0,0,1
70,0.0,6.66,55,8.99,1,4,0.12,0.0,1.0,0.0,0,0,0,0,1,0,1,0,0,0,0,0,0,0,1,0,0,0,0,0,0,1,0
67,0.0,9.54,40,8.99,1,2,0.23,0.0,1.0,0.0,0,0,0,1,0,0,0,1,0,0,0,0,1,0,0,0,0,1,0,0,0,0,0
28,0.0,10.43,25,8.99,0,4,0.4,1.0,0.0,0.0,0,0,0,0,1,0,0,0,0,0,1,0,0,0,1,0,0,0,0,0,1,0,0
53,2.0,5.79,34,17.99,1,5,0.17,0.0,0.0,1.0,1,0,0,0,0,0,0,0,1,0,0,0,0,0,1,0,0,0,1,0,0,0,0
36,0.0,34.97,16,8.99,0,2,2.06,0.0,1.0,0.0,0,0,1,0,0,0,0,0,0,1,0,0,0,0,0,1,1,0,0,0,0,0,0
48,0.0,5.71,40,8.99,1,1,0.14,1.0,0.0,0.0,1,0,0,0,0,0,0,0,0,0,1,0,1,0,0,0,0,0,0,0,0,1,0
19,1.0,6.31,18,13.99,0,1,0.33,0.0,0.0,1.0,0,0,0,1,0,0,0,0,0,1,0,0,1,0,0,0,0,0,0,0,0,0,1
25,2.0,6.08,33,17.99,0,5,0.18,0.0,1.0,0.0,1,0,0,0,0,0,0,1,0,0,0,0,0,1,0,0,0,0,1,0,0,0,0
31,1.0,6.59,19,13.99,0,3,0.33,0.0,0.0,1.0,1,0,0,0,0,0,1,0,0,0,0,0,1,0,0,0,0,0,1,0,0,0,0
56,0.0,15.59,3,8.99,0,3,3.9,1.0,0.0,0.0,0,0,0,0,0,1,1,0,0,0,0,0,0,0,1,0,1,0,0,0,0,0,0
51,1.0,7.43,25,13.99,0,5,0.29,0.0,0.0,1.0,0,0,0,1,0,0,0,0,1,0,0,0,1,0,0,0,0,1,0,0,0,0,0
23,0.0,21.34,19,8.99,0,2,1.07,1.0,0.0,0.0,0,0,0,0,0,1,0,0,0,1,0,0,0,0,1,0,0,0,0,0,0,1,0
67,1.0,17.3,30,13.99,0,4,0.56,0.0,1.0,0.0,0,0,0,1,0,0,1,0,0,0,0,0,0,0,1,0,1,0,0,0,0,0,0
29,2.0,14.26,23,17.99,0,5,0.59,0.0,0.0,1.0,0,0,0,0,0,1,0,1,0,0,0,0,0,0,0,1,0,0,0,0,1,0,0
25,2.0,9.95,43,17.99,0,4,0.23,0.0,1.0,0.0,0,0,0,0,0,1,0,0,0,0,1,0,0,1,0,0,0,0,0,0,0,0,1
37,0.0,5.62,19,8.99,1,3,0.28,1.0,0.0,0.0,0,1,0,0,0,0,0,1,0,0,0,0,1,0,0,0,0,0,0,0,0,1,0
69,2.0,9.07,47,17.99,0,5,0.19,0.0,1.0,0.0,1,0,0,0,0,0,1,0,0,0,0,0,0,0,0,1,0,1,0,0,0,0,0
37,0.0,10.37,58,8.99,1,1,0.18,0.0,0.0,1.0,0,0,0,0,0,1,0,0,0,0,1,1,0,0,0,0,0,0,0,0,1,0,0
31,2.0,19.72,40,17.99,1,3,0.48,1.0,0.0,0.0,0,0,0,0,0,1,0,0,0,1,0,0,0,0,1,0,0,0,0,0,1,0,0
39,2.0,22.35,36,17.99,0,5,0.6,0.0,0.0,1.0,0,1,0,0,0,0,0,0,0,1,0,0,0,0,1,0,0,0,0,0,0,1,0
26,1.0,11.26,50,13.99,1,2,0.22,0.0,1.0,0.0,0,0,0,0,1,0,0,0,0,0,1,1,0,0,0,0,0,0,1,0,0,0,0
49,1.0,14.28,7,13.99,0,3,1.78,0.0,1.0,0.0,1,0,0,0,0,0,1,0,0,0,0,0,1,0,0,0,0,0,0,0,0,0,1
34,1.0,1.55,15,13.99,1,3,0.1,0.0,0.0,1.0,0,1,0,0,0,0,1,0,0,0,0,0,0,1,0,0,0,0,0,0,0,0,1
64,0.0,26.45,41,8.99,0,1,0.63,0.0,1.0,0.0,1,0,0,0,0,0,0,1,0,0,0,0,0,1,0,0,0,0,0,0,0,1,0
60,1.0,5.77,0,13.99,0,5,5.77,0.0,1.0,0.0,0,0,1,0,0,0,0,0,0,0,1,0,0,1,0,0,0,1,0,0,0,0,0
29,0.0,13.0,46,8.99,1,4,0.28,0.0,1.0,0.0,0,0,0,0,1,0,0,0,0,0,1,1,0,0,0,0,0,0,0,1,0,0,0
30,1.0,0.74,0,13.99,0,4,0.74,0.0,1.0,0.0,0,0,0,0,0,1,0,1,0,0,0,1,0,0,0,0,1,0,0,0,0,0,0
67,1.0,26.05,21,13.99,0,4,1.18,0.0,1.0,0.0,0,0,1,0,0,0,0,0,0,1,0,0,0,0,0,1,0,0,0,1,0,0,0
23,2.0,4.46,50,17.99,1,3,0.09,0.0,0.0,1.0,0,0,0,1,0,0,1,0,0,0,0,0,1,0,0,0,0,0,0,0,1,0,0
34,1.0,4.26,22,13.99,1,3,0.19,0.0,1.0,0.0,0,0,0,0,0,1,0,1,0,0,0,1,0,0,0,0,0,0,0,0,0,0,1
57,0.0,14.31,0,8.99,0,5,14.31,1.0,0.0,0.0,0,0,0,0,1,0,0,0,1,0,0,0,0,0,0,1,0,0,0,0,0,1,0
52,2.0,45.18,45,17.99,0,5,0.98,0.0,1.0,0.0,1,0,0,0,0,0,0,0,0,1,0,0,0,0,1,0,1,0,0,0,0,0,0
59,1.0,23.07,56,13.99,0,2,0.4,1.0,0.0,0.0,0,0,0,1,0,0,0,0,0,1,0,1,0,0,0,0,0,0,0,0,0,1,0
26,2.0,3.67,2,17.99,0,1,1.22,0.0,1.0,0.0,0,0,0,1,0,0,1,0,0,0,0,0,0,0,1,0,0,0,1,0,0,0,0
40,0.0,14.79,4,8.99,0,3,2.96,0.0,1.0,0.0,0,0,0,1,0,0,0,0,0,1,0,0,0,0,0,1,0,0,0,0,0,0,1
28,1.0,1.17,34,13.99,1,4,0.03,0.0,1.0,0.0,0,1,0,0,0,0,0,1,0,0,0,0,0,0,0,1,0,1,0,0,0,0,0
50,1.0,13.5,49,13.99,1,2,0.27,0.0,1.0,0.0,0,1,0,0,0,0,0,0,0,0,1,1,0,0,0,0,0,0,0,1,0,0,0
37,1.0,4.65,15,13.99,1,3,0.29,0.0,1.0,0.0,1,0,0,0,0,0,0,1,0,0,0,1,0,0,0,0,0,0,0,0,1,0,0
26,2.0,11.88,25,17.99,0,3,0.46,0.0,1.0,0.0,0,0,1,0,0,0,0,1,0,0,0,0,0,0,1,0,0,0,0,1,0,0,0
64,0.0,3.25,44,8.99,1,1,0.07,1.0,0.0,0.0,0,1,0,0,0,0,0,1,0,0,0,1,0,0,0,0,0,0,0,1,0,0,0
69,0.0,4.81,46,8.99,1,3,0.1,1.0,0.0,0.0,0,0,0,1,0,0,0,1,0,0,0,0,0,1,0,0,1,0,0,0,0,0,0
29,2.0,7.54,10,17.99,0,3,0.69,0.0,1.0,0.0,0,0,1,0,0,0,0,0,1,0,0,0,0,1,0,0,1,0,0,0,0,0,0
36,0.0,13.88,27,8.99,0,3,0.5,0.0,0.0,1.0,0,0,0,0,0,1,0,0,0,1,0,0,0,0,0,1,0,0,0,0,1,0,0
55,1.0,3.68,35,13.99,1,5,0.1,1.0,0.0,0.0,0,0,0,1,0,0,0,1,0,0,0,0,1,0,0,0,0,0,0,0,1,0,0
35,2.0,9.21,34,17.99,0,5,0.26,0.0,1.0,0.0,0,0,0,1,0,0,0,0,0,0,1,0,0,0,0,1,0,0,0,0,0,0,1
62,2.0,25.53,51,17.99,0,3,0.49,1.0,0.0,0.0,0,0,0,0,1,0,0,1,0,0,0,0,0,0,0,1,1,0,0,0,0,0,0
44,0.0,0.6,47,8.99,1,5,0.01,0.0,1.0,0.0,1,0,0,0,0,0,1,0,0,0,0,0,0,0,0,1,0,1,0,0,0,0,0
35,2.0,2.43,58,17.99,1,2,0.04,0.0,0.0,1.0,1,0,0,0,0,0,0,0,0,1,0,1,0,0,0,0,1,0,0,0,0,0,0
64,2.0,8.24,29,17.99,0,5,0.27,1.0,0.0,0.0,0,0,0,0,1,0,0,0,1,0,0,0,0,0,1,0,1,0,0,0,0,0,0
45,1.0,2.52,23,13.99,1,1,0.1,1.0,0.0,0.0,0,0,1,0,0,0,1,0,0,0,0,0,0,1,0,0,0,0,1,0,0,0,0
55,2.0,10.13,13,17.99,0,3,0.72,0.0,0.0,1.0,0,0,0,0,1,0,0,1,0,0,0,0,0,0,0,1,0,0,0,0,0,1,0
45,1.0,6.84,40,13.99,1,2,0.17,0.0,0.0,1.0,0,0,0,0,0,1,0,0,0,0,1,0,1,0,0,0,0,0,1,0,0,0,0
52,2.0,1.81,23,17.99,1,3,0.08,0.0,1.0,0.0,0,0,0,1,0,0,0,0,1,0,0,0,0,1,0,0,0,0,1,0,0,0,0
63,1.0,11.43,49,13.99,1,1,0.23,0.0,0.0,1.0,0,0,1,0,0,0,0,0,0,1,0,0,0,1,0,0,0,0,0,0,1,0,0
33,0.0,33.23,58,8.99,0,5,0.56,0.0,0.0,1.0,0,0,0,0,1,0,0,0,0,1,0,0,0,1,0,0,0,0,0,0,0,1,0
34,2.0,4.59,31,17.99,1,2,0.14,1.0,0.0,0.0,0,0,0,0,1,0,1,0,0,0,0,0,0,0,1,0,0,0,0,0,0,0,1
37,1.0,10.29,49,13.99,1,1,0.21,1.0,0.0,0.0,0,0,0,0,0,1,1,0,0,0,0,0,1,0,0,0,0,0,0,1,0,0,0
25,1.0,2.96,25,13.99,1,1,0.11,0.0,1.0,0.0,1,0,0,0,0,0,0,1,0,0,0,1,0,0,0,0,0,1,0,0,0,0,0
46,2.0,30.01,56,17.99,0,5,0.53,0.0,0.0,1.0,0,0,0,1,0,0,0,0,1,0,0,0,0,0,1,0,0,0,0,0,0,1,0
63,1.0,26.63,31,13.99,0,2,0.83,0.0,1.0,0.0,0,1,0,0,0,0,0,0,0,1,0,0,1,0,0,0,0,0,0,0,1,0,0
55,0.0,3.66,11,8.99,1,4,0.3,0.0,1.0,0.0,0,1,0,0,0,0,0,0,0,1,0,1,0,0,0,0,0,0,0,0,0,0,1
55,0.0,0.67,24,8.99,1,3,0.03,0.0,0.0,1.0,0,0,1,0,0,0,1,0,0,0,0,0,0,0,0,1,0,0,0,0,1,0,0
61,1.0,14.57,16,13.99,0,1,0.86,0.0,1.0,0.0,0,0,0,0,1,0,0,0,1,0,0,0,0,0,1,0,0,0,0,0,1,0,0
28,0.0,3.72,56,8.99,1,3,0.07,0.0,1.0,0.0,0,1,0,0,0,0,0,1,0,0,0,0,0,1,0,0,0,0,0,0,1,0,0
62,0.0,21.41,22,8.99,0,3,0.93,0.0,0.0,1.0,0,0,1,0,0,0,0,0,0,1,0,0,0,0,0,1,0,0,0,0,0,0,1
66,0.0,1.89,22,8.99,1,2,0.08,0.0,0.0,1.0,1,0,0,0,0,0,1,0,0,0,0,0,0,0,0,1,1,0,0,0,0,0,0
63,0.0,14.4,3,8.99,0,3,3.6,0.0,1.0,0.0,0,0,1,0,0,0,1,0,0,0,0,0,0,1,0,0,0,0,1,0,0,0,0
46,2.0,7.29,4,17.99,0,2,1.46,0.0,0.0,1.0,0,0,0,1,0,0,0,1,0,0,0,1,0,0,0,0,0,1,0,0,0,0,0
34,0.0,5.95,37,8.99,1,2,0.16,0.0,0.0,1.0,0,0,0,0,0,1,0,0,0,0,1,0,1,0,0,0,0,1,0,0,0,0,0
56,1.0,5.83,59,13.99,0,5,0.1,0.0,1.0,0.0,0,0,1,0,0,0,0,0,1,0,0,0,0,0,0,1,1,0,0,0,0,0,0
35,0.0,2.19,5,8.99,1,5,0.36,0.0,0.0,1.0,0,0,0,0,1,0,0,1,0,0,0,0,0,0,1,0,1,0,0,0,0,0,0
52,0.0,8.72,28,8.99,1,1,0.3,0.0,0.0,1.0,1,0,0,0,0,0,0,1,0,0,0,0,0,1,0,0,0,0,0,0,1,0,0
54,0.0,12.12,38,8.99,1,5,0.31,1.0,0.0,0.0,0,0,0,1,0,0,0,0,0,1,0,0,0,0,1,0,0,0,0,0,0,1,0
42,1.0,25.68,33,13.99,0,5,0.76,1.0,0.0,0.0,0,1,0,0,0,0,0,1,0,0,0,0,0,1,0,0,0,1,0,0,0,0,0
39,0.0,10.6,53,8.99,1,3,0.2,0.0,0.0,1.0,0,0,0,1,0,0,0,1,0,0,0,0,0,0,0,1,0,1,0,0,0,0,0
65,2.0,13.71,4,17.99,0,3,2.74,0.0,0.0,1.0,0,0,0,0,0,1,1,0,0,0,0,0,1,0,0,0,0,0,0,0,0,0,1
70,0.0,4.04,52,8.99,1,3,0.08,1.0,0.0,0.0,0,1,0,0,0,0,0,0,1,0,0,0,1,0,0,0,0,0,0,1,0,0,0
23,2.0,22.77,10,17.99,0,1,2.07,0.0,1.0,0.0,0,0,0,0,0,1,0,0,0,1,0,1,0,0,0,0,0,0,0,0,0,0,1
54,0.0,18.84,49,8.99,1,1,0.38,1.0,0.0,0.0,0,0,0,0,0,1,0,0,1,0,0,0,0,0,1,0,0,1,0,0,0,0,0
30,0.0,1.5,41,8.99,1,1,0.04,0.0,1.0,0.0,0,0,1,0,0,0,0,0,0,0,1,0,1,0,0,0,0,0,0,0,0,1,0
44,1.0,1.46,59,13.99,1,1,0.02,0.0,0.0,1.0,0,0,0,1,0,0,0,0,0,0,1,0,0,0,0,1,0,0,1,0,0,0,0
56,0.0,2.02,23,8.99,1,5,0.08,0.0,1.0,0.0,0,0,0,1,0,0,0,0,0,1,0,1,0,0,0,0,0,0,1,0,0,0,0
48,2.0,0.84,43,17.99,1,4,0.02,0.0,1.0,0.0,1,0,0,0,0,0,0,0,1,0,0,0,1,0,0,0,0,0,0,0,1,0,0
56,0.0,0.8,18,8.99,1,3,0.04,1.0,0.0,0.0,0,0,0,1,0,0,1,0,0,0,0,0,0,0,0,1,0,0,0,0,0,1,0
40,2.0,0.52,26,17.99,1,2,0.02,0.0,0.0,1.0,0,0,0,1,0,0,0,0,1,0,0,0,0,0,0,1,0,0,1,0,0,0,0
58,2.0,3.2,53,17.99,1,1,0.06,0.0,1.0,0.0,1,0,0,0,0,0,1,0,0,0,0,0,1,0,0,0,0,0,0,0,0,0,1
20,0.0,3.02,2,8.99,0,5,1.01,0.0,1.0,0.0,1,0,0,0,0,0,0,0,0,0,1,0,0,1,0,0,1,0,0,0,0,0,0
44,2.0,3.38,6,17.99,0,5,0.48,0.0,0.0,1.0,0,0,1,0,0,0,0,0,1,0,0,1,0,0,0,0,0,0,0,0,1,0,0
58,0.0,6.47,46,8.99,1,1,0.14,0.0,0.0,1.0,1,0,0,0,0,0,0,0,0,0,1,0,1,0,0,0,0,0,0,0,1,0,0
58,1.0,19.25,2,13.99,0,2,6.42,0.0,1.0,0.0,0,0,1,0,0,0,0,0,1,0,0,1,0,0,0,0,0,0,0,1,0,0,0
46,2.0,26.06,4,17.99,0,4,5.21,0.0,0.0,1.0,0,0,0,0,1,0,1,0,0,0,0,0,0,0,0,1,1,0,0,0,0,0,0
51,1.0,1.14,55,13.99,1,1,0.02,0.0,0.0,1.0,0,1,0,0,0,0,0,1,0,0,0,0,1,0,0,0,0,0,0,1,0,0,0
19,1.0,6.61,18,13.99,0,1,0.35,1.0,0.0,0.0,0,0,0,0,1,0,1,0,0,0,0,0,1,0,0,0,0,0,1,0,0,0,0
25,2.0,0.98,30,17.99,1,1,0.03,0.0,1.0,0.0,0,0,0,1,0,0,0,0,1,0,0,0,1,0,0,0,0,0,0,0,1,0,0
25,1.0,0.45,2,13.99,1,1,0.15,0.0,1.0,0.0,0,0,0,0,1,0,0,0,0,1,0,0,0,1,0,0,0,1,0,0,0,0,0
50,0.0,8.09,4,8.99,0,1,1.62,1.0,0.0,0.0,0,0,0,1,0,0,0,0,1,0,0,0,0,1,0,0,1,0,0,0,0,0,0
30,1.0,1.65,58,13.99,1,5,0.03,0.0,1.0,0.0,0,0,1,0,0,0,0,0,1,0,0,0,1,0,0,0,0,0,0,0,1,0,0
41,2.0,8.27,50,17.99,0,5,0.16,1.0,0.0,0.0,0,0,0,0,0,1,0,0,0,1,0,1,0,0,0,0,0,0,0,0,0,1,0
40,1.0,8.89,21,13.99,0,1,0.4,1.0,0.0,0.0,0,0,0,0,1,0,0,0,0,0,1,0,0,0,1,0,0,0,1,0,0,0,0
23,1.0,6.25,54,13.99,0,4,0.11,1.0,0.0,0.0,0,0,0,1,0,0,0,0,0,1,0,0,0,0,0,1,0,0,1,0,0,0,0
28,0.0,15.79,12,8.99,0,2,1.21,0.0,1.0,0.0,0,0,0,0,0,1,1,0,0,0,0,0,0,0,1,0,1,0,0,0,0,0,0
56,0.0,5.08,60,8.99,1,4,0.08,0.0,1.0,0.0,0,0,0,0,0,1,0,0,0,0,1,1,0,0,0,0,0,0,0,0,0,1,0
52,2.0,21.99,19,17.99,0,2,1.1,0.0,0.0,1.0,0,1,0,0,0,0,0,1,0,0,0,0,0,0,1,0,0,0,0,1,0,0,0
40,1.0,11.91,4,13.99,0,5,2.38,1.0,0.0,0.0,0,0,1,0,0,0,0,0,1,0,0,0,0,1,0,0,0,1,0,0,0,0,0
69,2.0,8.09,54,17.99,1,2,0.15,0.0,0.0,1.0,0,1,0,0,0,0,1,0,0,0,0,0,0,0,0,1,0,0,0,0,0,1,0
67,1.0,0.28,51,13.99,1,1,0.01,1.0,0.0,0.0,0,1,0,0,0,0,0,1,0,0,0,0,0,0,1,0,0,0,0,1,0,0,0
63,0.0,19.68,7,8.99,0,3,2.46,0.0,0.0,1.0,0,0,0,0,1,0,0,0,0,1,0,1,0,0,0,0,0,0,1,0,0,0,0
48,1.0,3.97,1,13.99,0,5,1.99,0.0,0.0,1.0,0,0,0,0,0,1,0,0,0,1,0,0,0,1,0,0,0,0,0,0,1,0,0
27,0.0,0.67,22,8.99,1,2,0.03,1.0,0.0,0.0,1,0,0,0,0,0,0,0,1,0,0,0,1,0,0,0,0,0,0,1,0,0,0
18,2.0,4.94,39,17.99,1,5,0.12,1.0,0.0,0.0,0,0,0,0,0,1,0,0,1,0,0,0,1,0,0,0,0,0,0,0,1,0,0
61,2.0,41.68,54,17.99,0,3,0.76,1.0,0.0,0.0,1,0,0,0,0,0,0,1,0,0,0,0,1,0,0,0,1,0,0,0,0,0,0
24,1.0,16.21,6,13.99,0,1,2.32,0.0,1.0,0.0,0,1,0,0,0,0,0,0,1,0,0,0,0,0,1,0,0,0,1,0,0,0,0
60,2.0,6.21,15,17.99,0,3,0.39,0.0,1.0,0.0,0,1,0,0,0,0,0,0,1,0,0,0,0,1,0,0,0,0,0,0,1,0,0
19,2.0,3.9,9,17.99,0,5,0.39,1.0,0.0,0.0,0,0,0,1,0,0,0,1,0,0,0,1,0,0,0,0,0,0,0,0,0,1,0
50,2.0,10.83,3,17.99,0,3,2.71,0.0,1.0,0.0,1,0,0,0,0,0,0,1,0,0,0,1,0,0,0,0,0,0,0,1,0,0,0
62,2.0,5.98,48,17.99,1,5,0.12,0.0,0.0,1.0,0,0,0,1,0,0,0,0,0,0,1,0,1,0,0,0,0,0,1,0,0,0,0
53,1.0,6.68,11,13.99,0,4,0.56,1.0,0.0,0.0,0,0,0,1,0,0,0,0,1,0,0,0,0,0,0,1,1,0,0,0,0,0,0
18,2.0,36.34,15,17.99,0,3,2.27,0.0,1.0,0.0,0,0,0,0,0,1,1,0,0,0,0,0,0,1,0,0,1,0,0,0,0,0,0
52,1.0,6.41,15,13.99,0,1,0.4,0.0,0.0,1.0,0,0,0,0,1,0,0,0,0,1,0,0,0,0,0,1,0,0,0,0,0,0,1
40,0.0,6.48,51,8.99,1,4,0.12,0.0,0.0,1.0,0,1,0,0,0,0,1,0,0,0,0,1,0,0,0,0,0,0,0,1,0,0,0
51,2.0,1.46,35,17.99,1,3,0.04,1.0,0.0,0.0,0,0,0,0,1,0,0,0,0,0,1,0,0,0,0,1,1,0,0,0,0,0,0
36,1.0,2.59,36,13.99,1,2,0.07,1.0,0.0,0.0,0,0,0,1,0,0,1,0,0,0,0,0,0,1,0,0,0,1,0,0,0,0,0
30,1.0,13.25,47,13.99,0,4,0.28,0.0,1.0,0.0,0,1,0,0,0,0,0,1,0,0,0,1,0,0,0,0,0,0,0,1,0,0,0
54,1.0,23.35,40,13.99,0,5,0.57,0.0,1.0,0.0,0,0,0,1,0,0,0,0,1,0,0,1,0,0,0,0,0,0,0,0,1,0,0
31,0.0,35.35,14,8.99,0,5,2.36,1.0,0.0,0.0,0,0,1,0,0,0,0,0,1,0,0,0,1,0,0,0,0,0,0,0,0,1,0
26,1.0,24.89,16,13.99,0,4,1.46,0.0,0.0,1.0,0,1,0,0,0,0,1,0,0,0,0,0,0,0,0,1,0,0,0,0,0,1,0
30,1.0,45.29,29,13.99,0,5,1.51,0.0,1.0,0.0,0,0,0,0,0,1,0,0,0,0,1,1,0,0,0,0,0,0,1,0,0,0,0
67,0.0,15.98,9,8.99,0,4,1.6,0.0,1.0,0.0,0,0,0,0,0,1,0,0,0,1,0,1,0,0,0,0,0,0,0,0,0,0,1
60,1.0,1.24,4,13.99,0,2,0.25,0.0,1.0,0.0,0,0,0,1,0,0,1,0,0,0,0,0,0,0,0,1,0,0,0,1,0,0,0
67,0.0,9.91,18,8.99,0,5,0.52,1.0,0.0,0.0,0,0,0,1,0,0,1,0,0,0,0,0,0,0,1,0,0,1,0,0,0,0,0
51,0.0,5.69,36,8.99,1,3,0.15,0.0,1.0,0.0,0,0,1,0,0,0,0,0,0,1,0,0,0,0,0,1,0,0,0,0,1,0,0
31,1.0,7.48,3,13.99,0,2,1.87,1.0,0.0,0.0,1,0,0,0,0,0,0,0,0,0,1,0,0,0,1,0,0,0,0,0,0,0,1
70,1.0,9.54,60,13.99,0,5,0.16,0.0,1.0,0.0,0,0,1,0,0,0,0,0,0,1,0,0,0,0,0,1,0,0,0,0,0,0,1
42,0.0,98.42,0,8.99,0,5,98.42,0.0,1.0,0.0,0,1,0,0,0,0,1,0,0,0,0,0,0,0,1,0,0,0,1,0,0,0,0
63,2.0,7.82,57,17.99,0,5,0.13,0.0,1.0,0.0,0,0,0,0,0,1,0,0,0,1,0,0,0,1,0,0,0,0,0,0,0,1,0
58,0.0,7.31,49,8.99,1,2,0.15,1.0,0.0,0.0,0,0,0,1,0,0,0,1,0,0,0,0,0,0,1,0,0,0,0,0,0,1,0
28,1.0,14.34,11,13.99,0,5,1.2,1.0,0.0,0.0,0,1,0,0,0,0,1,0,0,0,0,1,0,0,0,0,0,1,0,0,0,0,0
67,2.0,22.63,33,17.99,0,2,0.67,0.0,0.0,1.0,1,0,0,0,0,0,0,1,0,0,0,0,0,0,1,0,0,0,1,0,0,0,0
21,1.0,17.63,28,13.99,0,1,0.61,0.0,0.0,1.0,0,0,0,0,0,1,0,1,0,0,0,1,0,0,0,0,0,0,1,0,0,0,0
67,2.0,2.51,25,17.99,1,3,0.1,0.0,0.0,1.0,1,0,0,0,0,0,0,0,0,0,1,1,0,0,0,0,0,0,0,0,0,1,0
64,1.0,8.08,12,13.99,0,4,0.62,0.0,0.0,1.0,0,0,1,0,0,0,0,0,1,0,0,0,0,0,0,1,0,0,0,0,0,1,0
40,0.0,31.43,26,8.99,0,1,1.16,1.0,0.0,0.0,0,0,0,1,0,0,0,0,0,0,1,0,1,0,0,0,1,0,0,0,0,0,0
20,0.0,8.91,28,8.99,1,2,0.31,0.0,1.0,0.0,1,0,0,0,0,0,0,0,0,1,0,0,1,0,0,0,0,1,0,0,0,0,0
37,1.0,47.74,52,13.99,0,4,0.9,1.0,0.0,0.0,0,0,0,0,1,0,0,1,0,0,0,0,0,0,1,0,1,0,0,0,0,0,0
30,2.0,12.88,54,17.99,1,4,0.23,0.0,0.0,1.0,0,0,0,0,1,0,1,0,0,0,0,0,0,0,1,0,0,0,1,0,0,0,0
33,0.0,24.5,46,8.99,0,3,0.52,0.0,0.0,1.0,1,0,0,0,0,0,0,0,0,1,0,1,0,0,0,0,0,0,0,0,0,0,1
54,2.0,3.66,40,17.99,1,1,0.09,0.0,0.0,1.0,0,0,0,0,1,0,0,0,0,1,0,0,0,0,1,0,0,0,1,0,0,0,0
48,2.0,7.86,40,17.99,1,3,0.19,0.0,1.0,0.0,0,0,0,0,1,0,1,0,0,0,0,0,1,0,0,0,0,0,0,0,1,0,0
41,0.0,8.14,54,8.99,1,5,0.15,1.0,0.0,0.0,0,0,1,0,0,0,0,0,1,0,0,0,0,0,1,0,0,0,0,0,0,1,0
48,1.0,6.66,34,13.99,0,5,0.19,0.0,0.0,1.0,0,0,0,0,0,1,1,0,0,0,0,0,0,1,0,0,0,0,0,0,1,0,0
57,1.0,7.92,19,13.99,0,2,0.4,0.0,0.0,1.0,0,0,0,0,1,0,0,0,1,0,0,0,0,0,1,0,0,0,0,0,1,0,0
36,2.0,19.63,1,17.99,0,2,9.81,1.0,0.0,0.0,0,0,0,1,0,0,1,0,0,0,0,0,0,0,1,0,1,0,0,0,0,0,0
47,2.0,7.22,38,17.99,1,2,0.19,0.0,1.0,0.0,0,0,1,0,0,0,1,0,0,0,0,1,0,0,0,0,0,0,0,1,0,0,0
57,1.0,1.1,26,13.99,0,5,0.04,0.0,0.0,1.0,0,0,1,0,0,0,1,0,0,0,0,1,0,0,0,0,0,0,0,0,0,0,1
39,0.0,2.09,3,8.99,1,3,0.52,1.0,0.0,0.0,0,0,0,0,1,0,0,1,0,0,0,0,1,0,0,0,0,0,1,0,0,0,0
48,0.0,22.06,47,8.99,1,1,0.46,1.0,0.0,0.0,1,0,0,0,0,0,1,0,0,0,0,0,1,0,0,0,0,0,0,0,0,0,1
41,0.0,17.37,16,8.99,0,2,1.02,1.0,0.0,0.0,0,0,0,0,1,0,0,0,1,0,0,0,0,0,0,1,0,1,0,0,0,0,0
68,1.0,3.06,59,13.99,1,5,0.05,1.0,0.0,0.0,0,0,1,0,0,0,1,0,0,0,0,0,0,0,1,0,0,0,1,0,0,0,0
48,1.0,1.93,50,13.99,1,4,0.04,0.0,1.0,0.0,0,1,0,0,0,0,0,0,0,1,0,0,0,0,1,0,0,0,0,1,0,0,0
46,0.0,9.61,15,8.99,0,1,0.6,0.0,0.0,1.0,0,0,0,0,1,0,0,0,0,0,1,0,0,0,0,1,0,1,0,0,0,0,0
31,1.0,18.75,43,13.99,1,3,0.43,0.0,1.0,0.0,0,0,0,0,1,0,0,0,1,0,0,0,0,0,1,0,1,0,0,0,0,0,0
61,2.0,9.71,36,17.99,1,1,0.26,0.0,1.0,0.0,0,1,0,0,0,0,0,1,0,0,0,0,0,1,0,0,0,0,0,1,0,0,0
38,0.0,6.75,43,8.99,1,2,0.15,0.0,1.0,0.0,0,1,0,0,0,0,0,0,1,0,0,0,0,0,0,1,0,0,0,0,1,0,0
40,0.0,3.8,10,8.99,1,3,0.35,1.0,0.0,0.0,1,0,0,0,0,0,1,0,0,0,0,1,0,0,0,0,0,1,0,0,0,0,0
31,2.0,5.69,22,17.99,0,4,0.25,0.0,1.0,0.0,0,0,0,1,0,0,0,0,1,0,0,0,0,1,0,0,0,0,0,0,1,0,0
62,1.0,8.25,37,13.99,0,5,0.22,0.0,1.0,0.0,0,0,0,0,0,1,1,0,0,0,0,0,0,0,0,1,0,1,0,0,0,0,0
66,2.0,12.91,34,17.99,1,5,0.37,1.0,0.0,0.0,0,1,0,0,0,0,0,0,0,1,0,0,1,0,0,0,0,0,0,0,0,0,1
20,2.0,11.48,30,17.99,0,1,0.37,1.0,0.0,0.0,0,0,0,0,0,1,0,0,0,0,1,0,0,1,0,0,0,0,0,0,0,1,0
68,2.0,21.72,28,17.99,0,3,0.75,0.0,0.0,1.0,0,0,1,0,0,0,1,0,0,0,0,0,1,0,0,0,0,0,0,0,0,0,1
39,0.0,8.16,14,8.99,0,1,0.54,0.0,0.0,1.0,0,0,0,0,0,1,0,1,0,0,0,0,0,0,0,1,0,1,0,0,0,0,0
32,0.0,11.91,36,8.99,1,5,0.32,0.0,1.0,0.0,0,1,0,0,0,0,0,0,0,1,0,1,0,0,0,0,0,0,0,1,0,0,0
51,2.0,26.92,24,17.99,0,1,1.08,0.0,1.0,0.0,0,0,0,1,0,0,0,0,0,0,1,0,0,0,0,1,0,0,0,1,0,0,0
38,0.0,24.57,2,8.99,0,4,8.19,1.0,0.0,0.0,1,0,0,0,0,0,0,0,0,0,1,0,0,0,1,0,0,1,0,0,0,0,0
57,0.0,5.09,53,8.99,1,2,0.09,0.0,1.0,0.0,0,0,1,0,0,0,1,0,0,0,0,0,1,0,0,0,0,0,0,0,0,0,1
54,0.0,2.54,52,8.99,1,4,0.05,0.0,1.0,0.0,0,0,1,0,0,0,0,1,0,0,0,0,0,0,0,1,0,0,0,0,0,1,0
55,1.0,25.31,51,13.99,0,4,0.49,1.0,0.0,0.0,0,0,1,0,0,0,0,0,0,1,0,0,0,0,1,0,0,0,0,0,1,0,0
63,2.0,13.77,51,17.99,1,5,0.26,0.0,1.0,0.0,1,0,0,0,0,0,0,0,1,0,0,0,0,0,1,0,0,0,0,0,0,1,0
18,2.0,1.63,10,17.99,0,4,0.15,0.0,0.0,1.0,1,0,0,0,0,0,1,0,0,0,0,1,0,0,0,0,0,1,0,0,0,0,0
40,1.0,6.2,10,13.99,0,3,0.56,1.0,0.0,0.0,0,0,0,1,0,0,0,0,0,0,1,1,0,0,0,0,0,0,0,1,0,0,0
35,0.0,25.11,3,8.99,0,2,6.28,0.0,0.0,1.0,1,0,0,0,0,0,0,0,1,0,0,0,1,0,0,0,0,0,0,1,0,0,0
47,2.0,2.11,58,17.99,1,2,0.04,0.0,1.0,0.0,0,0,0,0,1,0,0,0,0,0,1,0,0,0,1,0,0,0,0,0,1,0,0
39,1.0,57.19,19,13.99,0,5,2.86,1.0,0.0,0.0,1,0,0,0,0,0,0,0,1,0,0,0,0,0,1,0,0,0,1,0,0,0,0
52,0.0,27.37,12,8.99,0,2,2.11,0.0,1.0,0.0,0,0,0,0,0,1,0,0,0,1,0,1,0,0,0,0,0,0,0,0,0,1,0
68,0.0,20.54,14,8.99,0,5,1.37,0.0,0.0,1.0,1,0,0,0,0,0,0,0,0,1,0,0,0,0,0,1,0,0,0,0,0,0,1
47,0.0,14.8,19,8.99,0,2,0.74,0.0,0.0,1.0,0,0,1,0,0,0,0,0,1,0,0,1,0,0,0,0,0,0,0,0,0,1,0
45,2.0,3.91,44,17.99,1,3,0.09,1.0,0.0,0.0,1,0,0,0,0,0,1,0,0,0,0,1,0,0,0,0,0,1,0,0,0,0,0
18,2.0,5.09,13,17.99,0,2,0.36,0.0,0.0,1.0,0,1,0,0,0,0,1,0,0,0,0,0,0,0,1,0,0,0,0,1,0,0,0
46,1.0,16.08,40,13.99,1,3,0.39,0.0,0.0,1.0,0,0,0,0,1,0,1,0,0,0,0,0,1,0,0,0,1,0,0,0,0,0,0
44,1.0,8.65,60,13.99,1,1,0.14,0.0,0.0,1.0,0,0,0,0,1,0,0,0,0,0,1,1,0,0,0,0,0,1,0,0,0,0,0
36,0.0,1.82,55,8.99,1,2,0.03,0.0,0.0,1.0,0,0,1,0,0,0,0,1,0,0,0,0,0,0,0,1,0,0,0,0,0,0,1
35,1.0,9.43,10,13.99,0,2,0.86,0.0,0.0,1.0,0,0,0,0,0,1,0,1,0,0,0,0,0,0,0,1,0,0,0,0,1,0,0
43,2.0,8.97,0,17.99,0,5,8.97,0.0,1.0,0.0,0,0,0,1,0,0,0,0,0,1,0,0,0,0,1,0,0,0,1,0,0,0,0
57,1.0,4.91,6,13.99,0,1,0.7,1.0,0.0,0.0,0,0,0,1,0,0,1,0,0,0,0,0,0,0,0,1,0,0,0,0,0,0,1
58,1.0,4.83,49,13.99,1,4,0.1,0.0,1.0,0.0,0,1,0,0,0,0,0,0,0,1,0,0,0,0,0,1,0,0,1,0,0,0,0
65,0.0,4.09,18,8.99,1,2,0.22,1.0,0.0,0.0,0,0,1,0,0,0,0,0,1,0,0,1,0,0,0,0,0,0,0,1,0,0,0
22,2.0,26.81,4,17.99,0,5,5.36,1.0,0.0,0.0,0,1,0,0,0,0,0,0,0,1,0,0,0,1,0,0,0,0,0,0,0,1,0
68,0.0,15.85,38,8.99,1,2,0.41,1.0,0.0,0.0,0,0,0,0,0,1,0,0,0,1,0,0,1,0,0,0,0,0,0,0,1,0,0
68,0.0,3.01,27,8.99,1,3,0.11,0.0,1.0,0.0,1,0,0,0,0,0,0,0,0,0,1,0,1,0,0,0,0,0,0,1,0,0,0
28,2.0,4.49,50,17.99,1,4,0.09,0.0,1.0,0.0,0,0,0,0,1,0,1,0,0,0,0,0,1,0,0,0,0,0,0,1,0,0,0
23,1.0,2.63,4,13.99,0,3,0.53,1.0,0.0,0.0,0,0,0,0,1,0,0,0,1,0,0,0,0,0,0,1,0,1,0,0,0,0,0
51,1.0,8.63,23,13.99,0,1,0.36,0.0,1.0,0.0,0,0,0,0,1,0,0,0,0,0,1,0,0,1,0,0,0,0,0,1,0,0,0
36,1.0,8.87,36,13.99,1,2,0.24,0.0,1.0,0.0,0,0,0,1,0,0,1,0,0,0,0,0,0,0,1,0,0,0,0,0,0,1,0
68,2.0,5.99,19,17.99,0,4,0.3,1.0,0.0,0.0,0,0,0,1,0,0,0,0,0,0,1,0,0,0,1,0,0,0,0,0,0,1,0
25,2.0,4.05,34,17.99,1,2,0.12,1.0,0.0,0.0,0,1,0,0,0,0,1,0,0,0,0,0,0,0,1,0,0,0,1,0,0,0,0
25,0.0,14.39,53,8.99,1,4,0.27,0.0,1.0,0.0,0,0,0,1,0,0,0,0,0,0,1,0,0,0,1,0,0,0,1,0,0,0,0
56,2.0,19.03,37,17.99,0,1,0.5,1.0,0.0,0.0,0,0,0,0,0,1,0,0,0,0,1,1,0,0,0,0,0,0,0,0,0,1,0
51,1.0,4.98,28,13.99,1,5,0.17,0.0,0.0,1.0,0,0,0,0,0,1,0,0,0,0,1,0,0,0,1,0,0,0,0,0,0,0,1
57,0.0,27.17,38,8.99,0,5,0.7,0.0,0.0,1.0,0,0,0,0,0,1,0,0,0,1,0,0,0,0,0,1,0,1,0,0,0,0,0
24,1.0,5.81,32,13.99,0,4,0.18,0.0,0.0,1.0,0,0,0,1,0,0,0,0,0,1,0,0,0,0,0,1,0,0,0,0,0,1,0
23,1.0,0.29,58,13.99,1,2,0.0,0.0,1.0,0.0,0,0,1,0,0,0,1,0,0,0,0,0,0,0,1,0,0,0,1,0,0,0,0
66,2.0,10.48,29,17.99,0,3,0.35,0.0,0.0,1.0,0,0,1,0,0,0,0,0,1,0,0,0,0,0,0,1,0,0,0,0,1,0,0
36,2.0,4.26,21,17.99,0,4,0.19,1.0,0.0,0.0,0,0,1,0,0,0,0,0,0,1,0,0,0,0,0,1,0,0,0,0,1,0,0
23,0.0,0.03,60,8.99,1,1,0.0,0.0,0.0,1.0,0,0,0,1,0,0,0,0,0,1,0,0,0,0,0,1,0,1,0,0,0,0,0
69,2.0,9.8,56,17.99,1,2,0.17,0.0,1.0,0.0,0,0,0,0,1,0,0,0,0,1,0,0,0,0,1,0,0,0,1,0,0,0,0
21,1.0,13.79,39,13.99,0,5,0.34,0.0,1.0,0.0,0,1,0,0,0,0,0,0,1,0,0,0,0,0,0,1,0,0,0,0,1,0,0
27,2.0,18.17,60,17.99,1,2,0.3,0.0,1.0,0.0,0,0,0,1,0,0,0,0,1,0,0,0,0,0,0,1,0,0,1,0,0,0,0
58,2.0,27.98,8,17.99,0,1,3.11,0.0,1.0,0.0,0,0,0,1,0,0,0,0,1,0,0,0,1,0,0,0,0,0,0,0,0,1,0
37,1.0,10.84,29,13.99,0,4,0.36,0.0,0.0,1.0,0,0,0,1,0,0,0,0,1,0,0,0,1,0,0,0,0,0,0,0,0,0,1
45,2.0,2.7,2,17.99,0,4,0.9,0.0,1.0,0.0,0,0,1,0,0,0,0,0,0,1,0,1,0,0,0,0,0,0,0,0,0,0,1
25,2.0,28.54,50,17.99,0,2,0.56,1.0,0.0,0.0,0,0,1,0,0,0,0,0,0,0,1,0,0,0,0,1,0,0,1,0,0,0,0
58,2.0,3.44,17,17.99,1,3,0.19,1.0,0.0,0.0,0,0,1,0,0,0,0,1,0,0,0,0,1,0,0,0,0,1,0,0,0,0,0
64,0.0,12.14,50,8.99,1,3,0.24,1.0,0.0,0.0,0,0,1,0,0,0,1,0,0,0,0,0,0,0,0,1,0,0,0,0,1,0,0
19,1.0,10.38,58,13.99,0,5,0.18,1.0,0.0,0.0,0,0,1,0,0,0,0,1,0,0,0,0,0,0,0,1,0,0,1,0,0,0,0
44,0.0,26.37,21,8.99,0,5,1.2,0.0,0.0,1.0,0,0,0,0,1,0,0,0,1,0,0,0,0,0,0,1,0,0,0,0,0,1,0
57,0.0,0.06,39,8.99,1,4,0.0,0.0,1.0,0.0,0,0,0,1,0,0,0,0,0,1,0,0,1,0,0,0,0,0,0,0,0,0,1
26,2.0,0.97,49,17.99,1,1,0.02,1.0,0.0,0.0,0,0,0,0,0,1,0,0,1,0,0,0,0,0,0,1,1,0,0,0,0,0,0
37,0.0,3.05,15,8.99,1,3,0.19,0.0,1.0,0.0,0,0,0,0,0,1,0,0,0,0,1,0,0,0,1,0,0,0,0,0,0,0,1
63,1.0,0.83,41,13.99,1,2,0.02,0.0,0.0,1.0,0,1,0,0,0,0,0,0,1,0,0,0,0,0,1,0,0,1,0,0,0,0,0
59,0.0,12.13,23,8.99,0,5,0.51,1.0,0.0,0.0,0,1,0,0,0,0,0,0,0,1,0,0,0,1,0,0,0,0,0,1,0,0,0
65,0.0,11.25,22,8.99,1,3,0.49,1.0,0.0,0.0,0,0,0,0,1,0,1,0,0,0,0,0,1,0,0,0,0,0,0,1,0,0,0
18,2.0,2.19,24,17.99,1,1,0.09,0.0,0.0,1.0,1,0,0,0,0,0,0,0,1,0,0,0,1,0,0,0,0,0,1,0,0,0,0
49,0.0,17.05,16,8.99,0,4,1.0,1.0,0.0,0.0,0,0,1,0,0,0,0,1,0,0,0,0,0,0,0,1,0,0,0,0,1,0,0
59,0.0,17.34,40,8.99,1,3,0.42,1.0,0.0,0.0,0,0,1,0,0,0,0,0,1,0,0,0,0,1,0,0,0,1,0,0,0,0,0
25,2.0,0.27,60,17.99,1,1,0.0,1.0,0.0,0.0,0,0,0,1,0,0,0,0,0,0,1,0,0,0,1,0,0,0,0,1,0,0,0
25,0.0,17.9,3,8.99,0,3,4.47,0.0,0.0,1.0,0,0,0,0,1,0,0,0,0,0,1,0,1,0,0,0,0,0,0,0,0,1,0
48,1.0,5.33,31,13.99,1,3,0.17,0.0,1.0,0.0,0,0,0,1,0,0,0,0,0,0,1,0,1,0,0,0,0,0,1,0,0,0,0
26,0.0,0.75,59,8.99,1,2,0.01,0.0,0.0,1.0,0,0,0,1,0,0,0,0,0,0,1,0,1,0,0,0,0,0,0,0,1,0,0
25,1.0,4.45,41,13.99,1,2,0.11,0.0,1.0,0.0,0,0,0,1,0,0,0,0,0,1,0,0,0,0,1,0,0,0,1,0,0,0,0
42,1.0,2.96,30,13.99,0,5,0.1,1.0,0.0,0.0,0,0,1,0,0,0,0,0,0,1,0,0,0,0,0,1,0,0,0,0,0,0,1
33,0.0,0.6,41,8.99,1,3,0.01,1.0,0.0,0.0,0,0,0,0,0,1,0,0,0,0,1,0,0,1,0,0,0,0,1,0,0,0,0
58,1.0,10.77,44,13.99,1,1,0.24,0.0,1.0,0.0,0,0,0,0,1,0,0,0,0,1,0,0,0,0,0,1,0,0,0,0,0,1,0
66,2.0,13.36,15,17.99,0,5,0.83,1.0,0.0,0.0,1,0,0,0,0,0,1,0,0,0,0,0,0,0,1,0,0,0,0,0,0,0,1
42,0.0,20.9,42,8.99,1,3,0.49,0.0,1.0,0.0,0,0,1,0,0,0,0,0,0,0,1,1,0,0,0,0,0,0,0,1,0,0,0
50,2.0,7.18,23,17.99,0,3,0.3,0.0,1.0,0.0,0,0,0,1,0,0,0,0,0,1,0,1,0,0,0,0,1,0,0,0,0,0,0
40,0.0,14.01,14,8.99,0,3,0.93,0.0,0.0,1.0,0,0,1,0,0,0,0,1,0,0,0,0,0,1,0,0,0,0,0,0,0,1,0
36,2.0,16.68,60,17.99,0,5,0.27,1.0,0.0,0.0,1,0,0,0,0,0,0,0,0,1,0,1,0,0,0,0,0,0,0,0,1,0,0
48,2.0,1.67,14,17.99,1,3,0.11,0.0,0.0,1.0,0,1,0,0,0,0,0,1,0,0,0,0,0,0,1,0,0,0,0,0,0,0,1
60,0.0,14.45,52,8.99,1,5,0.27,0.0,0.0,1.0,0,0,0,0,1,0,0,0,0,1,0,0,0,0,0,1,0,0,0,1,0,0,0
42,1.0,7.63,32,13.99,1,2,0.23,0.0,1.0,0.0,0,0,0,0,1,0,0,0,0,0,1,1,0,0,0,0,1,0,0,0,0,0,0
31,1.0,6.29,24,13.99,0,3,0.25,0.0,1.0,0.0,0,1,0,0,0,0,0,1,0,0,0,0,0,0,1,0,0,0,0,0,0,0,1
34,1.0,45.52,52,13.99,0,3,0.86,0.0,1.0,0.0,0,0,0,0,0,1,0,1,0,0,0,1,0,0,0,0,1,0,0,0,0,0,0
21,0.0,0.15,48,8.99,1,4,0.0,0.0,0.0,1.0,0,1,0,0,0,0,0,0,1,0,0,1,0,0,0,0,1,0,0,0,0,0,0
67,0.0,19.58,44,8.99,1,3,0.44,1.0,0.0,0.0,0,0,1,0,0,0,0,0,0,0,1,0,0,1,0,0,0,0,0,0,0,1,0
30,1.0,2.27,0,13.99,0,2,2.27,0.0,1.0,0.0,0,0,0,1,0,0,0,0,0,0,1,0,1,0,0,0,1,0,0,0,0,0,0
55,2.0,18.02,36,17.99,0,4,0.49,0.0,0.0,1.0,0,0,0,1,0,0,0,0,1,0,0,1,0,0,0,0,0,0,0,0,0,1,0
20,1.0,2.89,13,13.99,1,2,0.21,0.0,1.0,0.0,0,0,0,0,0,1,1,0,0,0,0,0,0,1,0,0,0,0,0,0,0,0,1
52,2.0,10.6,38,17.99,0,4,0.27,0.0,1.0,0.0,1,0,0,0,0,0,1,0,0,0,0,1,0,0,0,0,0,0,0,0,0,1,0
45,2.0,14.0,33,17.99,1,2,0.41,0.0,1.0,0.0,0,0,0,1,0,0,0,0,0,1,0,1,0,0,0,0,0,0,0,0,1,0,0
31,0.0,7.69,57,8.99,1,5,0.13,0.0,1.0,0.0,0,0,1,0,0,0,1,0,0,0,0,0,0,0,1,0,0,0,1,0,0,0,0
68,1.0,20.24,16,13.99,0,3,1.19,1.0,0.0,0.0,0,1,0,0,0,0,1,0,0,0,0,0,0,0,0,1,0,1,0,0,0,0,0
44,0.0,0.65,59,8.99,1,4,0.01,1.0,0.0,0.0,1,0,0,0,0,0,0,0,0,1,0,0,0,0,0,1,0,0,0,0,1,0,0
29,2.0,4.19,54,17.99,1,1,0.08,0.0,0.0,1.0,0,0,0,0,0,1,1,0,0,0,0,1,0,0,0,0,0,0,0,0,0,0,1
34,1.0,16.36,22,13.99,0,2,0.71,0.0,1.0,0.0,0,0,0,0,1,0,1,0,0,0,0,0,0,0,1,0,0,0,0,0,0,1,0
35,2.0,7.93,19,17.99,0,5,0.4,0.0,1.0,0.0,0,0,0,1,0,0,0,0,0,1,0,0,0,0,0,1,0,0,0,0,1,0,0
49,2.0,6.06,12,17.99,0,5,0.47,0.0,1.0,0.0,0,1,0,0,0,0,0,0,0,1,0,0,0,0,0,1,0,1,0,0,0,0,0
54,0.0,9.44,36,8.99,1,4,0.26,0.0,0.0,1.0,0,0,0,0,0,1,0,0,0,0,1,0,1,0,0,0,0,1,0,0,0,0,0
27,2.0,6.31,55,17.99,0,4,0.11,0.0,1.0,0.0,1,0,0,0,0,0,0,0,0,0,1,0,0,0,0,1,0,1,0,0,0,0,0
44,1.0,15.75,47,13.99,1,4,0.33,0.0,1.0,0.0,0,1,0,0,0,0,1,0,0,0,0,0,0,0,1,0,0,1,0,0,0,0,0
50,2.0,2.77,49,17.99,1,4,0.06,0.0,0.0,1.0,0,0,0,0,0,1,0,0,1,0,0,0,0,1,0,0,0,0,0,1,0,0,0
49,0.0,3.07,44,8.99,1,1,0.07,0.0,0.0,1.0,0,0,0,0,0,1,0,0,0,0,1,0,1,0,0,0,0,0,0,0,0,1,0
32,2.0,28.92,15,17.99,0,4,1.81,0.0,1.0,0.0,0,0,1,0,0,0,0,0,0,0,1,0,1,0,0,0,0,0,0,0,0,1,0
45,0.0,4.02,5,8.99,1,1,0.67,1.0,0.0,0.0,0,0,0,1,0,0,0,0,0,0,1,0,0,0,0,1,0,0,1,0,0,0,0
27,0.0,35.36,58,8.99,0,4,0.6,1.0,0.0,0.0,0,1,0,0,0,0,1,0,0,0,0,0,0,0,0,1,0,0,0,1,0,0,0
43,0.0,13.19,10,8.99,0,5,1.2,0.0,0.0,1.0,0,1,0,0,0,0,0,0,0,1,0,0,1,0,0,0,0,1,0,0,0,0,0
64,2.0,23.36,52,17.99,0,4,0.44,0.0,0.0,1.0,0,0,0,1,0,0,0,0,1,0,0,0,0,1,0,0,0,0,0,1,0,0,0
58,2.0,15.12,59,17.99,0,5,0.25,0.0,0.0,1.0,1,0,0,0,0,0,0,0,0,0,1,0,0,1,0,0,1,0,0,0,0,0,0
23,2.0,1.43,30,17.99,1,5,0.05,0.0,0.0,1.0,0,0,1,0,0,0,0,0,0,1,0,0,0,0,1,0,0,0,0,0,0,0,1
21,0.0,0.92,57,8.99,1,2,0.02,0.0,1.0,0.0,1,0,0,0,0,0,0,1,0,0,0,0,1,0,0,0,1,0,0,0,0,0,0
44,1.0,2.0,40,13.99,1,1,0.05,0.0,1.0,0.0,0,0,0,0,1,0,0,1,0,0,0,0,0,0,1,0,1,0,0,0,0,0,0
57,0.0,0.95,58,8.99,1,5,0.02,1.0,0.0,0.0,0,1,0,0,0,0,0,0,0,1,0,1,0,0,0,0,0,1,0,0,0,0,0
34,2.0,18.98,40,17.99,0,5,0.46,0.0,1.0,0.0,1,0,0,0,0,0,0,0,0,0,1,1,0,0,0,0,0,0,1,0,0,0,0
63,2.0,0.3,56,17.99,1,3,0.01,0.0,1.0,0.0,0,0,0,0,1,0,0,0,1,0,0,0,1,0,0,0,0,0,0,0,1,0,0
57,2.0,0.66,59,17.99,1,5,0.01,1.0,0.0,0.0,0,0,0,0,1,0,0,0,0,0,1,0,0,0,0,1,0,1,0,0,0,0,0
56,2.0,8.36,58,17.99,1,2,0.14,0.0,1.0,0.0,0,0,0,1,0,0,0,0,1,0,0,0,0,0,1,0,0,0,0,0,1,0,0
22,1.0,0.48,24,13.99,1,2,0.02,1.0,0.0,0.0,0,0,0,1,0,0,1,0,0,0,0,0,0,0,1,0,0,0,0,0,0,1,0
63,1.0,15.97,38,13.99,1,3,0.41,1.0,0.0,0.0,0,0,0,0,0,1,0,0,0,0,1,0,0,0,1,0,0,0,0,1,0,0,0
62,0.0,4.82,10,8.99,1,5,0.44,1.0,0.0,0.0,0,0,1,0,0,0,0,1,0,0,0,0,0,1,0,0,0,0,0,0,0,0,1
63,2.0,21.62,50,17.99,0,4,0.42,0.0,0.0,1.0,0,0,0,0,1,0,1,0,0,0,0,0,0,0,1,0,0,0,0,0,0,1,0
21,2.0,0.2,21,17.99,0,5,0.01,0.0,0.0,1.0,0,0,0,0,1,0,0,0,1,0,0,0,0,1,0,0,0,0,0,1,0,0,0
52,1.0,22.33,28,13.99,0,5,0.77,0.0,1.0,0.0,0,0,0,0,0,1,1,0,0,0,0,0,0,0,0,1,0,0,0,0,0,0,1
33,2.0,18.3,14,17.99,0,1,1.22,1.0,0.0,0.0,0,0,1,0,0,0,0,0,0,0,1,0,1,0,0,0,0,0,0,0,0,0,1
39,1.0,17.05,37,13.99,1,1,0.45,1.0,0.0,0.0,0,0,1,0,0,0,1,0,0,0,0,0,0,1,0,0,0,0,0,1,0,0,0
48,0.0,16.75,16,8.99,0,5,0.99,1.0,0.0,0.0,1,0,0,0,0,0,0,1,0,0,0,0,0,0,1,0,0,0,1,0,0,0,0
46,2.0,23.02,59,17.99,0,2,0.38,1.0,0.0,0.0,0,1,0,0,0,0,0,0,0,0,1,0,1,0,0,0,0,0,1,0,0,0,0
25,0.0,5.88,0,8.99,0,3,5.88,0.0,1.0,0.0,0,0,1,0,0,0,0,0,1,0,0,1,0,0,0,0,0,0,0,1,0,0,0
57,0.0,2.08,14,8.99,1,5,0.14,0.0,0.0,1.0,0,0,0,1,0,0,0,0,1,0,0,1,0,0,0,0,1,0,0,0,0,0,0
18,2.0,28.08,11,17.99,0,2,2.34,0.0,1.0,0.0,0,0,0,0,1,0,0,1,0,0,0,0,0,0,1,0,0,0,0,0,0,1,0
62,0.0,16.1,54,8.99,1,2,0.29,1.0,0.0,0.0,1,0,0,0,0,0,0,0,0,1,0,0,0,0,0,1,0,0,1,0,0,0,0
57,1.0,15.02,5,13.99,0,2,2.5,1.0,0.0,0.0,0,0,0,0,0,1,0,0,0,0,1,1,0,0,0,0,0,0,0,1,0,0,0
54,0.0,22.85,10,8.99,0,5,2.08,0.0,1.0,0.0,0,0,0,0,0,1,1,0,0,0,0,0,1,0,0,0,0,0,0,1,0,0,0
38,0.0,6.49,34,8.99,1,2,0.19,0.0,0.0,1.0,0,0,0,1,0,0,0,0,0,1,0,0,0,1,0,0,0,0,0,0,1,0,0
68,0.0,19.16,24,8.99,0,4,0.77,0.0,1.0,0.0,0,0,0,1,0,0,0,0,0,1,0,0,0,1,0,0,0,1,0,0,0,0,0
36,2.0,14.18,6,17.99,0,2,2.03,1.0,0.0,0.0,0,0,0,0,1,0,0,0,0,0,1,0,0,0,1,0,0,0,0,0,0,0,1
38,0.0,8.32,22,8.99,1,1,0.36,0.0,1.0,0.0,0,1,0,0,0,0,0,1,0,0,0,0,0,1,0,0,0,0,1,0,0,0,0
40,2.0,9.64,34,17.99,1,1,0.28,0.0,0.0,1.0,0,0,0,1,0,0,0,0,0,0,1,1,0,0,0,0,1,0,0,0,0,0,0
54,1.0,3.22,12,13.99,1,1,0.25,0.0,0.0,1.0,1,0,0,0,0,0,0,1,0,0,0,1,0,0,0,0,0,0,0,1,0,0,0
59,0.0,14.96,8,8.99,0,2,1.66,0.0,1.0,0.0,0,1,0,0,0,0,0,1,0,0,0,1,0,0,0,0,0,0,0,0,0,1,0
46,0.0,6.99,34,8.99,1,2,0.2,0.0,0.0,1.0,0,1,0,0,0,0,0,1,0,0,0,0,1,0,0,0,0,0,0,0,1,0,0
65,2.0,13.83,9,17.99,0,3,1.38,0.0,1.0,0.0,0,0,0,0,0,1,0,0,0,0,1,1,0,0,0,0,0,0,1,0,0,0,0
35,1.0,13.03,0,13.99,0,5,13.03,1.0,0.0,0.0,1,0,0,0,0,0,1,0,0,0,0,0,0,0,0,1,0,0,0,0,0,0,1
22,1.0,5.32,16,13.99,0,3,0.31,0.0,0.0,1.0,0,1,0,0,0,0,0,1,0,0,0,1,0,0,0,0,0,1,0,0,0,0,0
53,0.0,20.16,1,8.99,0,5,10.08,1.0,0.0,0.0,0,0,0,1,0,0,0,0,0,0,1,0,0,1,0,0,0,0,1,0,0,0,0
18,2.0,25.3,51,17.99,0,3,0.49,0.0,0.0,1.0,0,0,0,1,0,0,0,0,0,1,0,0,1,0,0,0,0,0,0,0,1,0,0
22,0.0,16.66,18,8.99,0,1,0.88,1.0,0.0,0.0,0,0,0,0,0,1,0,0,1,0,0,0,0,0,0,1,0,1,0,0,0,0,0
18,1.0,1.68,19,13.99,1,4,0.08,0.0,1.0,0.0,0,0,0,0,0,1,0,1,0,0,0,0,1,0,0,0,0,0,0,0,0,0,1
53,0.0,8.33,4,8.99,0,2,1.67,0.0,0.0,1.0,0,1,0,0,0,0,0,0,0,0,1,0,1,0,0,0,0,0,0,0,0,1,0
47,2.0,3.51,50,17.99,1,1,0.07,1.0,0.0,0.0,0,0,0,0,1,0,0,0,1,0,0,0,1,0,0,0,0,0,0,0,0,1,0
69,0.0,6.16,1,8.99,0,1,3.08,1.0,0.0,0.0,0,0,0,0,0,1,0,0,0,0,1,0,1,0,0,0,0,0,0,0,1,0,0
42,1.0,13.17,50,13.99,0,4,0.26,1.0,0.0,0.0,1,0,0,0,0,0,0,0,1,0,0,0,0,0,0,1,0,0,1,0,0,0,0
41,2.0,1.65,9,17.99,1,2,0.16,0.0,0.0,1.0,0,0,1,0,0,0,0,0,0,0,1,0,0,0,0,1,0,1,0,0,0,0,0
19,2.0,0.17,9,17.99,0,4,0.02,0.0,1.0,0.0,0,0,0,0,0,1,1,0,0,0,0,0,0,1,0,0,0,0,0,0,1,0,0
45,0.0,11.74,17,8.99,0,4,0.65,0.0,0.0,1.0,0,0,0,0,1,0,0,0,0,0,1,0,0,1,0,0,0,0,1,0,0,0,0
41,2.0,13.2,29,17.99,0,3,0.44,1.0,0.0,0.0,1,0,0,0,0,0,0,1,0,0,0,0,1,0,0,0,0,0,0,0,1,0,0
25,2.0,36.4,28,17.99,0,5,1.26,1.0,0.0,0.0,0,0,1,0,0,0,0,0,1,0,0,0,1,0,0,0,0,0,0,1,0,0,0
23,1.0,51.87,25,13.99,0,2,1.99,1.0,0.0,0.0,0,1,0,0,0,0,1,0,0,0,0,0,1,0,0,0,1,0,0,0,0,0,0
21,1.0,14.17,60,13.99,1,5,0.23,1.0,0.0,0.0,0,0,0,1,0,0,0,0,0,1,0,0,0,0,1,0,0,0,1,0,0,0,0
29,0.0,0.39,45,8.99,1,5,0.01,1.0,0.0,0.0,1,0,0,0,0,0,0,0,0,1,0,0,0,1,0,0,0,1,0,0,0,0,0
34,1.0,5.67,20,13.99,0,4,0.27,1.0,0.0,0.0,0,0,0,0,0,1,0,0,1,0,0,0,1,0,0,0,0,0,0,0,0,0,1
36,1.0,14.25,22,13.99,0,5,0.62,0.0,0.0,1.0,0,0,0,0,1,0,0,0,1,0,0,0,0,0,0,1,0,0,0,0,1,0,0
35,2.0,28.04,59,17.99,0,2,0.47,0.0,0.0,1.0,0,0,0,0,1,0,0,0,1,0,0,0,1,0,0,0,0,0,0,0,1,0,0
31,1.0,6.11,17,13.99,0,5,0.34,0.0,1.0,0.0,0,0,1,0,0,0,0,0,1,0,0,1,0,0,0,0,0,0,0,0,0,0,1
57,2.0,6.13,3,17.99,0,3,1.53,0.0,1.0,0.0,0,1,0,0,0,0,1,0,0,0,0,0,0,0,0,1,0,0,0,0,0,0,1
46,0.0,3.39,5,8.99,0,4,0.57,0.0,0.0,1.0,0,0,0,1,0,0,0,0,0,0,1,0,0,1,0,0,0,0,0,0,1,0,0
26,1.0,5.67,36,13.99,0,5,0.15,1.0,0.0,0.0,0,0,0,0,0,1,0,0,0,1,0,0,0,0,0,1,0,0,0,0,0,0,1
30,0.0,0.28,56,8.99,1,2,0.0,0.0,0.0,1.0,1,0,0,0,0,0,0,0,1,0,0,0,0,0,0,1,0,0,0,0,1,0,0
57,2.0,6.49,23,17.99,0,1,0.27,1.0,0.0,0.0,0,0,0,0,1,0,0,1,0,0,0,0,0,0,1,0,0,0,0,0,0,1,0
24,0.0,3.55,59,8.99,1,3,0.06,0.0,1.0,0.0,0,1,0,0,0,0,0,1,0,0,0,0,0,0,0,1,0,0,0,1,0,0,0
20,0.0,14.05,7,8.99,0,3,1.76,1.0,0.0,0.0,1,0,0,0,0,0,0,0,1,0,0,1,0,0,0,0,1,0,0,0,0,0,0
22,2.0,1.03,44,17.99,1,2,0.02,1.0,0.0,0.0,1,0,0,0,0,0,0,0,0,1,0,0,0,1,0,0,0,0,0,1,0,0,0
62,0.0,3.62,34,8.99,1,3,0.1,1.0,0.0,0.0,1,0,0,0,0,0,0,0,1,0,0,0,0,0,0,1,0,0,0,1,0,0,0
56,0.0,2.54,39,8.99,1,5,0.06,1.0,0.0,0.0,0,0,0,1,0,0,1,0,0,0,0,0,0,0,0,1,0,0,0,0,0,0,1
22,0.0,2.59,2,8.99,1,1,0.86,0.0,0.0,1.0,1,0,0,0,0,0,0,0,0,1,0,0,0,0,1,0,0,0,1,0,0,0,0
43,0.0,8.05,13,8.99,0,5,0.58,0.0,0.0,1.0,0,0,0,1,0,0,1,0,0,0,0,0,0,0,0,1,0,0,0,0,1,0,0
46,1.0,16.95,32,13.99,0,2,0.51,0.0,0.0,1.0,0,0,0,0,1,0,0,1,0,0,0,0,0,1,0,0,0,0,0,1,0,0,0
38,1.0,2.76,30,13.99,1,4,0.09,0.0,1.0,0.0,0,0,0,1,0,0,1,0,0,0,0,0,0,0,1,0,0,0,0,1,0,0,0
36,2.0,13.25,19,17.99,0,1,0.66,0.0,0.0,1.0,0,0,0,1,0,0,0,0,0,0,1,0,0,0,1,0,0,0,0,0,0,1,0
41,1.0,14.82,33,13.99,1,2,0.44,0.0,1.0,0.0,0,0,1,0,0,0,0,1,0,0,0,0,0,1,0,0,0,0,0,0,0,1,0
39,0.0,2.52,52,8.99,1,2,0.05,0.0,0.0,1.0,0,0,0,0,1,0,1,0,0,0,0,0,0,0,0,1,0,0,0,0,0,1,0
31,0.0,9.71,16,8.99,0,3,0.57,0.0,1.0,0.0,0,0,0,1,0,0,0,0,0,1,0,0,1,0,0,0,0,0,0,0,0,0,1
29,2.0,5.29,8,17.99,0,3,0.59,1.0,0.0,0.0,0,0,0,0,1,0,0,0,0,0,1,0,0,1,0,0,0,0,0,0,1,0,0
33,0.0,9.81,39,8.99,1,3,0.25,1.0,0.0,0.0,0,0,0,1,0,0,0,0,0,0,1,0,0,0,1,0,0,0,0,0,0,0,1
30,1.0,5.21,11,13.99,0,3,0.43,0.0,0.0,1.0,0,0,0,0,1,0,0,0,0,0,1,0,0,0,0,1,0,0,0,0,0,1,0
51,0.0,6.7,58,8.99,1,4,0.11,0.0,0.0,1.0,0,0,0,0,1,0,0,0,0,0,1,0,0,0,1,0,0,0,0,0,1,0,0
40,1.0,7.88,9,13.99,0,2,0.79,1.0,0.0,0.0,0,0,0,0,1,0,0,0,1,0,0,0,1,0,0,0,0,0,0,0,0,0,1
36,2.0,41.02,47,17.99,0,3,0.85,0.0,0.0,1.0,0,0,1,0,0,0,0,0,0,1,0,0,0,1,0,0,0,0,0,1,0,0,0
65,0.0,46.29,39,8.99,0,5,1.16,0.0,1.0,0.0,0,0,0,1,0,0,0,0,0,0,1,0,0,0,0,1,0,0,0,1,0,0,0
58,2.0,59.99,11,17.99,0,2,5.0,1.0,0.0,0.0,0,0,0,1,0,0,1,0,0,0,0,1,0,0,0,0,0,1,0,0,0,0,0
43,0.0,1.18,31,8.99,1,1,0.04,0.0,1.0,0.0,0,1,0,0,0,0,1,0,0,0,0,0,0,1,0,0,1,0,0,0,0,0,0
70,0.0,8.26,2,8.99,0,4,2.75,0.0,0.0,1.0,0,1,0,0,0,0,0,0,0,1,0,0,0,1,0,0,0,1,0,0,0,0,0
49,1.0,20.37,30,13.99,0,1,0.66,0.0,1.0,0.0,0,0,1,0,0,0,0,0,1,0,0,0,1,0,0,0,0,0,0,1,0,0,0
30,1.0,3.36,2,13.99,0,2,1.12,0.0,0.0,1.0,0,0,0,0,1,0,0,1,0,0,0,0,1,0,0,0,0,0,0,0,0,0,1
43,0.0,17.66,7,8.99,0,1,2.21,0.0,1.0,0.0,0,1,0,0,0,0,0,1,0,0,0,0,1,0,0,0,0,0,0,0,1,0,0
47,0.0,0.83,42,8.99,1,2,0.02,0.0,1.0,0.0,0,0,0,1,0,0,0,0,0,1,0,1,0,0,0,0,0,0,0,0,1,0,0
47,2.0,25.17,1,17.99,0,5,12.59,0.0,1.0,0.0,1,0,0,0,0,0,1,0,0,0,0,0,1,0,0,0,0,0,0,0,0,0,1
51,1.0,6.79,3,13.99,0,4,1.7,1.0,0.0,0.0,0,1,0,0,0,0,0,0,0,0,1,0,0,0,1,0,1,0,0,0,0,0,0
38,2.0,11.56,38,17.99,1,4,0.3,0.0,1.0,0.0,0,0,0,1,0,0,0,0,1,0,0,0,0,0,1,0,0,0,0,0,0,1,0
48,0.0,60.85,10,8.99,0,5,5.53,0.0,0.0,1.0,1,0,0,0,0,0,1,0,0,0,0,0,0,1,0,0,0,0,0,0,1,0,0
28,1.0,5.29,18,13.99,0,1,0.28,0.0,1.0,0.0,0,0,1,0,0,0,1,0,0,0,0,0,0,1,0,0,0,0,0,0,1,0,0
32,1.0,1.7,45,13.99,1,5,0.04,1.0,0.0,0.0,1,0,0,0,0,0,0,0,1,0,0,0,0,0,1,0,0,1,0,0,0,0,0
57,2.0,27.17,41,17.99,0,4,0.65,0.0,0.0,1.0,0,0,0,0,0,1,0,0,0,1,0,0,0,0,0,1,0,0,0,0,0,0,1
44,1.0,8.03,57,13.99,1,5,0.14,0.0,1.0,0.0,0,0,0,0,0,1,0,0,0,1,0,0,1,0,0,0,0,0,0,0,1,0,0
18,1.0,5.41,20,13.99,0,3,0.26,0.0,0.0,1.0,1,0,0,0,0,0,0,0,0,0,1,0,1,0,0,0,1,0,0,0,0,0,0
18,0.0,10.17,46,8.99,1,1,0.22,0.0,1.0,0.0,0,0,1,0,0,0,0,0,1,0,0,0,0,1,0,0,0,0,0,1,0,0,0
21,1.0,16.74,39,13.99,1,3,0.42,1.0,0.0,0.0,0,0,0,0,1,0,0,1,0,0,0,0,0,0,1,0,1,0,0,0,0,0,0
29,2.0,1.38,4,17.99,1,3,0.28,1.0,0.0,0.0,0,0,1,0,0,0,0,1,0,0,0,0,0,0,1,0,0,0,0,0,0,0,1
63,2.0,21.06,17,17.99,0,1,1.17,1.0,0.0,0.0,1,0,0,0,0,0,1,0,0,0,0,0,1,0,0,0,0,1,0,0,0,0,0
64,0.0,11.77,9,8.99,0,2,1.18,1.0,0.0,0.0,1,0,0,0,0,0,0,0,1,0,0,0,1,0,0,0,1,0,0,0,0,0,0
21,2.0,20.56,0,17.99,0,5,20.56,1.0,0.0,0.0,1,0,0,0,0,0,0,1,0,0,0,0,1,0,0,0,0,0,1,0,0,0,0
50,0.0,6.36,57,8.99,1,5,0.11,0.0,0.0,1.0,0,0,1,0,0,0,0,0,1,0,0,0,0,1,0,0,0,0,1,0,0,0,0
23,1.0,12.14,9,13.99,0,3,1.21,1.0,0.0,0.0,0,0,0,1,0,0,0,0,0,1,0,0,1,0,0,0,0,0,0,0,0,1,0
65,1.0,15.97,2,13.99,0,1,5.32,1.0,0.0,0.0,1,0,0,0,0,0,0,0,0,1,0,0,1,0,0,0,0,0,0,1,0,0,0
49,1.0,3.75,0,13.99,0,4,3.75,0.0,1.0,0.0,0,0,0,1,0,0,0,0,0,0,1,1,0,0,0,0,0,0,0,0,1,0,0
29,1.0,0.24,23,13.99,1,2,0.01,1.0,0.0,0.0,0,0,0,0,1,0,0,0,0,1,0,1,0,0,0,0,0,0,1,0,0,0,0
55,0.0,18.98,34,8.99,0,5,0.54,1.0,0.0,0.0,0,0,0,0,0,1,1,0,0,0,0,0,0,0,0,1,0,0,1,0,0,0,0
63,2.0,2.96,25,17.99,0,4,0.11,0.0,1.0,0.0,0,0,0,1,0,0,1,0,0,0,0,0,0,1,0,0,1,0,0,0,0,0,0
66,2.0,1.4,23,17.99,1,2,0.06,0.0,0.0,1.0,0,1,0,0,0,0,0,1,0,0,0,0,0,0,1,0,0,0,1,0,0,0,0
24,0.0,3.05,54,8.99,1,3,0.06,0.0,0.0,1.0,0,0,0,0,1,0,1,0,0,0,0,0,0,0,1,0,0,0,0,1,0,0,0
22,0.0,5.15,25,8.99,0,4,0.2,0.0,1.0,0.0,1,0,0,0,0,0,0,1,0,0,0,0,1,0,0,0,0,0,1,0,0,0,0
34,2.0,26.14,15,17.99,0,3,1.63,0.0,1.0,0.0,0,0,0,0,1,0,0,0,1,0,0,0,0,1,0,0,0,0,0,0,0,1,0
64,2.0,8.46,20,17.99,0,4,0.4,0.0,0.0,1.0,0,1,0,0,0,0,0,1,0,0,0,0,0,1,0,0,0,0,0,0,0,1,0
67,0.0,3.68,34,8.99,1,1,0.11,1.0,0.0,0.0,0,0,0,1,0,0,0,0,0,0,1,0,0,0,0,1,0,0,0,0,0,0,1
38,1.0,6.77,49,13.99,1,3,0.14,0.0,1.0,0.0,0,0,1,0,0,0,0,0,1,0,0,0,0,0,1,0,0,0,0,0,0,1,0
57,0.0,1.24,52,8.99,1,4,0.02,1.0,0.0,0.0,0,0,1,0,0,0,1,0,0,0,0,1,0,0,0,0,0,0,0,0,0,0,1
31,0.0,1.04,46,8.99,1,1,0.02,0.0,1.0,0.0,0,0,0,0,0,1,0,0,0,1,0,0,0,0,0,1,0,0,0,0,0,1,0
43,0.0,1.63,0,8.99,0,3,1.63,0.0,1.0,0.0,0,0,0,0,1,0,0,0,1,0,0,1,0,0,0,0,0,0,1,0,0,0,0
69,2.0,3.66,53,17.99,1,4,0.07,0.0,0.0,1.0,0,0,0,0,1,0,0,0,0,1,0,0,1,0,0,0,0,0,0,0,0,0,1
55,0.0,9.28,42,8.99,1,2,0.22,0.0,1.0,0.0,0,1,0,0,0,0,0,1,0,0,0,0,0,0,0,1,0,0,0,0,1,0,0
43,1.0,77.57,6,13.99,0,4,11.08,0.0,0.0,1.0,0,0,0,0,0,1,0,0,1,0,0,1,0,0,0,0,0,1,0,0,0,0,0
46,2.0,3.16,5,17.99,0,5,0.53,1.0,0.0,0.0,0,1,0,0,0,0,0,0,0,1,0,0,0,1,0,0,1,0,0,0,0,0,0
60,2.0,9.31,2,17.99,0,5,3.1,1.0,0.0,0.0,0,0,1,0,0,0,1,0,0,0,0,0,0,0,0,1,0,0,0,0,1,0,0
32,2.0,24.08,37,17.99,0,3,0.63,0.0,1.0,0.0,0,0,0,0,1,0,0,0,0,0,1,0,0,1,0,0,1,0,0,0,0,0,0
42,0.0,12.95,41,8.99,1,1,0.31,0.0,0.0,1.0,0,0,0,0,1,0,1,0,0,0,0,0,0,0,1,0,0,1,0,0,0,0,0
32,1.0,9.8,5,13.99,0,3,1.63,1.0,0.0,0.0,0,0,0,1,0,0,0,0,0,0,1,1,0,0,0,0,0,0,0,1,0,0,0
35,1.0,23.05,14,13.99,0,4,1.54,0.0,1.0,0.0,1,0,0,0,0,0,0,1,0,0,0,0,0,1,0,0,0,0,1,0,0,0,0
60,0.0,12.11,33,8.99,1,4,0.36,0.0,0.0,1.0,0,0,0,0,1,0,1,0,0,0,0,0,1,0,0,0,0,1,0,0,0,0,0
68,1.0,2.58,37,13.99,1,3,0.07,1.0,0.0,0.0,0,0,0,0,0,1,0,0,0,0,1,0,0,1,0,0,0,0,0,0,0,0,1
43,1.0,16.48,17,13.99,0,3,0.92,0.0,1.0,0.0,0,0,0,1,0,0,0,0,0,0,1,0,0,0,1,0,0,1,0,0,0,0,0
64,1.0,10.46,51,13.99,1,2,0.2,0.0,1.0,0.0,0,0,0,0,0,1,0,1,0,0,0,1,0,0,0,0,0,1,0,0,0,0,0
56,0.0,2.15,12,8.99,1,5,0.17,1.0,0.0,0.0,0,0,0,0,0,1,0,1,0,0,0,0,0,0,0,1,0,0,0,1,0,0,0
56,2.0,19.25,28,17.99,0,5,0.66,0.0,0.0,1.0,0,0,0,1,0,0,0,1,0,0,0,1,0,0,0,0,1,0,0,0,0,0,0
57,2.0,8.62,40,17.99,1,2,0.21,0.0,0.0,1.0,1,0,0,0,0,0,1,0,0,0,0,0,0,0,0,1,0,0,0,0,0,1,0
38,1.0,10.23,18,13.99,0,5,0.54,0.0,0.0,1.0,1,0,0,0,0,0,0,0,0,1,0,0,0,0,0,1,0,0,1,0,0,0,0
35,2.0,21.23,9,17.99,0,5,2.12,0.0,0.0,1.0,0,1,0,0,0,0,0,0,0,1,0,0,0,0,0,1,0,0,0,0,1,0,0
35,0.0,16.65,46,8.99,1,3,0.35,0.0,1.0,0.0,0,1,0,0,0,0,0,0,0,1,0,0,1,0,0,0,0,0,0,0,0,1,0
58,1.0,6.62,25,13.99,0,2,0.25,0.0,0.0,1.0,1,0,0,0,0,0,0,0,0,1,0,0,0,1,0,0,0,0,0,1,0,0,0
38,0.0,6.67,39,8.99,1,3,0.17,0.0,1.0,0.0,0,0,0,1,0,0,0,1,0,0,0,0,0,0,1,0,0,0,0,1,0,0,0
69,1.0,4.86,27,13.99,1,3,0.17,0.0,1.0,0.0,0,0,0,1,0,0,1,0,0,0,0,0,0,0,1,0,0,0,0,0,1,0,0
47,0.0,19.26,57,8.99,1,2,0.33,0.0,1.0,0.0,0,0,1,0,0,0,0,0,0,1,0,0,0,0,0,1,1,0,0,0,0,0,0
49,2.0,7.9,20,17.99,0,2,0.38,0.0,1.0,0.0,0,0,1,0,0,0,0,0,1,0,0,0,1,0,0,0,0,0,0,0,1,0,0
26,1.0,8.88,42,13.99,1,1,0.21,1.0,0.0,0.0,1,0,0,0,0,0,1,0,0,0,0,0,0,1,0,0,0,0,1,0,0,0,0
28,2.0,25.32,6,17.99,0,1,3.62,1.0,0.0,0.0,0,0,0,0,0,1,0,1,0,0,0,0,0,0,1,0,1,0,0,0,0,0,0
36,1.0,12.08,60,13.99,1,2,0.2,1.0,0.0,0.0,0,0,1,0,0,0,0,0,1,0,0,0,0,0,0,1,0,1,0,0,0,0,0
28,2.0,2.01,35,17.99,1,2,0.06,0.0,1.0,0.0,0,0,1,0,0,0,0,0,0,0,1,0,0,0,1,0,0,0,1,0,0,0,0
24,2.0,9.24,23,17.99,0,3,0.39,0.0,1.0,0.0,0,0,0,0,1,0,1,0,0,0,0,0,0,1,0,0,0,0,1,0,0,0,0
59,2.0,18.05,19,17.99,0,3,0.9,0.0,0.0,1.0,0,1,0,0,0,0,0,0,0,1,0,0,0,0,0,1,0,0,1,0,0,0,0
69,0.0,3.12,47,8.99,1,3,0.07,0.0,0.0,1.0,0,0,0,0,0,1,0,0,1,0,0,0,1,0,0,0,0,0,1,0,0,0,0
46,2.0,26.01,3,17.99,0,3,6.5,0.0,1.0,0.0,0,1,0,0,0,0,0,0,1,0,0,0,0,1,0,0,0,0,0,0,1,0,0
62,1.0,36.03,46,13.99,0,2,0.77,0.0,0.0,1.0,0,0,0,1,0,0,0,0,1,0,0,0,0,0,1,0,0,0,1,0,0,0,0
60,1.0,1.85,28,13.99,1,3,0.06,1.0,0.0,0.0,1,0,0,0,0,0,0,0,1,0,0,0,0,0,0,1,0,1,0,0,0,0,0
33,1.0,1.32,36,13.99,1,1,0.04,1.0,0.0,0.0,0,0,0,0,0,1,0,1,0,0,0,0,1,0,0,0,0,0,0,1,0,0,0
51,2.0,16.96,15,17.99,0,5,1.06,1.0,0.0,0.0,0,0,0,0,1,0,0,1,0,0,0,1,0,0,0,0,0,0,0,0,0,0,1
32,0.0,0.54,5,8.99,1,2,0.09,1.0,0.0,0.0,0,0,0,0,1,0,0,1,0,0,0,0,0,0,0,1,0,0,0,1,0,0,0
40,1.0,11.56,48,13.99,1,5,0.24,0.0,0.0,1.0,0,1,0,0,0,0,0,0,0,0,1,0,0,0,1,0,0,0,1,0,0,0,0
62,2.0,9.58,25,17.99,0,2,0.37,0.0,0.0,1.0,0,1,0,0,0,0,0,0,0,0,1,1,0,0,0,0,0,1,0,0,0,0,0
56,2.0,6.24,2,17.99,0,4,2.08,0.0,1.0,0.0,0,0,0,0,1,0,0,0,0,0,1,0,1,0,0,0,0,0,0,0,0,0,1
22,2.0,12.87,59,17.99,1,4,0.21,0.0,1.0,0.0,0,0,1,0,0,0,0,0,0,0,1,0,0,0,1,0,0,0,0,0,0,1,0
31,1.0,11.93,15,13.99,0,4,0.75,0.0,1.0,0.0,1,0,0,0,0,0,0,0,0,0,1,0,0,0,1,0,0,0,0,0,1,0,0
60,2.0,7.25,35,17.99,0,5,0.2,0.0,1.0,0.0,0,1,0,0,0,0,0,0,0,1,0,0,0,1,0,0,0,0,0,0,0,0,1
64,0.0,6.68,24,8.99,1,2,0.27,0.0,1.0,0.0,0,1,0,0,0,0,0,1,0,0,0,0,1,0,0,0,0,0,0,0,1,0,0
53,0.0,6.64,37,8.99,1,5,0.17,0.0,1.0,0.0,1,0,0,0,0,0,1,0,0,0,0,1,0,0,0,0,0,0,1,0,0,0,0
21,1.0,8.6,46,13.99,0,4,0.18,1.0,0.0,0.0,0,0,1,0,0,0,0,0,1,0,0,0,0,0,0,1,1,0,0,0,0,0,0
45,1.0,25.59,22,13.99,0,2,1.11,0.0,0.0,1.0,0,0,1,0,0,0,0,0,0,1,0,1,0,0,0,0,0,0,0,0,0,0,1
37,0.0,11.52,38,8.99,1,4,0.3,0.0,1.0,0.0,0,0,0,0,1,0,0,0,0,1,0,0,0,0,0,1,1,0,0,0,0,0,0
18,0.0,47.29,23,8.99,0,3,1.97,1.0,0.0,0.0,0,1,0,0,0,0,0,0,0,1,0,0,0,0,0,1,0,0,0,0,0,1,0
28,0.0,2.66,55,8.99,1,5,0.05,1.0,0.0,0.0,1,0,0,0,0,0,0,1,0,0,0,0,1,0,0,0,1,0,0,0,0,0,0
38,0.0,8.81,1,8.99,0,4,4.41,0.0,0.0,1.0,0,0,0,1,0,0,1,0,0,0,0,0,0,0,1,0,1,0,0,0,0,0,0
54,0.0,1.07,59,8.99,1,1,0.02,0.0,0.0,1.0,0,0,1,0,0,0,0,0,0,1,0,1,0,0,0,0,0,0,1,0,0,0,0
36,1.0,48.01,29,13.99,0,5,1.6,0.0,1.0,0.0,1,0,0,0,0,0,0,0,0,0,1,0,1,0,0,0,0,0,0,0,0,0,1
61,1.0,26.05,21,13.99,0,1,1.18,0.0,1.0,0.0,0,0,0,1,0,0,0,0,0,0,1,0,0,1,0,0,0,0,1,0,0,0,0
65,2.0,16.68,9,17.99,0,2,1.67,0.0,0.0,1.0,0,1,0,0,0,0,0,0,1,0,0,0,0,1,0,0,0,0,0,0,0,1,0
25,1.0,9.64,54,13.99,1,3,0.18,1.0,0.0,0.0,0,0,0,0,1,0,0,0,0,1,0,1,0,0,0,0,0,0,0,1,0,0,0
37,0.0,18.78,33,8.99,1,3,0.55,0.0,1.0,0.0,0,0,0,1,0,0,0,0,0,0,1,0,0,1,0,0,0,0,0,0,1,0,0
59,2.0,4.9,56,17.99,1,4,0.09,0.0,1.0,0.0,0,0,0,0,1,0,0,1,0,0,0,0,1,0,0,0,0,0,1,0,0,0,0
64,0.0,3.98,58,8.99,1,5,0.07,1.0,0.0,0.0,0,0,0,0,1,0,0,1,0,0,0,0,0,0,0,1,0,0,0,0,0,0,1
44,0.0,8.02,9,8.99,0,4,0.8,0.0,1.0,0.0,0,0,0,1,0,0,0,0,0,1,0,0,1,0,0,0,0,1,0,0,0,0,0
21,2.0,1.83,21,17.99,1,1,0.08,0.0,1.0,0.0,0,0,0,1,0,0,0,0,0,1,0,0,0,0,1,0,0,1,0,0,0,0,0
31,1.0,3.9,33,13.99,1,3,0.11,0.0,0.0,1.0,0,0,0,0,1,0,0,1,0,0,0,0,0,1,0,0,1,0,0,0,0,0,0
46,0.0,7.63,31,8.99,1,5,0.24,0.0,0.0,1.0,0,1,0,0,0,0,0,0,0,0,1,0,0,0,1,0,0,0,0,0,0,1,0
32,2.0,2.38,3,17.99,0,4,0.59,0.0,1.0,0.0,0,1,0,0,0,0,0,0,1,0,0,0,0,0,1,0,0,0,0,1,0,0,0
20,0.0,1.27,46,8.99,1,1,0.03,1.0,0.0,0.0,0,1,0,0,0,0,1,0,0,0,0,0,0,0,0,1,0,0,0,0,1,0,0
49,0.0,5.3,44,8.99,1,3,0.12,0.0,1.0,0.0,0,0,0,0,1,0,0,0,0,1,0,1,0,0,0,0,0,1,0,0,0,0,0
18,0.0,3.11,48,8.99,1,2,0.06,0.0,1.0,0.0,0,0,1,0,0,0,0,0,0,1,0,1,0,0,0,0,0,0,0,0,0,0,1
65,2.0,23.31,25,17.99,0,2,0.9,0.0,1.0,0.0,0,0,0,0,0,1,0,0,0,0,1,0,0,1,0,0,1,0,0,0,0,0,0
28,1.0,0.61,59,13.99,1,5,0.01,1.0,0.0,0.0,1,0,0,0,0,0,0,1,0,0,0,0,0,0,1,0,0,0,0,0,0,1,0
62,2.0,0.99,43,17.99,1,5,0.02,0.0,1.0,0.0,0,1,0,0,0,0,0,0,1,0,0,0,0,1,0,0,0,0,1,0,0,0,0
22,1.0,10.96,50,13.99,1,4,0.21,0.0,1.0,0.0,0,1,0,0,0,0,0,1,0,0,0,0,1,0,0,0,0,0,0,1,0,0,0
29,2.0,16.95,53,17.99,1,3,0.31,0.0,0.0,1.0,1,0,0,0,0,0,0,0,1,0,0,0,0,0,0,1,0,0,0,0,0,1,0
37,1.0,5.31,38,13.99,0,5,0.14,1.0,0.0,0.0,0,1,0,0,0,0,0,0,0,1,0,0,0,0,0,1,0,0,0,0,0,0,1
34,1.0,8.59,20,13.99,0,1,0.41,0.0,0.0,1.0,0,0,1,0,0,0,0,0,0,1,0,0,0,0,1,0,0,0,0,0,0,1,0
60,0.0,36.07,38,8.99,0,5,0.92,0.0,0.0,1.0,0,0,0,0,1,0,0,0,0,1,0,0,0,1,0,0,0,0,0,0,0,1,0
57,0.0,2.86,49,8.99,1,2,0.06,1.0,0.0,0.0,0,0,1,0,0,0,1,0,0,0,0,0,0,1,0,0,0,0,1,0,0,0,0
33,0.0,24.94,16,8.99,0,1,1.47,0.0,0.0,1.0,0,0,0,0,0,1,0,0,1,0,0,1,0,0,0,0,0,0,0,1,0,0,0
26,1.0,26.4,22,13.99,0,1,1.15,0.0,1.0,0.0,0,0,0,1,0,0,0,0,0,1,0,1,0,0,0,0,0,0,0,0,0,1,0
28,1.0,14.45,4,13.99,0,5,2.89,0.0,0.0,1.0,0,0,1,0,0,0,0,1,0,0,0,1,0,0,0,0,0,0,0,0,1,0,0
53,2.0,4.49,10,17.99,1,1,0.41,0.0,0.0,1.0,0,0,0,0,0,1,0,0,0,0,1,0,0,1,0,0,1,0,0,0,0,0,0
45,0.0,4.22,18,8.99,1,3,0.22,0.0,1.0,0.0,1,0,0,0,0,0,1,0,0,0,0,0,1,0,0,0,0,0,0,0,0,0,1
62,0.0,16.62,21,8.99,0,3,0.76,0.0,0.0,1.0,0,0,0,0,0,1,1,0,0,0,0,0,0,0,1,0,1,0,0,0,0,0,0
28,1.0,1.07,9,13.99,1,1,0.11,0.0,0.0,1.0,1,0,0,0,0,0,0,0,1,0,0,0,0,0,0,1,0,1,0,0,0,0,0
53,2.0,27.73,32,17.99,0,4,0.84,0.0,0.0,1.0,1,0,0,0,0,0,1,0,0,0,0,0,0,1,0,0,0,1,0,0,0,0,0
20,0.0,1.4,51,8.99,1,4,0.03,0.0,1.0,0.0,0,0,0,0,0,1,0,0,0,1,0,0,0,0,1,0,0,1,0,0,0,0,0
59,1.0,10.64,36,13.99,1,2,0.29,0.0,1.0,0.0,0,0,0,0,1,0,1,0,0,0,0,0,0,0,1,0,0,0,0,1,0,0,0
66,0.0,8.01,53,8.99,1,1,0.15,0.0,1.0,0.0,0,0,1,0,0,0,0,0,0,0,1,1,0,0,0,0,0,1,0,0,0,0,0
41,0.0,7.04,30,8.99,0,5,0.23,0.0,1.0,0.0,0,0,0,0,0,1,0,0,0,0,1,0,0,1,0,0,0,0,0,0,0,0,1
51,0.0,7.54,5,8.99,0,4,1.26,0.0,1.0,0.0,0,0,1,0,0,0,1,0,0,0,0,0,0,1,0,0,1,0,0,0,0,0,0
29,1.0,17.26,17,13.99,0,2,0.96,1.0,0.0,0.0,0,0,0,0,1,0,0,0,0,0,1,0,0,0,1,0,0,0,0,1,0,0,0
58,2.0,14.44,43,17.99,1,3,0.33,0.0,0.0,1.0,0,0,0,1,0,0,0,0,0,0,1,0,0,0,1,0,0,0,0,0,1,0,0
28,1.0,6.97,9,13.99,0,4,0.7,0.0,0.0,1.0,1,0,0,0,0,0,1,0,0,0,0,0,0,1,0,0,0,0,0,0,1,0,0
29,2.0,14.87,12,17.99,0,4,1.14,1.0,0.0,0.0,0,0,0,1,0,0,0,1,0,0,0,1,0,0,0,0,1,0,0,0,0,0,0
62,1.0,4.16,29,13.99,1,3,0.14,0.0,0.0,1.0,0,0,1,0,0,0,1,0,0,0,0,0,0,0,0,1,0,0,0,0,0,0,1
62,0.0,21.86,22,8.99,0,5,0.95,0.0,0.0,1.0,0,0,0,0,1,0,0,0,0,1,0,0,1,0,0,0,0,0,0,0,0,0,1
58,0.0,8.4,44,8.99,1,2,0.19,1.0,0.0,0.0,1,0,0,0,0,0,0,1,0,0,0,0,0,0,1,0,0,0,1,0,0,0,0
21,1.0,25.32,60,13.99,0,4,0.42,1.0,0.0,0.0,0,0,1,0,0,0,0,0,1,0,0,0,1,0,0,0,0,1,0,0,0,0,0
38,0.0,22.74,60,8.99,1,3,0.37,0.0,1.0,0.0,0,1,0,0,0,0,1,0,0,0,0,0,0,0,1,0,0,0,1,0,0,0,0
19,1.0,16.26,17,13.99,0,1,0.9,1.0,0.0,0.0,0,0,1,0,0,0,0,0,0,0,1,1,0,0,0,0,0,0,0,1,0,0,0
46,0.0,13.83,44,8.99,1,4,0.31,0.0,0.0,1.0,0,0,0,1,0,0,0,0,1,0,0,0,0,1,0,0,1,0,0,0,0,0,0
38,1.0,0.9,35,13.99,1,2,0.03,1.0,0.0,0.0,0,0,0,1,0,0,1,0,0,0,0,0,0,0,0,1,0,0,0,0,0,0,1
36,1.0,37.54,54,13.99,0,2,0.68,0.0,1.0,0.0,0,0,1,0,0,0,0,0,0,1,0,0,0,0,0,1,0,0,0,0,0,1,0
42,1.0,1.64,17,13.99,0,5,0.09,0.0,1.0,0.0,0,0,0,0,1,0,1,0,0,0,0,0,0,1,0,0,0,1,0,0,0,0,0
43,1.0,5.61,41,13.99,1,1,0.13,0.0,1.0,0.0,0,0,1,0,0,0,0,0,0,0,1,0,0,0,0,1,0,0,0,0,1,0,0
60,2.0,7.61,20,17.99,0,1,0.36,0.0,0.0,1.0,0,0,1,0,0,0,0,1,0,0,0,0,0,0,0,1,1,0,0,0,0,0,0
55,1.0,14.71,20,13.99,0,2,0.7,1.0,0.0,0.0,0,0,0,0,0,1,1,0,0,0,0,1,0,0,0,0,0,0,0,0,1,0,0
41,0.0,27.09,7,8.99,0,5,3.39,1.0,0.0,0.0,0,0,0,0,0,1,0,0,0,1,0,1,0,0,0,0,1,0,0,0,0,0,0
51,2.0,7.92,16,17.99,0,2,0.47,0.0,1.0,0.0,1,0,0,0,0,0,0,0,1,0,0,0,0,1,0,0,0,0,1,0,0,0,0
32,0.0,12.06,26,8.99,0,3,0.45,0.0,0.0,1.0,0,1,0,0,0,0,0,1,0,0,0,0,0,0,0,1,0,0,0,1,0,0,0
35,0.0,2.22,4,8.99,1,2,0.44,1.0,0.0,0.0,1,0,0,0,0,0,1,0,0,0,0,0,0,0,0,1,0,1,0,0,0,0,0
63,2.0,20.68,26,17.99,0,5,0.77,0.0,1.0,0.0,0,1,0,0,0,0,0,0,0,0,1,0,1,0,0,0,0,0,0,0,1,0,0
39,2.0,4.0,32,17.99,1,2,0.12,0.0,0.0,1.0,0,0,0,0,0,1,0,0,1,0,0,0,0,1,0,0,0,0,0,0,1,0,0
19,0.0,2.79,33,8.99,1,4,0.08,0.0,1.0,0.0,0,0,0,0,1,0,0,0,0,0,1,0,0,0,0,1,0,0,0,0,0,0,1
33,0.0,9.64,30,8.99,0,5,0.31,1.0,0.0,0.0,0,1,0,0,0,0,0,0,1,0,0,0,1,0,0,0,0,0,1,0,0,0,0
63,0.0,39.55,42,8.99,1,1,0.92,0.0,1.0,0.0,0,0,0,1,0,0,0,0,0,0,1,0,0,0,1,0,0,0,0,0,0,0,1
18,0.0,2.13,20,8.99,1,1,0.1,0.0,0.0,1.0,0,0,0,0,1,0,0,1,0,0,0,1,0,0,0,0,0,0,0,0,0,0,1
22,2.0,32.64,30,17.99,0,5,1.05,0.0,0.0,1.0,0,0,0,0,1,0,0,0,1,0,0,1,0,0,0,0,0,0,0,0,0,0,1
42,0.0,20.52,5,8.99,0,2,3.42,0.0,0.0,1.0,0,0,1,0,0,0,0,0,0,0,1,0,0,1,0,0,0,0,0,0,0,1,0
42,2.0,3.49,55,17.99,1,4,0.06,0.0,1.0,0.0,0,0,0,0,1,0,0,0,0,0,1,0,0,0,1,0,0,0,0,0,1,0,0
24,0.0,14.8,28,8.99,0,5,0.51,1.0,0.0,0.0,0,0,0,1,0,0,0,1,0,0,0,0,0,1,0,0,0,0,0,1,0,0,0
30,0.0,4.39,52,8.99,1,3,0.08,1.0,0.0,0.0,0,0,0,1,0,0,0,0,0,1,0,1,0,0,0,0,0,0,0,1,0,0,0
22,2.0,5.45,16,17.99,0,1,0.32,0.0,1.0,0.0,0,0,0,1,0,0,1,0,0,0,0,1,0,0,0,0,0,0,0,0,0,1,0
54,1.0,15.65,53,13.99,1,2,0.29,0.0,1.0,0.0,0,0,0,0,1,0,0,0,0,0,1,0,0,0,1,0,0,0,0,0,0,0,1
68,1.0,5.33,26,13.99,0,5,0.2,0.0,0.0,1.0,0,0,0,1,0,0,0,1,0,0,0,0,1,0,0,0,0,0,0,1,0,0,0
51,1.0,5.79,47,13.99,1,2,0.12,1.0,0.0,0.0,0,0,0,0,0,1,0,0,1,0,0,0,0,1,0,0,0,0,1,0,0,0,0
68,1.0,14.65,11,13.99,0,5,1.22,1.0,0.0,0.0,0,0,0,0,1,0,0,0,0,0,1,0,0,1,0,0,0,0,0,0,0,0,1
58,1.0,0.37,60,13.99,1,5,0.01,0.0,0.0,1.0,0,0,1,0,0,0,0,0,0,0,1,0,0,1,0,0,0,0,1,0,0,0,0
32,0.0,9.14,51,8.99,1,2,0.18,1.0,0.0,0.0,0,0,0,1,0,0,0,0,1,0,0,0,0,1,0,0,0,0,0,0,0,1,0
59,0.0,25.0,44,8.99,0,4,0.56,0.0,1.0,0.0,0,1,0,0,0,0,0,0,0,0,1,0,1,0,0,0,0,1,0,0,0,0,0
49,2.0,14.39,48,17.99,1,1,0.29,1.0,0.0,0.0,0,1,0,0,0,0,1,0,0,0,0,0,0,0,1,0,1,0,0,0,0,0,0
29,2.0,0.69,41,17.99,1,5,0.02,0.0,1.0,0.0,0,0,0,0,1,0,0,0,0,0,1,0,0,1,0,0,1,0,0,0,0,0,0
53,0.0,10.96,15,8.99,0,2,0.69,1.0,0.0,0.0,0,0,0,0,0,1,0,0,0,1,0,0,0,0,0,1,0,1,0,0,0,0,0
56,0.0,14.36,21,8.99,0,1,0.65,0.0,1.0,0.0,0,0,0,0,0,1,0,0,0,0,1,0,1,0,0,0,0,0,0,0,0,1,0
56,0.0,3.26,20,8.99,1,3,0.16,0.0,1.0,0.0,0,0,0,1,0,0,0,1,0,0,0,0,0,0,0,1,0,1,0,0,0,0,0
68,1.0,24.08,58,13.99,0,2,0.41,0.0,1.0,0.0,0,0,0,0,0,1,0,1,0,0,0,0,0,0,1,0,0,1,0,0,0,0,0
62,2.0,7.68,56,17.99,1,2,0.13,0.0,0.0,1.0,0,0,1,0,0,0,0,1,0,0,0,0,0,0,0,1,0,0,0,0,1,0,0
26,1.0,67.5,29,13.99,0,4,2.25,0.0,1.0,0.0,0,0,0,0,0,1,0,0,1,0,0,0,0,0,0,1,0,0,0,0,0,1,0
26,1.0,4.31,13,13.99,1,1,0.31,0.0,0.0,1.0,0,0,0,0,0,1,0,0,1,0,0,0,0,1,0,0,0,1,0,0,0,0,0
40,0.0,12.67,44,8.99,1,1,0.28,1.0,0.0,0.0,0,0,1,0,0,0,0,1,0,0,0,1,0,0,0,0,0,1,0,0,0,0,0
52,1.0,5.03,4,13.99,0,5,1.01,0.0,1.0,0.0,0,0,1,0,0,0,1,0,0,0,0,0,0,1,0,0,0,0,0,0,0,0,1
37,0.0,25.43,5,8.99,0,4,4.24,1.0,0.0,0.0,1,0,0,0,0,0,1,0,0,0,0,0,0,0,1,0,0,0,0,0,1,0,0
24,0.0,5.59,0,8.99,0,5,5.59,1.0,0.0,0.0,0,0,0,1,0,0,0,0,0,0,1,0,1,0,0,0,0,0,1,0,0,0,0
19,2.0,11.32,31,17.99,0,4,0.35,0.0,1.0,0.0,0,1,0,0,0,0,1,0,0,0,0,0,0,1,0,0,1,0,0,0,0,0,0
69,0.0,1.13,24,8.99,1,3,0.05,0.0,1.0,0.0,1,0,0,0,0,0,0,0,0,0,1,1,0,0,0,0,0,0,0,0,0,1,0
40,1.0,30.74,55,13.99,0,3,0.55,1.0,0.0,0.0,0,0,0,0,1,0,0,0,0,0,1,0,1,0,0,0,0,0,0,1,0,0,0
39,0.0,16.77,48,8.99,1,1,0.34,0.0,0.0,1.0,0,0,0,0,0,1,0,1,0,0,0,1,0,0,0,0,0,0,0,0,0,1,0
51,0.0,51.43,34,8.99,0,5,1.47,0.0,0.0,1.0,0,0,0,0,0,1,0,0,0,0,1,0,0,0,1,0,0,0,0,0,1,0,0
52,1.0,21.89,3,13.99,0,1,5.47,0.0,1.0,0.0,0,0,1,0,0,0,0,0,1,0,0,0,0,0,0,1,0,0,0,0,1,0,0
70,2.0,8.68,41,17.99,1,1,0.21,0.0,0.0,1.0,0,0,0,0,0,1,1,0,0,0,0,0,0,0,0,1,0,0,0,0,1,0,0
70,1.0,20.33,42,13.99,0,4,0.47,0.0,0.0,1.0,0,0,1,0,0,0,0,0,1,0,0,0,1,0,0,0,0,0,1,0,0,0,0
68,2.0,19.91,54,17.99,1,3,0.36,0.0,1.0,0.0,0,0,1,0,0,0,0,0,1,0,0,0,0,0,1,0,0,0,0,0,1,0,0
32,1.0,17.48,4,13.99,0,4,3.5,0.0,0.0,1.0,0,0,0,1,0,0,0,1,0,0,0,0,1,0,0,0,0,0,0,0,1,0,0
43,0.0,17.9,48,8.99,1,2,0.37,1.0,0.0,0.0,0,1,0,0,0,0,1,0,0,0,0,0,1,0,0,0,0,0,1,0,0,0,0
28,1.0,50.73,12,13.99,0,4,3.9,0.0,0.0,1.0,0,0,0,1,0,0,1,0,0,0,0,1,0,0,0,0,0,0,1,0,0,0,0
41,2.0,60.32,25,17.99,0,5,2.32,0.0,1.0,0.0,0,1,0,0,0,0,0,0,0,1,0,0,0,0,0,1,0,1,0,0,0,0,0
50,0.0,6.53,19,8.99,0,5,0.33,0.0,0.0,1.0,0,0,1,0,0,0,0,0,1,0,0,0,1,0,0,0,0,0,0,0,0,0,1
59,2.0,23.31,50,17.99,0,3,0.46,1.0,0.0,0.0,0,0,0,0,0,1,0,0,0,1,0,0,0,0,1,0,0,1,0,0,0,0,0
51,2.0,10.47,22,17.99,0,2,0.46,0.0,0.0,1.0,0,0,0,0,0,1,0,0,0,0,1,1,0,0,0,0,0,0,0,0,1,0,0
19,2.0,5.34,3,17.99,0,1,1.33,0.0,1.0,0.0,0,0,0,1,0,0,0,0,0,0,1,0,0,1,0,0,1,0,0,0,0,0,0
25,1.0,5.36,23,13.99,0,4,0.22,0.0,0.0,1.0,1,0,0,0,0,0,0,0,1,0,0,0,1,0,0,0,0,1,0,0,0,0,0
61,1.0,19.49,9,13.99,0,1,1.95,0.0,0.0,1.0,0,1,0,0,0,0,0,0,0,1,0,0,0,0,0,1,0,0,0,1,0,0,0
39,1.0,14.12,12,13.99,0,5,1.09,0.0,0.0,1.0,0,0,1,0,0,0,1,0,0,0,0,1,0,0,0,0,0,0,1,0,0,0,0
53,0.0,7.21,53,8.99,1,3,0.13,0.0,1.0,0.0,0,0,0,1,0,0,0,0,1,0,0,1,0,0,0,0,0,1,0,0,0,0,0
21,0.0,24.12,18,8.99,0,1,1.27,0.0,1.0,0.0,0,0,0,0,0,1,0,1,0,0,0,0,1,0,0,0,1,0,0,0,0,0,0
42,2.0,13.25,29,17.99,0,4,0.44,0.0,0.0,1.0,1,0,0,0,0,0,1,0,0,0,0,0,0,0,0,1,0,0,0,0,0,1,0
65,0.0,0.39,3,8.99,1,2,0.1,0.0,0.0,1.0,0,0,0,0,1,0,1,0,0,0,0,0,0,0,0,1,1,0,0,0,0,0,0
18,0.0,32.68,58,8.99,0,5,0.55,0.0,1.0,0.0,1,0,0,0,0,0,0,0,0,1,0,0,0,0,1,0,0,0,0,0,0,1,0
45,1.0,12.64,33,13.99,1,4,0.37,0.0,0.0,1.0,0,0,0,1,0,0,1,0,0,0,0,0,1,0,0,0,0,0,0,0,0,1,0
19,2.0,1.8,4,17.99,0,2,0.36,1.0,0.0,0.0,1,0,0,0,0,0,0,0,0,0,1,0,0,1,0,0,0,0,1,0,0,0,0
45,2.0,21.12,27,17.99,0,5,0.75,0.0,0.0,1.0,0,0,0,0,1,0,1,0,0,0,0,1,0,0,0,0,0,0,0,1,0,0,0
24,1.0,1.68,45,13.99,1,3,0.04,1.0,0.0,0.0,0,1,0,0,0,0,0,0,1,0,0,1,0,0,0,0,0,1,0,0,0,0,0
48,1.0,3.22,33,13.99,1,1,0.09,0.0,0.0,1.0,0,1,0,0,0,0,1,0,0,0,0,0,0,0,0,1,0,1,0,0,0,0,0
67,0.0,8.03,34,8.99,1,1,0.23,1.0,0.0,0.0,0,1,0,0,0,0,1,0,0,0,0,0,1,0,0,0,0,0,0,0,0,1,0
41,0.0,7.36,30,8.99,0,3,0.24,1.0,0.0,0.0,0,0,0,0,0,1,0,0,0,1,0,0,0,0,0,1,0,0,0,1,0,0,0
35,2.0,1.84,30,17.99,1,3,0.06,1.0,0.0,0.0,0,1,0,0,0,0,1,0,0,0,0,0,1,0,0,0,0,0,0,0,1,0,0
50,1.0,19.48,49,13.99,1,3,0.39,1.0,0.0,0.0,0,0,1,0,0,0,0,1,0,0,0,0,0,0,1,0,0,1,0,0,0,0,0
24,2.0,33.35,38,17.99,0,1,0.86,0.0,1.0,0.0,1,0,0,0,0,0,0,0,0,1,0,1,0,0,0,0,0,0,1,0,0,0,0
30,2.0,3.63,35,17.99,1,3,0.1,1.0,0.0,0.0,0,0,1,0,0,0,1,0,0,0,0,0,0,0,0,1,0,0,0,1,0,0,0
44,2.0,15.31,26,17.99,0,5,0.57,1.0,0.0,0.0,0,0,0,1,0,0,0,0,0,1,0,0,1,0,0,0,0,0,0,0,0,0,1
61,0.0,14.55,37,8.99,1,2,0.38,1.0,0.0,0.0,0,0,0,0,0,1,0,1,0,0,0,0,0,0,1,0,0,0,1,0,0,0,0
43,1.0,19.95,40,13.99,1,1,0.49,1.0,0.0,0.0,0,0,0,1,0,0,0,1,0,0,0,0,0,0,0,1,0,0,0,0,1,0,0
54,0.0,9.92,27,8.99,1,1,0.35,0.0,0.0,1.0,0,1,0,0,0,0,0,1,0,0,0,1,0,0,0,0,0,0,0,1,0,0,0
39,1.0,1.72,24,13.99,1,5,0.07,1.0,0.0,0.0,0,1,0,0,0,0,0,0,0,0,1,0,0,0,1,0,0,0,0,1,0,0,0
43,1.0,8.45,20,13.99,0,3,0.4,1.0,0.0,0.0,1,0,0,0,0,0,0,1,0,0,0,0,0,0,1,0,0,0,1,0,0,0,0
26,1.0,13.02,41,13.99,1,1,0.31,0.0,0.0,1.0,0,0,0,1,0,0,0,0,0,0,1,0,1,0,0,0,0,0,0,0,0,0,1
22,1.0,0.12,4,13.99,0,5,0.02,0.0,1.0,0.0,0,1,0,0,0,0,0,1,0,0,0,0,0,0,0,1,0,0,0,1,0,0,0
32,1.0,5.6,44,13.99,1,3,0.12,0.0,1.0,0.0,0,0,1,0,0,0,0,0,1,0,0,0,0,0,0,1,0,0,0,0,1,0,0
28,2.0,0.68,53,17.99,1,1,0.01,0.0,0.0,1.0,0,0,0,1,0,0,0,1,0,0,0,0,1,0,0,0,0,1,0,0,0,0,0
50,1.0,1.96,60,13.99,1,2,0.03,0.0,1.0,0.0,0,0,0,0,1,0,0,1,0,0,0,0,1,0,0,0,0,0,0,0,1,0,0
25,0.0,6.38,58,8.99,1,3,0.11,0.0,0.0,1.0,0,0,1,0,0,0,1,0,0,0,0,0,0,0,0,1,0,0,1,0,0,0,0
46,2.0,0.5,51,17.99,1,4,0.01,1.0,0.0,0.0,0,0,0,0,0,1,0,0,0,0,1,0,0,1,0,0,0,1,0,0,0,0,0
69,2.0,15.94,36,17.99,1,2,0.43,0.0,0.0,1.0,0,0,0,0,0,1,0,1,0,0,0,0,0,1,0,0,0,0,0,1,0,0,0
57,0.0,0.71,42,8.99,1,4,0.02,1.0,0.0,0.0,0,0,0,1,0,0,0,0,0,1,0,0,0,1,0,0,0,0,0,0,0,0,1
37,2.0,1.32,47,17.99,1,3,0.03,0.0,0.0,1.0,0,0,0,1,0,0,1,0,0,0,0,0,0,0,0,1,0,0,0,1,0,0,0
66,0.0,37.6,35,8.99,0,3,1.04,1.0,0.0,0.0,0,0,0,0,0,1,0,0,1,0,0,0,0,0,1,0,0,1,0,0,0,0,0
44,1.0,2.69,12,13.99,0,5,0.21,1.0,0.0,0.0,1,0,0,0,0,0,0,0,1,0,0,1,0,0,0,0,0,0,0,0,0,0,1
66,0.0,5.07,38,8.99,1,5,0.13,0.0,1.0,0.0,0,0,0,1,0,0,0,0,1,0,0,0,0,0,0,1,0,0,0,0,0,0,1
39,2.0,15.78,25,17.99,0,4,0.61,1.0,0.0,0.0,0,0,0,0,1,0,0,1,0,0,0,0,0,0,1,0,0,0,0,0,0,1,0
63,2.0,9.84,46,17.99,1,2,0.21,1.0,0.0,0.0,0,0,0,0,0,1,0,0,1,0,0,0,0,0,0,1,0,0,0,0,0,1,0
39,0.0,0.21,39,8.99,1,3,0.01,0.0,1.0,0.0,0,0,0,0,0,1,0,1,0,0,0,0,0,0,0,1,1,0,0,0,0,0,0
62,1.0,9.15,55,13.99,1,5,0.16,0.0,1.0,0.0,0,0,0,1,0,0,0,0,0,0,1,0,0,0,1,0,0,0,0,0,0,0,1
63,1.0,3.86,14,13.99,1,5,0.26,1.0,0.0,0.0,0,0,1,0,0,0,0,0,1,0,0,0,1,0,0,0,0,0,1,0,0,0,0
33,1.0,6.82,17,13.99,0,3,0.38,1.0,0.0,0.0,1,0,0,0,0,0,0,0,0,0,1,0,0,0,0,1,0,0,0,0,0,0,1
18,2.0,11.82,59,17.99,1,2,0.2,1.0,0.0,0.0,1,0,0,0,0,0,0,1,0,0,0,1,0,0,0,0,0,0,0,1,0,0,0
68,1.0,6.49,6,13.99,0,1,0.93,1.0,0.0,0.0,0,0,0,0,0,1,1,0,0,0,0,1,0,0,0,0,0,0,0,1,0,0,0
20,2.0,2.04,52,17.99,1,5,0.04,0.0,1.0,0.0,1,0,0,0,0,0,0,1,0,0,0,0,0,1,0,0,1,0,0,0,0,0,0
62,0.0,18.42,45,8.99,1,3,0.4,0.0,0.0,1.0,0,0,0,1,0,0,1,0,0,0,0,0,0,1,0,0,0,0,1,0,0,0,0
24,2.0,0.98,46,17.99,1,4,0.02,1.0,0.0,0.0,0,0,1,0,0,0,0,1,0,0,0,0,0,1,0,0,0,0,0,0,0,1,0
39,2.0,17.26,21,17.99,0,5,0.78,1.0,0.0,0.0,0,0,0,0,0,1,0,0,0,1,0,0,0,1,0,0,0,0,1,0,0,0,0
46,1.0,4.0,42,13.99,1,3,0.09,0.0,0.0,1.0,0,1,0,0,0,0,0,1,0,0,0,1,0,0,0,0,0,1,0,0,0,0,0
38,1.0,47.25,12,13.99,0,1,3.63,1.0,0.0,0.0,1,0,0,0,0,0,0,1,0,0,0,0,0,0,1,0,0,0,1,0,0,0,0
30,2.0,2.19,24,17.99,1,5,0.09,0.0,1.0,0.0,0,1,0,0,0,0,0,1,0,0,0,0,0,0,1,0,0,0,0,0,0,1,0
29,0.0,7.83,39,8.99,1,1,0.2,0.0,0.0,1.0,0,0,0,0,1,0,0,0,1,0,0,0,0,0,0,1,0,0,0,0,0,1,0
66,2.0,8.07,20,17.99,0,5,0.38,0.0,0.0,1.0,1,0,0,0,0,0,1,0,0,0,0,0,0,0,1,0,0,0,0,0,0,1,0
54,1.0,9.97,2,13.99,0,2,3.32,1.0,0.0,0.0,0,1,0,0,0,0,0,0,0,0,1,0,0,1,0,0,0,0,0,0,0,1,0
37,1.0,5.47,39,13.99,1,2,0.14,0.0,1.0,0.0,0,1,0,0,0,0,0,0,0,1,0,0,0,0,1,0,0,0,0,0,1,0,0
41,2.0,0.87,33,17.99,1,4,0.03,0.0,0.0,1.0,0,0,0,0,0,1,0,0,0,0,1,0,0,0,0,1,0,0,1,0,0,0,0
47,1.0,13.37,46,13.99,1,3,0.28,0.0,1.0,0.0,0,1,0,0,0,0,0,0,1,0,0,0,1,0,0,0,0,0,0,0,0,0,1
41,2.0,0.43,60,17.99,1,3,0.01,1.0,0.0,0.0,0,0,1,0,0,0,0,1,0,0,0,0,0,1,0,0,1,0,0,0,0,0,0
18,2.0,8.3,41,17.99,1,5,0.2,0.0,0.0,1.0,0,0,0,0,1,0,0,0,1,0,0,0,1,0,0,0,0,0,0,0,0,1,0
69,0.0,40.16,16,8.99,0,4,2.36,1.0,0.0,0.0,0,1,0,0,0,0,0,0,0,1,0,0,0,1,0,0,0,0,0,1,0,0,0
58,2.0,0.45,7,17.99,1,1,0.06,1.0,0.0,0.0,0,0,0,0,1,0,0,0,0,1,0,0,1,0,0,0,0,0,0,0,0,0,1
65,1.0,45.1,58,13.99,0,3,0.76,1.0,0.0,0.0,1,0,0,0,0,0,0,0,0,0,1,1,0,0,0,0,0,0,0,0,0,1,0
24,2.0,15.55,30,17.99,0,1,0.5,0.0,0.0,1.0,1,0,0,0,0,0,0,0,0,0,1,0,0,0,1,0,0,0,0,0,1,0,0
65,1.0,1.64,15,13.99,1,2,0.1,0.0,0.0,1.0,0,0,0,0,0,1,0,0,0,0,1,0,1,0,0,0,0,0,0,0,1,0,0
27,2.0,2.3,1,17.99,0,5,1.15,0.0,0.0,1.0,0,0,1,0,0,0,0,0,1,0,0,1,0,0,0,0,0,0,0,0,0,1,0
53,1.0,0.89,42,13.99,1,3,0.02,1.0,0.0,0.0,0,0,1,0,0,0,0,0,0,1,0,1,0,0,0,0,0,0,0,0,0,1,0
22,2.0,26.78,38,17.99,0,4,0.69,1.0,0.0,0.0,0,0,1,0,0,0,1,0,0,0,0,0,0,0,0,1,0,1,0,0,0,0,0
63,2.0,2.81,0,17.99,0,5,2.81,1.0,0.0,0.0,0,0,0,0,0,1,0,0,0,0,1,0,0,0,1,0,0,0,0,1,0,0,0
29,1.0,3.69,1,13.99,0,1,1.84,1.0,0.0,0.0,0,0,0,1,0,0,0,0,0,0,1,1,0,0,0,0,0,0,1,0,0,0,0
62,1.0,27.16,45,13.99,0,2,0.59,0.0,1.0,0.0,0,0,1,0,0,0,1,0,0,0,0,1,0,0,0,0,0,1,0,0,0,0,0
34,1.0,15.02,13,13.99,0,2,1.07,0.0,1.0,0.0,0,0,1,0,0,0,0,0,1,0,0,0,0,0,0,1,0,0,0,0,0,1,0
21,1.0,3.18,41,13.99,1,1,0.08,0.0,0.0,1.0,0,0,1,0,0,0,0,1,0,0,0,0,0,0,0,1,0,0,1,0,0,0,0
53,0.0,79.83,27,8.99,0,3,2.85,0.0,1.0,0.0,0,0,0,0,1,0,0,0,0,1,0,0,0,0,1,0,0,0,0,0,0,0,1
63,1.0,3.13,45,13.99,1,2,0.07,0.0,0.0,1.0,0,0,0,1,0,0,0,1,0,0,0,0,0,0,1,0,0,0,0,0,0,0,1
65,1.0,15.33,17,13.99,0,1,0.85,0.0,1.0,0.0,0,0,0,1,0,0,1,0,0,0,0,0,0,0,1,0,0,0,0,0,0,0,1
45,1.0,2.69,8,13.99,1,3,0.3,0.0,1.0,0.0,0,1,0,0,0,0,0,0,0,0,1,0,1,0,0,0,0,0,0,1,0,0,0
53,0.0,0.19,25,8.99,1,4,0.01,1.0,0.0,0.0,0,0,0,1,0,0,0,1,0,0,0,0,0,0,0,1,0,0,0,0,0,1,0
60,0.0,4.37,59,8.99,1,2,0.07,0.0,1.0,0.0,0,0,0,1,0,0,0,1,0,0,0,0,1,0,0,0,0,0,0,0,0,0,1
35,2.0,28.76,23,17.99,0,1,1.2,0.0,1.0,0.0,0,0,0,0,0,1,0,0,0,0,1,0,0,0,1,0,0,0,0,0,0,0,1
51,1.0,1.91,8,13.99,1,3,0.21,1.0,0.0,0.0,0,0,1,0,0,0,0,1,0,0,0,0,0,0,0,1,0,1,0,0,0,0,0
27,0.0,5.3,1,8.99,0,2,2.65,1.0,0.0,0.0,1,0,0,0,0,0,0,0,1,0,0,0,0,0,0,1,0,0,1,0,0,0,0
28,2.0,9.9,19,17.99,0,5,0.49,0.0,0.0,1.0,0,0,1,0,0,0,0,0,0,0,1,0,0,0,1,0,0,0,0,0,0,0,1
18,0.0,5.64,44,8.99,1,4,0.13,1.0,0.0,0.0,0,0,1,0,0,0,0,0,0,0,1,0,0,0,1,0,0,0,0,0,1,0,0
22,0.0,7.06,58,8.99,1,3,0.12,0.0,0.0,1.0,0,1,0,0,0,0,0,0,1,0,0,1,0,0,0,0,0,0,1,0,0,0,0
61,1.0,2.15,33,13.99,1,1,0.06,0.0,1.0,0.0,0,0,0,0,0,1,0,0,1,0,0,0,1,0,0,0,0,0,0,0,0,0,1
54,1.0,4.69,6,13.99,0,5,0.67,0.0,0.0,1.0,0,0,0,0,0,1,0,1,0,0,0,0,0,0,1,0,0,0,1,0,0,0,0
52,2.0,2.05,24,17.99,1,2,0.08,1.0,0.0,0.0,1,0,0,0,0,0,0,0,1,0,0,0,0,0,1,0,0,0,0,0,0,1,0
24,2.0,26.44,28,17.99,0,1,0.91,0.0,1.0,0.0,1,0,0,0,0,0,0,0,1,0,0,0,0,0,1,0,0,0,1,0,0,0,0
38,0.0,4.26,42,8.99,1,5,0.1,0.0,0.0,1.0,0,0,1,0,0,0,0,0,1,0,0,0,0,0,1,0,1,0,0,0,0,0,0
44,1.0,6.9,21,13.99,0,4,0.31,0.0,0.0,1.0,0,0,1,0,0,0,0,0,1,0,0,0,0,0,1,0,0,0,0,0,1,0,0
64,1.0,8.4,47,13.99,1,4,0.18,0.0,1.0,0.0,0,0,0,0,0,1,0,0,0,1,0,0,1,0,0,0,0,0,1,0,0,0,0
23,0.0,5.22,12,8.99,0,2,0.4,1.0,0.0,0.0,1,0,0,0,0,0,0,0,0,1,0,0,0,0,0,1,0,0,0,0,1,0,0
22,2.0,23.15,42,17.99,0,1,0.54,0.0,1.0,0.0,0,0,0,0,0,1,0,0,0,1,0,0,0,0,1,0,0,0,0,0,0,0,1
23,0.0,11.07,28,8.99,1,1,0.38,0.0,0.0,1.0,0,0,0,0,0,1,1,0,0,0,0,0,0,0,0,1,0,0,0,0,0,0,1
68,0.0,10.14,9,8.99,0,1,1.01,1.0,0.0,0.0,0,0,1,0,0,0,0,0,0,1,0,0,0,0,1,0,0,0,0,0,0,0,1
18,0.0,20.15,4,8.99,0,4,4.03,0.0,0.0,1.0,0,0,0,0,0,1,0,0,0,1,0,0,1,0,0,0,0,0,0,0,1,0,0
36,2.0,6.59,58,17.99,1,5,0.11,0.0,1.0,0.0,0,0,0,0,0,1,0,0,1,0,0,0,0,0,1,0,0,0,0,0,0,0,1
26,0.0,2.58,16,8.99,1,5,0.15,1.0,0.0,0.0,0,1,0,0,0,0,1,0,0,0,0,1,0,0,0,0,0,0,0,0,1,0,0
33,1.0,8.27,58,13.99,1,4,0.14,0.0,1.0,0.0,1,0,0,0,0,0,0,0,1,0,0,0,0,0,1,0,0,0,0,0,0,1,0
50,1.0,6.11,12,13.99,0,2,0.47,0.0,0.0,1.0,1,0,0,0,0,0,0,0,0,1,0,0,0,1,0,0,0,0,1,0,0,0,0
34,0.0,31.66,60,8.99,0,5,0.52,0.0,1.0,0.0,1,0,0,0,0,0,0,0,0,1,0,0,0,0,1,0,0,0,0,0,0,0,1
22,2.0,0.76,52,17.99,1,1,0.01,0.0,0.0,1.0,0,0,0,0,0,1,0,0,0,1,0,1,0,0,0,0,0,1,0,0,0,0,0
61,0.0,4.18,47,8.99,1,2,0.09,1.0,0.0,0.0,0,0,0,0,0,1,0,1,0,0,0,0,0,1,0,0,0,0,0,1,0,0,0
30,0.0,2.56,32,8.99,1,1,0.08,1.0,0.0,0.0,0,0,0,0,1,0,0,0,0,0,1,0,1,0,0,0,0,0,0,0,1,0,0
32,0.0,17.67,14,8.99,0,4,1.18,1.0,0.0,0.0,0,1,0,0,0,0,0,0,0,1,0,0,0,0,0,1,0,0,0,0,0,1,0
56,2.0,17.25,52,17.99,0,5,0.33,1.0,0.0,0.0,0,0,0,0,1,0,0,1,0,0,0,0,0,0,0,1,0,0,0,0,0,0,1
58,2.0,21.56,39,17.99,0,4,0.54,0.0,1.0,0.0,0,0,1,0,0,0,0,0,0,1,0,0,1,0,0,0,0,0,0,1,0,0,0
61,2.0,5.87,8,17.99,0,5,0.65,0.0,0.0,1.0,1,0,0,0,0,0,0,1,0,0,0,0,1,0,0,0,0,0,0,0,1,0,0
51,0.0,2.42,9,8.99,1,5,0.24,0.0,0.0,1.0,0,0,1,0,0,0,0,0,0,0,1,0,1,0,0,0,0,0,1,0,0,0,0
24,2.0,2.43,32,17.99,1,2,0.07,0.0,0.0,1.0,0,0,0,0,1,0,0,0,0,1,0,0,0,1,0,0,0,0,1,0,0,0,0
40,2.0,18.06,21,17.99,0,1,0.82,0.0,1.0,0.0,0,0,0,0,1,0,1,0,0,0,0,0,0,0,1,0,0,0,0,0,0,0,1
51,2.0,7.64,13,17.99,0,2,0.55,0.0,0.0,1.0,1,0,0,0,0,0,0,1,0,0,0,0,0,0,1,0,0,0,0,0,0,1,0
56,2.0,1.54,10,17.99,1,3,0.14,0.0,0.0,1.0,1,0,0,0,0,0,0,0,0,0,1,1,0,0,0,0,0,0,0,0,0,1,0
53,2.0,21.9,28,17.99,0,2,0.76,0.0,0.0,1.0,1,0,0,0,0,0,1,0,0,0,0,1,0,0,0,0,0,0,1,0,0,0,0
20,1.0,2.13,8,13.99,1,3,0.24,0.0,0.0,1.0,0,0,0,0,1,0,1,0,0,0,0,0,0,0,1,0,0,0,0,0,1,0,0
43,0.0,4.07,19,8.99,1,3,0.2,0.0,0.0,1.0,0,1,0,0,0,0,1,0,0,0,0,0,0,1,0,0,0,0,0,0,1,0,0
64,0.0,0.65,43,8.99,1,3,0.01,1.0,0.0,0.0,0,1,0,0,0,0,0,1,0,0,0,0,0,0,0,1,0,0,0,1,0,0,0
40,2.0,6.11,28,17.99,0,1,0.21,1.0,0.0,0.0,0,0,0,1,0,0,1,0,0,0,0,1,0,0,0,0,0,0,0,0,0,1,0
29,2.0,4.53,15,17.99,0,4,0.28,1.0,0.0,0.0,0,0,0,1,0,0,0,0,1,0,0,1,0,0,0,0,0,0,0,0,1,0,0
47,2.0,15.18,30,17.99,0,4,0.49,0.0,0.0,1.0,0,1,0,0,0,0,1,0,0,0,0,0,1,0,0,0,0,0,0,0,1,0,0
51,0.0,13.92,29,8.99,1,1,0.46,1.0,0.0,0.0,0,0,0,0,0,1,1,0,0,0,0,0,0,0,1,0,0,0,0,1,0,0,0
25,2.0,5.62,49,17.99,0,5,0.11,0.0,1.0,0.0,1,0,0,0,0,0,0,0,0,0,1,1,0,0,0,0,0,0,0,0,1,0,0
35,1.0,2.42,59,13.99,1,3,0.04,1.0,0.0,0.0,0,0,1,0,0,0,0,1,0,0,0,0,0,0,0,1,0,0,0,1,0,0,0
38,0.0,9.06,30,8.99,0,2,0.29,0.0,1.0,0.0,0,0,1,0,0,0,0,0,1,0,0,1,0,0,0,0,0,0,0,1,0,0,0
58,0.0,34.53,0,8.99,0,4,34.53,1.0,0.0,0.0,0,1,0,0,0,0,0,0,0,1,0,0,0,0,1,0,0,0,0,0,0,1,0
68,0.0,2.28,6,8.99,1,3,0.33,0.0,0.0,1.0,0,1,0,0,0,0,1,0,0,0,0,1,0,0,0,0,0,0,0,0,0,1,0
28,1.0,28.8,49,13.99,0,3,0.58,1.0,0.0,0.0,0,0,0,0,0,1,0,1,0,0,0,1,0,0,0,0,0,0,1,0,0,0,0
57,1.0,14.87,46,13.99,0,4,0.32,0.0,1.0,0.0,0,0,0,1,0,0,0,0,0,0,1,0,0,1,0,0,0,0,0,0,0,1,0
52,0.0,13.94,56,8.99,1,3,0.24,0.0,0.0,1.0,0,1,0,0,0,0,1,0,0,0,0,0,0,0,0,1,0,0,1,0,0,0,0
70,2.0,10.54,0,17.99,0,4,10.54,1.0,0.0,0.0,0,0,1,0,0,0,1,0,0,0,0,0,1,0,0,0,0,0,1,0,0,0,0
68,1.0,56.43,18,13.99,0,2,2.97,1.0,0.0,0.0,0,1,0,0,0,0,0,0,0,0,1,0,0,0,0,1,0,0,0,0,0,1,0
53,1.0,39.33,16,13.99,0,4,2.31,0.0,0.0,1.0,0,0,0,0,1,0,0,1,0,0,0,0,0,1,0,0,0,0,1,0,0,0,0
44,0.0,15.61,30,8.99,0,5,0.5,0.0,1.0,0.0,0,0,0,1,0,0,1,0,0,0,0,0,1,0,0,0,0,0,0,0,0,1,0
68,1.0,0.22,51,13.99,1,1,0.0,1.0,0.0,0.0,0,1,0,0,0,0,1,0,0,0,0,1,0,0,0,0,0,0,0,0,0,0,1
64,1.0,3.92,17,13.99,0,5,0.22,1.0,0.0,0.0,0,0,0,0,1,0,1,0,0,0,0,1,0,0,0,0,0,0,0,0,1,0,0
65,1.0,2.26,60,13.99,1,2,0.04,1.0,0.0,0.0,0,0,0,0,0,1,0,0,1,0,0,1,0,0,0,0,0,0,0,0,1,0,0
28,2.0,1.79,5,17.99,0,5,0.3,1.0,0.0,0.0,0,0,0,0,1,0,0,0,0,1,0,0,0,0,1,0,0,0,0,1,0,0,0
50,2.0,22.44,29,17.99,0,2,0.75,0.0,1.0,0.0,0,0,1,0,0,0,0,0,0,0,1,1,0,0,0,0,1,0,0,0,0,0,0
59,1.0,23.59,43,13.99,0,1,0.54,1.0,0.0,0.0,0,0,0,1,0,0,1,0,0,0,0,0,0,1,0,0,0,0,0,0,0,1,0
38,2.0,24.19,22,17.99,0,2,1.05,0.0,0.0,1.0,0,0,0,0,1,0,0,0,1,0,0,0,0,0,1,0,0,0,0,0,0,1,0
49,0.0,6.56,10,8.99,0,5,0.6,1.0,0.0,0.0,1,0,0,0,0,0,0,0,0,1,0,0,0,1,0,0,0,1,0,0,0,0,0
40,1.0,16.13,47,13.99,0,5,0.34,0.0,1.0,0.0,0,1,0,0,0,0,0,0,1,0,0,0,0,1,0,0,0,1,0,0,0,0,0
39,1.0,19.16,60,13.99,0,5,0.31,1.0,0.0,0.0,1,0,0,0,0,0,0,0,0,0,1,0,0,1,0,0,0,0,0,0,1,0,0
34,1.0,1.28,57,13.99,1,4,0.02,1.0,0.0,0.0,1,0,0,0,0,0,0,0,0,0,1,0,1,0,0,0,0,0,0,0,0,1,0
20,2.0,32.04,26,17.99,0,3,1.19,0.0,1.0,0.0,0,0,1,0,0,0,0,0,0,0,1,0,0,0,0,1,1,0,0,0,0,0,0
28,2.0,0.12,2,17.99,0,5,0.04,1.0,0.0,0.0,0,0,0,1,0,0,0,1,0,0,0,0,0,0,0,1,0,1,0,0,0,0,0
18,1.0,0.25,37,13.99,1,5,0.01,1.0,0.0,0.0,1,0,0,0,0,0,0,1,0,0,0,0,0,1,0,0,0,0,0,0,0,0,1
19,0.0,4.46,50,8.99,1,3,0.09,0.0,1.0,0.0,1,0,0,0,0,0,1,0,0,0,0,1,0,0,0,0,0,0,1,0,0,0,0
32,2.0,4.24,14,17.99,1,2,0.28,0.0,0.0,1.0,1,0,0,0,0,0,0,0,0,1,0,0,0,0,1,0,0,0,0,1,0,0,0
19,1.0,8.62,57,13.99,1,3,0.15,1.0,0.0,0.0,0,1,0,0,0,0,0,1,0,0,0,0,0,0,0,1,1,0,0,0,0,0,0
22,0.0,11.96,45,8.99,1,2,0.26,1.0,0.0,0.0,0,0,1,0,0,0,0,0,1,0,0,0,0,0,0,1,1,0,0,0,0,0,0
55,1.0,10.1,4,13.99,0,4,2.02,0.0,1.0,0.0,0,1,0,0,0,0,1,0,0,0,0,0,0,1,0,0,0,0,0,0,0,0,1
21,1.0,0.44,1,13.99,1,1,0.22,1.0,0.0,0.0,0,1,0,0,0,0,0,0,0,0,1,0,0,0,0,1,0,0,0,0,0,1,0
39,2.0,1.12,27,17.99,1,5,0.04,0.0,0.0,1.0,0,0,0,1,0,0,0,0,1,0,0,0,0,0,1,0,0,0,0,0,0,0,1
53,0.0,14.1,42,8.99,1,5,0.33,0.0,0.0,1.0,0,0,0,1,0,0,0,1,0,0,0,0,0,0,0,1,0,0,0,0,1,0,0
27,2.0,30.8,16,17.99,0,2,1.81,0.0,0.0,1.0,0,0,1,0,0,0,1,0,0,0,0,0,0,0,0,1,1,0,0,0,0,0,0
29,1.0,10.74,27,13.99,0,5,0.38,0.0,0.0,1.0,0,0,0,0,0,1,0,0,0,0,1,0,0,0,0,1,0,0,0,1,0,0,0
70,1.0,8.27,60,13.99,1,3,0.14,1.0,0.0,0.0,0,0,1,0,0,0,0,0,0,0,1,0,0,0,1,0,0,1,0,0,0,0,0
51,1.0,12.91,42,13.99,1,1,0.3,0.0,1.0,0.0,0,0,0,1,0,0,0,0,0,0,1,0,0,1,0,0,0,1,0,0,0,0,0
26,2.0,9.23,10,17.99,0,3,0.84,0.0,0.0,1.0,0,0,0,1,0,0,1,0,0,0,0,0,0,0,1,0,0,0,1,0,0,0,0
63,0.0,0.52,1,8.99,1,4,0.26,1.0,0.0,0.0,1,0,0,0,0,0,0,0,0,0,1,0,0,0,0,1,0,1,0,0,0,0,0
66,0.0,2.18,15,8.99,1,5,0.14,0.0,1.0,0.0,0,0,0,0,0,1,0,1,0,0,0,0,0,1,0,0,0,0,0,0,1,0,0
57,2.0,29.23,3,17.99,0,1,7.31,0.0,0.0,1.0,0,0,0,0,0,1,0,1,0,0,0,1,0,0,0,0,0,0,0,0,0,1,0
53,2.0,1.64,5,17.99,1,1,0.27,0.0,0.0,1.0,0,0,0,1,0,0,0,1,0,0,0,0,1,0,0,0,0,0,0,0,1,0,0
47,0.0,5.53,17,8.99,0,2,0.31,0.0,0.0,1.0,0,0,0,1,0,0,0,1,0,0,0,0,0,1,0,0,0,0,0,0,0,1,0
34,0.0,9.96,8,8.99,0,2,1.11,0.0,1.0,0.0,0,0,0,1,0,0,0,0,0,0,1,1,0,0,0,0,1,0,0,0,0,0,0
26,0.0,4.27,36,8.99,1,3,0.12,0.0,1.0,0.0,0,0,0,0,1,0,0,1,0,0,0,0,0,0,0,1,1,0,0,0,0,0,0
67,1.0,43.24,34,13.99,0,3,1.24,1.0,0.0,0.0,1,0,0,0,0,0,0,0,0,0,1,1,0,0,0,0,0,0,0,0,0,0,1
32,1.0,27.77,2,13.99,0,3,9.26,0.0,0.0,1.0,0,0,0,0,1,0,0,0,0,0,1,0,1,0,0,0,0,0,0,0,0,0,1
24,1.0,1.57,16,13.99,0,5,0.09,0.0,0.0,1.0,1,0,0,0,0,0,0,1,0,0,0,0,0,0,0,1,0,0,1,0,0,0,0
24,1.0,5.4,7,13.99,0,5,0.68,0.0,0.0,1.0,0,1,0,0,0,0,0,1,0,0,0,0,0,0,1,0,0,0,0,0,0,0,1
31,0.0,3.86,8,8.99,1,4,0.43,0.0,1.0,0.0,0,0,1,0,0,0,0,0,0,1,0,0,0,0,0,1,1,0,0,0,0,0,0
34,2.0,10.51,13,17.99,0,5,0.75,0.0,0.0,1.0,0,0,1,0,0,0,1,0,0,0,0,1,0,0,0,0,0,0,0,0,1,0,0
70,0.0,7.47,58,8.99,1,2,0.13,1.0,0.0,0.0,0,0,0,1,0,0,1,0,0,0,0,0,0,0,1,0,0,0,0,0,0,1,0
18,2.0,0.72,47,17.99,1,3,0.01,0.0,1.0,0.0,0,0,0,0,1,0,0,0,0,1,0,0,1,0,0,0,0,0,1,0,0,0,0
49,0.0,18.97,60,8.99,1,3,0.31,0.0,1.0,0.0,0,0,0,0,1,0,0,0,1,0,0,0,0,0,1,0,1,0,0,0,0,0,0
25,0.0,4.02,48,8.99,1,4,0.08,1.0,0.0,0.0,0,0,0,1,0,0,1,0,0,0,0,1,0,0,0,0,0,0,0,0,0,0,1
23,0.0,13.62,33,8.99,1,2,0.4,1.0,0.0,0.0,0,0,0,0,1,0,1,0,0,0,0,0,0,0,1,0,0,1,0,0,0,0,0
32,1.0,4.69,48,13.99,1,4,0.1,1.0,0.0,0.0,0,0,0,0,0,1,0,1,0,0,0,1,0,0,0,0,0,0,0,0,0,0,1
19,1.0,1.68,6,13.99,0,3,0.24,1.0,0.0,0.0,0,0,0,1,0,0,0,1,0,0,0,1,0,0,0,0,0,0,1,0,0,0,0
21,1.0,8.69,22,13.99,0,2,0.38,0.0,1.0,0.0,0,0,0,0,0,1,1,0,0,0,0,1,0,0,0,0,0,0,0,0,1,0,0
57,1.0,12.67,50,13.99,1,2,0.25,0.0,1.0,0.0,0,0,0,1,0,0,0,0,0,1,0,0,1,0,0,0,0,0,1,0,0,0,0
53,1.0,13.02,41,13.99,1,3,0.31,0.0,1.0,0.0,1,0,0,0,0,0,0,0,0,1,0,0,0,0,1,0,0,0,0,0,0,1,0
67,2.0,53.67,47,17.99,0,2,1.12,0.0,0.0,1.0,1,0,0,0,0,0,0,1,0,0,0,0,0,0,0,1,0,0,0,0,0,1,0
66,2.0,11.94,43,17.99,0,4,0.27,0.0,1.0,0.0,0,1,0,0,0,0,0,0,0,0,1,1,0,0,0,0,0,0,1,0,0,0,0
33,0.0,24.4,35,8.99,0,2,0.68,0.0,1.0,0.0,0,0,1,0,0,0,0,0,0,1,0,0,0,0,0,1,0,0,0,1,0,0,0
23,2.0,3.0,59,17.99,1,5,0.05,1.0,0.0,0.0,0,0,0,0,0,1,1,0,0,0,0,0,1,0,0,0,0,0,0,0,0,0,1
58,1.0,12.42,20,13.99,0,5,0.59,0.0,1.0,0.0,0,0,0,0,1,0,0,0,0,0,1,1,0,0,0,0,0,0,0,0,0,1,0
49,1.0,35.69,42,13.99,0,2,0.83,0.0,1.0,0.0,0,0,0,1,0,0,0,0,0,1,0,1,0,0,0,0,0,0,0,1,0,0,0
24,1.0,12.3,32,13.99,1,4,0.37,1.0,0.0,0.0,0,1,0,0,0,0,0,1,0,0,0,0,0,0,1,0,0,1,0,0,0,0,0
57,2.0,23.63,34,17.99,0,5,0.68,1.0,0.0,0.0,1,0,0,0,0,0,0,1,0,0,0,1,0,0,0,0,0,0,0,1,0,0,0
61,0.0,4.48,28,8.99,1,5,0.15,1.0,0.0,0.0,0,0,0,1,0,0,0,1,0,0,0,0,0,0,1,0,1,0,0,0,0,0,0
38,1.0,3.26,20,13.99,0,4,0.16,1.0,0.0,0.0,0,0,0,0,1,0,0,1,0,0,0,0,0,0,0,1,0,0,0,0,0,0,1
67,0.0,4.31,37,8.99,1,5,0.11,0.0,0.0,1.0,1,0,0,0,0,0,0,1,0,0,0,0,0,1,0,0,0,0,0,0,0,0,1
64,2.0,6.41,4,17.99,0,1,1.28,1.0,0.0,0.0,0,0,0,1,0,0,0,0,0,0,1,1,0,0,0,0,0,0,0,0,0,0,1
26,1.0,24.88,15,13.99,0,1,1.55,0.0,1.0,0.0,0,1,0,0,0,0,0,0,0,0,1,0,0,0,1,0,1,0,0,0,0,0,0
68,0.0,9.48,4,8.99,0,2,1.9,1.0,0.0,0.0,0,0,0,0,1,0,0,0,0,0,1,1,0,0,0,0,0,0,0,1,0,0,0
27,0.0,7.52,34,8.99,1,5,0.21,1.0,0.0,0.0,0,0,0,0,1,0,0,0,1,0,0,0,1,0,0,0,0,0,0,0,0,1,0
24,1.0,17.37,17,13.99,0,1,0.97,0.0,0.0,1.0,1,0,0,0,0,0,1,0,0,0,0,0,0,1,0,0,0,0,0,0,1,0,0
28,0.0,25.3,8,8.99,0,5,2.81,0.0,1.0,0.0,0,0,0,1,0,0,0,0,0,0,1,0,0,0,1,0,0,0,0,0,1,0,0
35,0.0,29.26,36,8.99,0,1,0.79,0.0,0.0,1.0,1,0,0,0,0,0,0,1,0,0,0,0,0,1,0,0,0,1,0,0,0,0,0
54,1.0,27.56,28,13.99,0,5,0.95,0.0,0.0,1.0,0,1,0,0,0,0,0,1,0,0,0,0,0,0,0,1,0,0,0,0,1,0,0
22,0.0,11.74,33,8.99,1,2,0.35,0.0,0.0,1.0,1,0,0,0,0,0,1,0,0,0,0,0,1,0,0,0,0,0,1,0,0,0,0
60,1.0,12.22,17,13.99,0,2,0.68,0.0,1.0,0.0,1,0,0,0,0,0,0,0,0,1,0,0,0,1,0,0,0,0,0,1,0,0,0
37,1.0,1.64,8,13.99,1,1,0.18,1.0,0.0,0.0,0,1,0,0,0,0,0,1,0,0,0,1,0,0,0,0,1,0,0,0,0,0,0
30,0.0,1.3,56,8.99,1,1,0.02,0.0,1.0,0.0,1,0,0,0,0,0,0,0,0,1,0,1,0,0,0,0,0,0,1,0,0,0,0
21,1.0,51.45,24,13.99,0,1,2.06,0.0,1.0,0.0,0,1,0,0,0,0,0,1,0,0,0,1,0,0,0,0,0,0,0,0,0,1,0
40,2.0,3.41,26,17.99,0,5,0.13,0.0,0.0,1.0,0,0,0,1,0,0,0,0,0,1,0,1,0,0,0,0,1,0,0,0,0,0,0
69,1.0,32.2,13,13.99,0,1,2.3,0.0,1.0,0.0,0,1,0,0,0,0,0,0,1,0,0,0,0,1,0,0,0,0,1,0,0,0,0
29,0.0,15.49,31,8.99,1,3,0.48,0.0,0.0,1.0,1,0,0,0,0,0,0,1,0,0,0,0,0,0,1,0,0,0,1,0,0,0,0
60,2.0,16.05,56,17.99,0,4,0.28,1.0,0.0,0.0,0,0,0,1,0,0,0,1,0,0,0,0,0,0,0,1,0,0,1,0,0,0,0
36,2.0,5.72,21,17.99,0,1,0.26,0.0,1.0,0.0,0,0,0,0,1,0,0,0,0,0,1,0,0,1,0,0,0,1,0,0,0,0,0
57,0.0,3.81,1,8.99,1,2,1.91,1.0,0.0,0.0,1,0,0,0,0,0,1,0,0,0,0,0,0,0,1,0,0,0,0,1,0,0,0
19,1.0,8.54,6,13.99,0,3,1.22,1.0,0.0,0.0,1,0,0,0,0,0,0,0,0,1,0,1,0,0,0,0,0,0,0,0,0,1,0
43,2.0,16.6,17,17.99,0,3,0.92,1.0,0.0,0.0,0,0,0,1,0,0,0,1,0,0,0,0,0,0,1,0,0,0,0,1,0,0,0
45,2.0,19.18,49,17.99,1,5,0.38,0.0,0.0,1.0,0,0,0,1,0,0,0,0,1,0,0,0,0,0,1,0,0,0,1,0,0,0,0
31,1.0,4.11,33,13.99,1,5,0.12,0.0,0.0,1.0,0,0,0,1,0,0,0,0,0,1,0,0,1,0,0,0,0,0,0,1,0,0,0
38,2.0,3.26,36,17.99,1,1,0.09,1.0,0.0,0.0,1,0,0,0,0,0,0,0,0,0,1,0,0,0,1,0,0,0,1,0,0,0,0
59,0.0,14.13,4,8.99,0,2,2.83,0.0,1.0,0.0,0,1,0,0,0,0,0,0,1,0,0,0,0,0,0,1,0,0,0,0,1,0,0
42,2.0,3.39,30,17.99,0,5,0.11,0.0,1.0,0.0,0,0,0,0,0,1,0,0,1,0,0,0,0,1,0,0,0,0,0,1,0,0,0
47,0.0,14.58,56,8.99,1,3,0.26,0.0,0.0,1.0,0,1,0,0,0,0,1,0,0,0,0,1,0,0,0,0,0,0,1,0,0,0,0
58,2.0,23.87,47,17.99,0,2,0.5,0.0,1.0,0.0,0,0,0,0,1,0,1,0,0,0,0,0,1,0,0,0,0,0,0,1,0,0,0
41,2.0,11.91,18,17.99,0,3,0.63,0.0,1.0,0.0,0,0,0,0,0,1,0,0,0,0,1,1,0,0,0,0,1,0,0,0,0,0,0
40,1.0,0.65,16,13.99,1,5,0.04,0.0,0.0,1.0,0,1,0,0,0,0,0,0,0,0,1,0,0,0,1,0,0,0,0,0,1,0,0
59,1.0,6.99,28,13.99,0,3,0.24,0.0,1.0,0.0,0,1,0,0,0,0,0,0,1,0,0,1,0,0,0,0,0,0,0,0,0,1,0
52,2.0,2.69,54,17.99,1,3,0.05,1.0,0.0,0.0,0,0,0,0,0,1,0,0,1,0,0,0,1,0,0,0,0,0,0,0,0,0,1
61,1.0,38.55,11,13.99,0,4,3.21,1.0,0.0,0.0,0,0,1,0,0,0,1,0,0,0,0,0,0,1,0,0,0,1,0,0,0,0,0
52,0.0,33.99,30,8.99,0,2,1.1,0.0,0.0,1.0,0,1,0,0,0,0,0,1,0,0,0,1,0,0,0,0,0,0,0,1,0,0,0
39,1.0,6.67,49,13.99,1,1,0.13,0.0,0.0,1.0,0,0,0,0,1,0,1,0,0,0,0,0,1,0,0,0,0,0,1,0,0,0,0
33,0.0,1.96,18,8.99,1,2,0.1,1.0,0.0,0.0,0,0,1,0,0,0,0,0,0,0,1,0,0,1,0,0,1,0,0,0,0,0,0
24,0.0,1.97,39,8.99,1,3,0.05,0.0,0.0,1.0,0,0,0,0,1,0,0,0,1,0,0,1,0,0,0,0,0,0,0,0,1,0,0
53,0.0,25.23,5,8.99,0,1,4.21,0.0,1.0,0.0,0,0,1,0,0,0,1,0,0,0,0,1,0,0,0,0,0,0,1,0,0,0,0
25,1.0,0.09,40,13.99,1,1,0.0,1.0,0.0,0.0,0,0,0,1,0,0,0,0,0,1,0,1,0,0,0,0,0,0,0,0,1,0,0
40,1.0,12.53,30,13.99,0,4,0.4,1.0,0.0,0.0,0,0,0,1,0,0,0,0,1,0,0,0,1,0,0,0,0,0,1,0,0,0,0
46,2.0,4.4,24,17.99,0,4,0.18,0.0,1.0,0.0,0,0,0,0,0,1,0,0,0,0,1,0,0,0,0,1,0,0,1,0,0,0,0
67,2.0,1.54,27,17.99,1,2,0.06,0.0,0.0,1.0,0,1,0,0,0,0,1,0,0,0,0,0,1,0,0,0,0,0,0,0,1,0,0
20,1.0,17.28,50,13.99,0,5,0.34,0.0,1.0,0.0,0,0,0,0,0,1,1,0,0,0,0,0,0,0,0,1,0,1,0,0,0,0,0
22,2.0,13.87,24,17.99,0,5,0.55,0.0,1.0,0.0,0,0,0,1,0,0,1,0,0,0,0,1,0,0,0,0,0,1,0,0,0,0,0
39,2.0,4.25,21,17.99,1,3,0.19,1.0,0.0,0.0,0,0,0,0,0,1,0,1,0,0,0,0,0,0,0,1,0,0,0,0,0,0,1
53,0.0,15.01,25,8.99,0,2,0.58,0.0,1.0,0.0,0,1,0,0,0,0,0,0,0,0,1,0,0,1,0,0,0,0,0,0,0,1,0
53,0.0,16.65,0,8.99,0,4,16.65,0.0,0.0,1.0,0,0,1,0,0,0,1,0,0,0,0,0,0,1,0,0,0,0,0,0,0,0,1
20,0.0,6.06,37,8.99,1,5,0.16,0.0,1.0,0.0,0,0,0,1,0,0,0,0,0,1,0,0,0,1,0,0,0,1,0,0,0,0,0
62,0.0,26.62,55,8.99,0,4,0.48,1.0,0.0,0.0,0,0,1,0,0,0,0,0,0,1,0,0,0,1,0,0,1,0,0,0,0,0,0
62,2.0,1.26,34,17.99,1,2,0.04,1.0,0.0,0.0,1,0,0,0,0,0,0,0,0,1,0,1,0,0,0,0,0,0,1,0,0,0,0
41,1.0,1.21,20,13.99,1,5,0.06,1.0,0.0,0.0,0,0,0,0,0,1,0,0,0,0,1,0,0,0,1,0,0,0,0,0,0,0,1
30,0.0,6.53,49,8.99,1,5,0.13,1.0,0.0,0.0,1,0,0,0,0,0,0,0,0,0,1,0,0,0,1,0,0,0,0,0,0,0,1
48,0.0,15.91,21,8.99,0,2,0.72,0.0,1.0,0.0,0,0,1,0,0,0,0,0,0,1,0,0,0,0,1,0,0,0,1,0,0,0,0
18,0.0,2.02,2,8.99,0,5,0.67,0.0,0.0,1.0,0,0,0,0,1,0,0,0,1,0,0,0,1,0,0,0,0,0,1,0,0,0,0
23,2.0,11.18,46,17.99,0,4,0.24,0.0,0.0,1.0,0,1,0,0,0,0,0,0,0,0,1,0,0,1,0,0,1,0,0,0,0,0,0
68,0.0,0.12,26,8.99,1,2,0.0,0.0,0.0,1.0,0,0,0,0,0,1,0,0,0,1,0,0,1,0,0,0,0,0,1,0,0,0,0
30,2.0,24.6,9,17.99,0,4,2.46,0.0,1.0,0.0,0,0,0,1,0,0,0,0,0,0,1,1,0,0,0,0,0,0,1,0,0,0,0
61,1.0,27.06,32,13.99,0,3,0.82,0.0,1.0,0.0,1,0,0,0,0,0,0,1,0,0,0,0,0,1,0,0,0,0,0,1,0,0,0
31,2.0,0.62,39,17.99,1,2,0.02,0.0,0.0,1.0,0,0,1,0,0,0,0,0,0,0,1,0,0,0,1,0,1,0,0,0,0,0,0
44,1.0,10.18,56,13.99,1,3,0.18,0.0,0.0,1.0,0,0,0,1,0,0,0,1,0,0,0,0,0,1,0,0,0,0,0,0,0,1,0
26,1.0,6.52,23,13.99,0,2,0.27,0.0,1.0,0.0,0,0,0,0,0,1,1,0,0,0,0,0,0,0,0,1,0,1,0,0,0,0,0
55,2.0,2.47,7,17.99,0,4,0.31,0.0,1.0,0.0,1,0,0,0,0,0,1,0,0,0,0,0,0,1,0,0,0,0,0,0,0,1,0
40,1.0,3.48,29,13.99,0,4,0.12,0.0,1.0,0.0,0,0,0,0,1,0,0,1,0,0,0,0,0,1,0,0,0,0,0,1,0,0,0
59,0.0,20.49,26,8.99,0,1,0.76,0.0,0.0,1.0,0,1,0,0,0,0,0,0,0,0,1,0,0,1,0,0,0,0,0,0,1,0,0
51,2.0,20.55,20,17.99,0,5,0.98,0.0,0.0,1.0,0,0,0,0,0,1,0,0,0,1,0,1,0,0,0,0,0,0,0,0,0,0,1
26,0.0,0.94,30,8.99,1,4,0.03,0.0,0.0,1.0,0,0,1,0,0,0,1,0,0,0,0,1,0,0,0,0,0,0,0,1,0,0,0
56,0.0,0.4,38,8.99,1,5,0.01,1.0,0.0,0.0,0,0,0,0,1,0,0,0,1,0,0,0,0,1,0,0,1,0,0,0,0,0,0
66,1.0,1.97,2,13.99,0,4,0.66,0.0,1.0,0.0,0,0,1,0,0,0,0,1,0,0,0,1,0,0,0,0,0,0,0,0,0,0,1
35,1.0,58.33,42,13.99,0,4,1.36,1.0,0.0,0.0,0,0,0,0,1,0,0,1,0,0,0,0,1,0,0,0,0,0,0,0,1,0,0
28,2.0,16.88,20,17.99,0,2,0.8,0.0,1.0,0.0,0,0,0,0,1,0,0,0,1,0,0,0,0,0,0,1,0,0,0,0,0,0,1
66,1.0,0.8,32,13.99,1,1,0.02,0.0,1.0,0.0,0,0,0,0,1,0,0,0,0,1,0,0,0,1,0,0,0,0,0,1,0,0,0
19,0.0,23.08,15,8.99,0,3,1.44,0.0,1.0,0.0,1,0,0,0,0,0,1,0,0,0,0,0,0,0,1,0,0,1,0,0,0,0,0
32,0.0,14.84,10,8.99,0,2,1.35,0.0,0.0,1.0,0,0,1,0,0,0,1,0,0,0,0,0,1,0,0,0,0,0,0,0,0,0,1
63,2.0,9.84,3,17.99,0,4,2.46,0.0,1.0,0.0,0,0,0,1,0,0,0,1,0,0,0,0,0,0,0,1,0,1,0,0,0,0,0
69,1.0,31.16,47,13.99,0,5,0.65,0.0,0.0,1.0,0,1,0,0,0,0,0,0,1,0,0,0,0,1,0,0,0,0,1,0,0,0,0
24,0.0,1.42,40,8.99,1,4,0.03,1.0,0.0,0.0,0,0,0,0,1,0,0,0,1,0,0,0,0,1,0,0,0,0,0,0,0,1,0
24,0.0,0.9,40,8.99,1,5,0.02,0.0,1.0,0.0,0,0,1,0,0,0,0,1,0,0,0,0,0,0,1,0,0,0,1,0,0,0,0
62,2.0,6.48,25,17.99,0,4,0.25,1.0,0.0,0.0,0,0,1,0,0,0,1,0,0,0,0,0,1,0,0,0,0,0,1,0,0,0,0
64,1.0,1.42,42,13.99,1,3,0.03,0.0,1.0,0.0,0,0,0,0,1,0,0,1,0,0,0,0,0,0,0,1,0,0,0,0,1,0,0
69,0.0,10.1,24,8.99,0,2,0.4,1.0,0.0,0.0,1,0,0,0,0,0,0,0,0,1,0,1,0,0,0,0,0,0,0,0,0,0,1
32,2.0,4.69,12,17.99,1,3,0.36,0.0,0.0,1.0,0,1,0,0,0,0,0,0,1,0,0,1,0,0,0,0,0,0,1,0,0,0,0
67,2.0,0.61,12,17.99,1,3,0.05,1.0,0.0,0.0,0,0,0,0,1,0,0,0,0,0,1,0,1,0,0,0,0,0,1,0,0,0,0
37,0.0,18.15,54,8.99,1,1,0.33,0.0,0.0,1.0,0,0,0,1,0,0,1,0,0,0,0,0,0,1,0,0,0,0,0,0,0,0,1
34,1.0,2.89,36,13.99,1,3,0.08,0.0,1.0,0.0,0,0,0,1,0,0,0,0,0,1,0,0,0,1,0,0,0,0,0,0,0,0,1
21,0.0,23.78,9,8.99,0,3,2.38,1.0,0.0,0.0,0,0,0,0,1,0,0,1,0,0,0,1,0,0,0,0,0,0,0,0,0,1,0
50,2.0,8.48,13,17.99,0,3,0.61,0.0,1.0,0.0,0,1,0,0,0,0,0,0,0,0,1,0,0,0,0,1,0,0,0,0,0,0,1
56,0.0,27.15,15,8.99,0,1,1.7,0.0,1.0,0.0,0,0,1,0,0,0,0,0,0,1,0,1,0,0,0,0,1,0,0,0,0,0,0
52,0.0,6.78,2,8.99,0,1,2.26,0.0,1.0,0.0,0,1,0,0,0,0,0,0,1,0,0,0,0,0,1,0,0,0,0,0,0,1,0
62,2.0,0.62,8,17.99,1,1,0.07,0.0,1.0,0.0,0,1,0,0,0,0,0,0,1,0,0,0,0,0,0,1,0,0,0,0,1,0,0
53,0.0,0.01,55,8.99,1,3,0.0,1.0,0.0,0.0,1,0,0,0,0,0,0,0,1,0,0,0,0,0,0,1,0,0,1,0,0,0,0
46,0.0,4.15,50,8.99,1,2,0.08,1.0,0.0,0.0,0,0,0,1,0,0,0,0,0,1,0,0,0,1,0,0,0,0,1,0,0,0,0
65,1.0,16.1,9,13.99,0,4,1.61,1.0,0.0,0.0,1,0,0,0,0,0,0,0,0,1,0,0,0,0,0,1,0,0,1,0,0,0,0
33,1.0,26.73,28,13.99,0,3,0.92,1.0,0.0,0.0,0,1,0,0,0,0,1,0,0,0,0,0,0,0,1,0,0,0,0,0,1,0,0
37,0.0,1.32,11,8.99,1,5,0.11,0.0,0.0,1.0,0,0,0,0,0,1,0,0,0,1,0,0,0,0,1,0,0,0,0,0,1,0,0
52,2.0,27.41,1,17.99,0,2,13.71,0.0,1.0,0.0,1,0,0,0,0,0,0,1,0,0,0,0,1,0,0,0,1,0,0,0,0,0,0
30,1.0,19.84,29,13.99,0,1,0.66,1.0,0.0,0.0,1,0,0,0,0,0,0,0,0,1,0,0,0,1,0,0,0,0,0,1,0,0,0
38,2.0,3.64,39,17.99,1,5,0.09,0.0,0.0,1.0,1,0,0,0,0,0,1,0,0,0,0,0,0,0,1,0,0,0,0,1,0,0,0
62,2.0,10.68,46,17.99,1,1,0.23,1.0,0.0,0.0,0,0,0,0,0,1,0,0,0,0,1,0,1,0,0,0,0,0,1,0,0,0,0
22,0.0,29.96,43,8.99,0,5,0.68,0.0,0.0,1.0,0,0,0,1,0,0,0,0,0,1,0,0,1,0,0,0,0,0,0,0,0,1,0
55,2.0,38.31,32,17.99,0,1,1.16,0.0,0.0,1.0,0,1,0,0,0,0,0,0,1,0,0,0,1,0,0,0,0,0,0,0,0,0,1
48,2.0,1.64,11,17.99,1,1,0.14,0.0,1.0,0.0,0,0,0,1,0,0,0,0,1,0,0,0,0,0,1,0,0,0,0,1,0,0,0
54,1.0,8.55,57,13.99,1,1,0.15,0.0,0.0,1.0,0,0,0,0,1,0,0,0,1,0,0,0,0,0,0,1,0,0,0,0,1,0,0
27,1.0,3.92,56,13.99,1,1,0.07,0.0,0.0,1.0,0,0,0,0,1,0,1,0,0,0,0,0,0,1,0,0,0,0,0,1,0,0,0
59,2.0,4.8,1,17.99,0,1,2.4,0.0,0.0,1.0,1,0,0,0,0,0,1,0,0,0,0,0,0,0,0,1,0,0,0,1,0,0,0
39,2.0,11.29,7,17.99,0,1,1.41,0.0,0.0,1.0,0,0,1,0,0,0,0,0,0,0,1,0,0,0,1,0,0,0,1,0,0,0,0
19,2.0,0.4,15,17.99,1,1,0.03,0.0,0.0,1.0,0,0,0,0,0,1,0,0,1,0,0,0,0,0,1,0,0,0,0,0,0,0,1
29,1.0,2.33,56,13.99,1,2,0.04,0.0,0.0,1.0,0,1,0,0,0,0,1,0,0,0,0,0,1,0,0,0,0,0,0,0,0,0,1
33,2.0,1.98,5,17.99,0,2,0.33,0.0,1.0,0.0,0,0,1,0,0,0,1,0,0,0,0,1,0,0,0,0,0,0,0,0,0,0,1
62,0.0,1.31,46,8.99,1,2,0.03,0.0,0.0,1.0,0,1,0,0,0,0,1,0,0,0,0,0,1,0,0,0,0,0,0,0,0,0,1
45,1.0,8.71,23,13.99,0,5,0.36,0.0,1.0,0.0,0,0,0,0,0,1,0,0,0,0,1,1,0,0,0,0,0,1,0,0,0,0,0
48,1.0,4.65,19,13.99,0,4,0.23,0.0,0.0,1.0,0,0,0,0,1,0,0,1,0,0,0,0,0,1,0,0,0,0,0,0,0,1,0
19,0.0,15.61,8,8.99,0,2,1.73,0.0,1.0,0.0,1,0,0,0,0,0,0,0,0,0,1,0,1,0,0,0,0,0,0,0,1,0,0
20,2.0,27.16,53,17.99,0,1,0.5,1.0,0.0,0.0,0,0,0,0,0,1,0,0,0,0,1,1,0,0,0,0,0,0,1,0,0,0,0
59,0.0,10.22,53,8.99,1,4,0.19,1.0,0.0,0.0,0,0,0,0,1,0,0,0,1,0,0,1,0,0,0,0,0,0,0,0,0,0,1
41,0.0,11.39,44,8.99,1,3,0.25,0.0,0.0,1.0,0,0,0,0,0,1,0,0,1,0,0,0,0,0,1,0,0,0,0,0,0,1,0
41,2.0,1.5,60,17.99,1,5,0.02,1.0,0.0,0.0,0,0,0,0,0,1,1,0,0,0,0,0,0,0,1,0,0,0,0,0,1,0,0
47,1.0,13.28,20,13.99,0,3,0.63,1.0,0.0,0.0,0,0,1,0,0,0,0,0,1,0,0,0,0,0,0,1,0,0,1,0,0,0,0
46,2.0,4.67,58,17.99,1,1,0.08,0.0,1.0,0.0,0,1,0,0,0,0,0,0,0,1,0,0,0,0,0,1,0,0,1,0,0,0,0
33,0.0,1.18,42,8.99,1,5,0.03,1.0,0.0,0.0,0,1,0,0,0,0,0,0,0,1,0,0,0,1,0,0,0,0,0,0,1,0,0
21,2.0,11.78,4,17.99,0,3,2.36,0.0,1.0,0.0,0,0,0,0,1,0,0,1,0,0,0,0,1,0,0,0,0,0,0,1,0,0,0
66,0.0,1.92,27,8.99,1,5,0.07,0.0,1.0,0.0,0,0,0,0,0,1,0,1,0,0,0,0,0,0,1,0,0,0,0,0,1,0,0
37,2.0,3.73,31,17.99,1,5,0.12,0.0,1.0,0.0,0,1,0,0,0,0,0,0,0,1,0,0,0,0,0,1,0,0,1,0,0,0,0
49,1.0,9.39,22,13.99,0,1,0.41,0.0,1.0,0.0,0,0,1,0,0,0,0,1,0,0,0,0,0,0,1,0,1,0,0,0,0,0,0
66,1.0,7.74,6,13.99,0,4,1.11,1.0,0.0,0.0,0,0,0,0,0,1,0,1,0,0,0,1,0,0,0,0,0,0,0,0,1,0,0
35,0.0,0.57,56,8.99,1,2,0.01,0.0,0.0,1.0,0,0,0,0,0,1,0,0,1,0,0,0,0,0,0,1,0,1,0,0,0,0,0
65,1.0,4.3,46,13.99,1,3,0.09,0.0,1.0,0.0,1,0,0,0,0,0,0,0,1,0,0,0,0,0,0,1,0,1,0,0,0,0,0
20,1.0,22.07,59,13.99,0,1,0.37,0.0,0.0,1.0,0,0,0,0,1,0,1,0,0,0,0,0,0,1,0,0,0,1,0,0,0,0,0
25,1.0,10.7,39,13.99,1,1,0.27,1.0,0.0,0.0,0,0,1,0,0,0,0,0,0,1,0,0,1,0,0,0,0,0,0,0,0,1,0
32,1.0,1.88,40,13.99,1,4,0.05,0.0,1.0,0.0,0,0,0,1,0,0,0,0,0,0,1,0,1,0,0,0,0,0,0,0,0,1,0
59,2.0,0.95,55,17.99,1,4,0.02,0.0,0.0,1.0,0,0,0,0,0,1,1,0,0,0,0,0,1,0,0,0,0,1,0,0,0,0,0
34,0.0,16.43,56,8.99,1,2,0.29,1.0,0.0,0.0,0,0,1,0,0,0,0,0,0,1,0,0,0,1,0,0,0,0,0,0,0,1,0
62,2.0,12.37,30,17.99,0,2,0.4,0.0,0.0,1.0,0,0,1,0,0,0,0,0,0,1,0,1,0,0,0,0,1,0,0,0,0,0,0
55,0.0,17.87,4,8.99,0,1,3.57,0.0,0.0,1.0,0,0,0,0,0,1,0,0,0,0,1,1,0,0,0,0,0,0,0,0,0,1,0
40,1.0,12.82,36,13.99,1,2,0.35,0.0,0.0,1.0,0,1,0,0,0,0,0,0,0,1,0,1,0,0,0,0,0,0,0,0,0,1,0
51,2.0,10.86,46,17.99,0,4,0.23,0.0,1.0,0.0,0,0,1,0,0,0,0,0,1,0,0,1,0,0,0,0,0,0,0,0,0,0,1
29,2.0,1.78,51,17.99,1,5,0.03,0.0,0.0,1.0,0,0,0,0,1,0,0,0,1,0,0,0,1,0,0,0,0,0,0,0,1,0,0
49,0.0,13.93,34,8.99,1,2,0.4,1.0,0.0,0.0,0,0,0,1,0,0,0,1,0,0,0,1,0,0,0,0,0,1,0,0,0,0,0
38,2.0,2.95,40,17.99,1,2,0.07,0.0,1.0,0.0,0,0,0,0,1,0,0,1,0,0,0,1,0,0,0,0,0,0,0,0,0,1,0
49,0.0,16.82,5,8.99,0,5,2.8,0.0,0.0,1.0,0,1,0,0,0,0,0,0,0,1,0,0,0,0,1,0,0,0,0,0,0,1,0
48,2.0,28.14,60,17.99,0,2,0.46,0.0,1.0,0.0,1,0,0,0,0,0,0,0,1,0,0,1,0,0,0,0,0,1,0,0,0,0,0
45,2.0,8.28,16,17.99,0,5,0.49,0.0,1.0,0.0,0,0,0,0,0,1,1,0,0,0,0,0,0,1,0,0,0,0,0,0,1,0,0
39,0.0,10.64,57,8.99,1,1,0.18,1.0,0.0,0.0,0,0,0,0,1,0,0,1,0,0,0,0,0,1,0,0,1,0,0,0,0,0,0
63,0.0,0.85,36,8.99,1,3,0.02,0.0,0.0,1.0,0,0,0,1,0,0,0,0,1,0,0,1,0,0,0,0,0,0,0,0,0,0,1
21,0.0,2.29,26,8.99,1,4,0.08,1.0,0.0,0.0,0,1,0,0,0,0,0,0,0,1,0,0,1,0,0,0,0,0,1,0,0,0,0
36,1.0,23.37,57,13.99,0,5,0.4,0.0,0.0,1.0,1,0,0,0,0,0,0,0,0,1,0,1,0,0,0,0,0,1,0,0,0,0,0
63,0.0,3.01,60,8.99,1,5,0.05,0.0,1.0,0.0,0,0,0,0,0,1,0,0,0,1,0,0,0,1,0,0,0,0,0,1,0,0,0
54,0.0,27.8,9,8.99,0,4,2.78,1.0,0.0,0.0,0,0,0,1,0,0,0,0,0,1,0,0,0,0,1,0,0,0,0,0,1,0,0
22,1.0,10.29,17,13.99,0,5,0.57,1.0,0.0,0.0,0,0,0,0,0,1,1,0,0,0,0,0,0,0,1,0,0,1,0,0,0,0,0
33,1.0,7.45,0,13.99,0,4,7.45,0.0,1.0,0.0,0,0,1,0,0,0,0,0,1,0,0,0,0,0,0,1,1,0,0,0,0,0,0
28,0.0,2.63,54,8.99,1,4,0.05,1.0,0.0,0.0,0,0,1,0,0,0,0,0,0,1,0,1,0,0,0,0,1,0,0,0,0,0,0
22,2.0,14.27,17,17.99,0,4,0.79,1.0,0.0,0.0,0,0,0,1,0,0,1,0,0,0,0,1,0,0,0,0,0,1,0,0,0,0,0
22,2.0,4.9,1,17.99,0,5,2.45,0.0,1.0,0.0,0,0,0,1,0,0,0,0,0,1,0,0,0,0,1,0,0,0,0,1,0,0,0
18,0.0,2.48,45,8.99,1,2,0.05,0.0,0.0,1.0,1,0,0,0,0,0,0,1,0,0,0,0,0,0,1,0,0,0,0,0,1,0,0
49,2.0,0.48,35,17.99,1,3,0.01,1.0,0.0,0.0,0,0,0,1,0,0,0,1,0,0,0,0,0,0,0,1,0,0,0,0,0,0,1
23,2.0,12.6,54,17.99,1,1,0.23,0.0,1.0,0.0,0,1,0,0,0,0,0,0,0,1,0,0,1,0,0,0,0,0,1,0,0,0,0
69,2.0,1.35,8,17.99,1,3,0.15,1.0,0.0,0.0,0,0,0,1,0,0,0,0,1,0,0,0,0,1,0,0,0,0,0,1,0,0,0
42,1.0,4.11,54,13.99,1,1,0.07,0.0,1.0,0.0,0,1,0,0,0,0,0,0,1,0,0,0,0,1,0,0,0,0,0,0,0,0,1
40,0.0,27.26,24,8.99,0,1,1.09,0.0,0.0,1.0,1,0,0,0,0,0,0,0,1,0,0,0,1,0,0,0,1,0,0,0,0,0,0
26,1.0,24.13,27,13.99,0,3,0.86,0.0,1.0,0.0,1,0,0,0,0,0,0,0,0,0,1,1,0,0,0,0,0,1,0,0,0,0,0
46,2.0,13.66,31,17.99,1,1,0.43,0.0,1.0,0.0,0,0,0,0,0,1,0,0,1,0,0,0,0,0,0,1,0,1,0,0,0,0,0
19,1.0,10.58,9,13.99,0,1,1.06,0.0,1.0,0.0,0,0,0,0,0,1,1,0,0,0,0,1,0,0,0,0,0,0,1,0,0,0,0
26,2.0,0.73,44,17.99,1,5,0.02,0.0,1.0,0.0,0,0,0,0,1,0,1,0,0,0,0,0,0,0,1,0,0,0,0,0,0,0,1
27,2.0,2.66,32,17.99,1,3,0.08,1.0,0.0,0.0,0,1,0,0,0,0,0,0,0,1,0,0,0,0,1,0,0,1,0,0,0,0,0
40,2.0,0.12,28,17.99,1,4,0.0,1.0,0.0,0.0,0,0,0,0,1,0,1,0,0,0,0,0,1,0,0,0,0,0,0,0,0,1,0
58,0.0,0.76,44,8.99,1,4,0.02,0.0,0.0,1.0,0,0,1,0,0,0,0,0,0,0,1,0,0,0,1,0,0,0,0,0,0,0,1
36,1.0,22.9,47,13.99,0,2,0.48,0.0,0.0,1.0,0,0,0,0,0,1,1,0,0,0,0,0,1,0,0,0,0,0,1,0,0,0,0
67,2.0,3.36,23,17.99,1,3,0.14,1.0,0.0,0.0,0,0,0,1,0,0,0,0,0,0,1,1,0,0,0,0,0,0,0,0,0,1,0
24,1.0,4.1,21,13.99,0,5,0.19,1.0,0.0,0.0,0,0,1,0,0,0,0,0,1,0,0,1,0,0,0,0,0,0,0,0,0,1,0
37,0.0,8.77,41,8.99,1,2,0.21,0.0,0.0,1.0,0,0,1,0,0,0,0,0,0,1,0,0,1,0,0,0,0,0,0,0,1,0,0
26,2.0,22.8,24,17.99,0,4,0.91,1.0,0.0,0.0,0,1,0,0,0,0,0,1,0,0,0,1,0,0,0,0,0,0,0,0,0,0,1
63,1.0,0.88,21,13.99,1,1,0.04,0.0,1.0,0.0,0,0,0,0,1,0,0,0,1,0,0,0,1,0,0,0,1,0,0,0,0,0,0
38,2.0,43.56,26,17.99,0,3,1.61,0.0,1.0,0.0,0,0,0,0,1,0,0,1,0,0,0,0,0,1,0,0,0,0,0,0,1,0,0
54,1.0,6.59,40,13.99,1,4,0.16,0.0,0.0,1.0,0,0,0,1,0,0,1,0,0,0,0,0,1,0,0,0,0,0,0,0,1,0,0
57,0.0,4.15,17,8.99,1,5,0.23,0.0,1.0,0.0,1,0,0,0,0,0,1,0,0,0,0,0,0,1,0,0,0,0,0,1,0,0,0
55,2.0,0.42,29,17.99,1,2,0.01,0.0,1.0,0.0,0,0,0,0,1,0,0,0,0,0,1,0,0,0,0,1,0,0,1,0,0,0,0
42,0.0,2.8,40,8.99,1,4,0.07,1.0,0.0,0.0,0,0,0,1,0,0,0,0,0,1,0,0,0,0,1,0,0,1,0,0,0,0,0
22,1.0,0.76,24,13.99,1,2,0.03,1.0,0.0,0.0,1,0,0,0,0,0,1,0,0,0,0,0,0,0,1,0,0,0,0,0,0,0,1
37,0.0,5.78,22,8.99,1,2,0.25,1.0,0.0,0.0,0,0,1,0,0,0,0,1,0,0,0,0,1,0,0,0,0,0,0,0,0,1,0
61,0.0,17.59,58,8.99,1,2,0.3,1.0,0.0,0.0,0,0,0,1,0,0,0,1,0,0,0,0,0,1,0,0,0,0,0,0,1,0,0
47,0.0,6.28,3,8.99,0,2,1.57,1.0,0.0,0.0,0,0,0,0,1,0,0,0,0,0,1,0,0,1,0,0,0,0,1,0,0,0,0
31,1.0,9.9,46,13.99,0,5,0.21,0.0,0.0,1.0,0,1,0,0,0,0,0,1,0,0,0,0,0,0,0,1,1,0,0,0,0,0,0
52,1.0,13.22,37,13.99,1,2,0.35,0.0,0.0,1.0,0,0,1,0,0,0,0,0,1,0,0,0,1,0,0,0,0,0,0,1,0,0,0
29,0.0,1.77,47,8.99,1,3,0.04,1.0,0.0,0.0,0,0,0,0,1,0,0,1,0,0,0,1,0,0,0,0,0,0,1,0,0,0,0
26,1.0,33.1,21,13.99,0,5,1.5,0.0,1.0,0.0,0,0,0,0,1,0,0,1,0,0,0,0,0,0,0,1,0,0,1,0,0,0,0
52,2.0,7.03,19,17.99,0,2,0.35,0.0,1.0,0.0,1,0,0,0,0,0,0,0,0,0,1,1,0,0,0,0,0,0,1,0,0,0,0
33,1.0,14.96,16,13.99,0,5,0.88,0.0,1.0,0.0,0,0,0,1,0,0,0,0,0,0,1,0,1,0,0,0,0,0,0,0,0,1,0
52,2.0,3.11,50,17.99,1,4,0.06,0.0,1.0,0.0,0,0,0,1,0,0,0,0,1,0,0,1,0,0,0,0,0,1,0,0,0,0,0
48,0.0,0.29,33,8.99,1,1,0.01,1.0,0.0,0.0,0,0,0,1,0,0,0,0,0,0,1,0,0,1,0,0,0,0,0,0,1,0,0
52,1.0,1.69,54,13.99,1,3,0.03,1.0,0.0,0.0,0,0,0,0,0,1,0,1,0,0,0,0,0,1,0,0,0,0,1,0,0,0,0
50,0.0,0.61,16,8.99,1,2,0.04,0.0,0.0,1.0,0,1,0,0,0,0,0,0,0,1,0,0,0,0,1,0,0,0,0,1,0,0,0
43,2.0,11.84,56,17.99,0,5,0.21,0.0,1.0,0.0,1,0,0,0,0,0,0,0,1,0,0,1,0,0,0,0,0,0,0,0,0,0,1
62,1.0,25.88,49,13.99,0,2,0.52,0.0,1.0,0.0,0,0,1,0,0,0,1,0,0,0,0,0,0,0,0,1,0,0,0,0,1,0,0
31,0.0,1.79,18,8.99,1,5,0.09,0.0,1.0,0.0,0,1,0,0,0,0,0,1,0,0,0,0,0,0,1,0,0,0,0,1,0,0,0
35,2.0,19.19,50,17.99,1,1,0.38,0.0,0.0,1.0,0,1,0,0,0,0,1,0,0,0,0,1,0,0,0,0,0,0,1,0,0,0,0
68,2.0,7.11,43,17.99,0,5,0.16,1.0,0.0,0.0,0,0,0,0,0,1,0,0,0,1,0,1,0,0,0,0,0,0,0,0,1,0,0
45,2.0,3.2,57,17.99,1,1,0.06,0.0,0.0,1.0,0,0,0,0,1,0,0,0,0,1,0,1,0,0,0,0,0,0,0,0,0,0,1
24,2.0,1.03,30,17.99,1,1,0.03,1.0,0.0,0.0,0,0,0,0,1,0,0,0,0,0,1,1,0,0,0,0,0,0,0,0,0,0,1
30,1.0,6.23,49,13.99,1,3,0.12,1.0,0.0,0.0,0,0,1,0,0,0,0,0,0,1,0,0,0,1,0,0,0,1,0,0,0,0,0
51,1.0,7.01,38,13.99,1,2,0.18,0.0,1.0,0.0,0,1,0,0,0,0,0,0,0,0,1,0,0,0,1,0,0,0,0,0,0,0,1
25,0.0,2.95,37,8.99,1,4,0.08,0.0,1.0,0.0,0,0,0,1,0,0,0,0,0,1,0,0,0,0,0,1,0,0,0,0,1,0,0
43,1.0,16.9,20,13.99,0,2,0.8,0.0,1.0,0.0,0,0,0,0,0,1,0,0,0,0,1,1,0,0,0,0,0,0,0,1,0,0,0
58,0.0,0.36,39,8.99,1,3,0.01,0.0,1.0,0.0,1,0,0,0,0,0,0,1,0,0,0,0,0,0,0,1,0,0,0,1,0,0,0
27,1.0,19.23,56,13.99,1,2,0.34,1.0,0.0,0.0,0,0,0,1,0,0,0,0,0,0,1,0,0,0,1,0,0,0,0,0,0,1,0
33,2.0,27.1,57,17.99,0,4,0.47,0.0,0.0,1.0,1,0,0,0,0,0,1,0,0,0,0,0,0,0,1,0,0,0,0,1,0,0,0
35,2.0,38.65,21,17.99,0,4,1.76,1.0,0.0,0.0,0,1,0,0,0,0,1,0,0,0,0,0,0,0,0,1,0,0,0,0,1,0,0
56,0.0,8.25,27,8.99,0,3,0.29,0.0,1.0,0.0,0,1,0,0,0,0,0,0,0,1,0,0,0,1,0,0,0,1,0,0,0,0,0
59,1.0,3.06,17,13.99,1,2,0.17,0.0,1.0,0.0,0,0,1,0,0,0,0,0,0,0,1,0,0,0,0,1,0,0,1,0,0,0,0
41,0.0,0.86,22,8.99,1,4,0.04,0.0,0.0,1.0,0,0,0,0,0,1,0,0,0,1,0,0,1,0,0,0,0,0,1,0,0,0,0
22,2.0,5.22,33,17.99,0,5,0.15,1.0,0.0,0.0,0,0,0,0,1,0,1,0,0,0,0,1,0,0,0,0,0,0,1,0,0,0,0
64,2.0,22.92,7,17.99,0,1,2.87,1.0,0.0,0.0,1,0,0,0,0,0,1,0,0,0,0,0,0,1,0,0,1,0,0,0,0,0,0
61,0.0,3.99,33,8.99,1,5,0.12,0.0,1.0,0.0,0,0,0,0,0,1,0,0,1,0,0,0,0,0,0,1,0,0,0,0,0,1,0
37,1.0,0.59,13,13.99,1,3,0.04,1.0,0.0,0.0,0,0,0,0,1,0,0,0,0,1,0,1,0,0,0,0,0,0,0,0,0,0,1
48,0.0,0.75,55,8.99,1,5,0.01,0.0,0.0,1.0,0,0,0,1,0,0,0,1,0,0,0,0,0,0,0,1,1,0,0,0,0,0,0
58,0.0,3.59,29,8.99,1,3,0.12,1.0,0.0,0.0,0,1,0,0,0,0,0,0,0,1,0,0,0,0,0,1,0,0,0,0,1,0,0
25,0.0,0.24,43,8.99,1,3,0.01,0.0,1.0,0.0,0,1,0,0,0,0,1,0,0,0,0,0,0,1,0,0,0,0,0,0,0,1,0
51,0.0,25.77,38,8.99,0,4,0.66,0.0,0.0,1.0,0,0,0,0,0,1,0,0,1,0,0,0,0,0,0,1,1,0,0,0,0,0,0
34,1.0,2.94,43,13.99,1,2,0.07,0.0,1.0,0.0,0,0,0,0,1,0,1,0,0,0,0,1,0,0,0,0,0,0,0,0,0,0,1
62,2.0,20.63,11,17.99,0,3,1.72,0.0,1.0,0.0,1,0,0,0,0,0,0,0,0,1,0,0,0,0,0,1,0,1,0,0,0,0,0
66,1.0,6.54,7,13.99,0,2,0.82,1.0,0.0,0.0,1,0,0,0,0,0,0,0,0,0,1,0,0,0,0,1,0,1,0,0,0,0,0
35,1.0,4.7,13,13.99,1,4,0.34,0.0,1.0,0.0,0,0,0,0,1,0,0,0,0,0,1,0,1,0,0,0,0,0,0,0,0,0,1
64,2.0,0.19,18,17.99,0,5,0.01,1.0,0.0,0.0,1,0,0,0,0,0,0,1,0,0,0,0,0,1,0,0,1,0,0,0,0,0,0
21,2.0,7.72,51,17.99,1,3,0.15,1.0,0.0,0.0,0,0,0,0,1,0,0,0,0,1,0,0,0,1,0,0,0,0,0,0,0,1,0
58,1.0,6.88,22,13.99,0,3,0.3,0.0,1.0,0.0,0,1,0,0,0,0,1,0,0,0,0,0,1,0,0,0,0,0,0,0,0,1,0
49,2.0,19.3,19,17.99,0,5,0.97,0.0,0.0,1.0,0,0,0,0,1,0,0,0,1,0,0,0,0,0,0,1,0,0,0,0,1,0,0
39,1.0,35.7,7,13.99,0,4,4.46,0.0,0.0,1.0,0,0,0,0,0,1,0,0,0,1,0,0,1,0,0,0,0,0,0,0,0,0,1
49,2.0,1.0,40,17.99,1,4,0.02,0.0,1.0,0.0,0,1,0,0,0,0,0,0,0,0,1,0,0,0,1,0,0,0,1,0,0,0,0
61,2.0,28.65,36,17.99,0,5,0.77,0.0,0.0,1.0,0,0,1,0,0,0,0,1,0,0,0,0,0,0,0,1,0,0,0,1,0,0,0
32,1.0,6.86,49,13.99,1,2,0.14,1.0,0.0,0.0,1,0,0,0,0,0,0,0,0,1,0,0,0,1,0,0,0,0,0,0,0,0,1
22,0.0,2.36,27,8.99,1,3,0.08,0.0,0.0,1.0,0,0,0,0,1,0,0,1,0,0,0,0,1,0,0,0,1,0,0,0,0,0,0
47,0.0,3.84,2,8.99,0,2,1.28,1.0,0.0,0.0,0,0,1,0,0,0,0,0,1,0,0,1,0,0,0,0,1,0,0,0,0,0,0
41,1.0,0.11,41,13.99,1,2,0.0,1.0,0.0,0.0,1,0,0,0,0,0,0,0,1,0,0,1,0,0,0,0,1,0,0,0,0,0,0
65,0.0,6.36,31,8.99,1,4,0.2,0.0,1.0,0.0,0,0,1,0,0,0,0,0,0,0,1,1,0,0,0,0,0,0,0,0,0,0,1
57,0.0,12.3,26,8.99,0,4,0.46,0.0,1.0,0.0,0,1,0,0,0,0,0,0,0,0,1,0,0,1,0,0,0,0,0,0,0,0,1
42,2.0,8.18,40,17.99,0,5,0.2,0.0,0.0,1.0,0,0,1,0,0,0,0,0,1,0,0,1,0,0,0,0,0,0,0,0,0,1,0
50,2.0,1.05,42,17.99,1,2,0.02,0.0,0.0,1.0,0,1,0,0,0,0,0,1,0,0,0,1,0,0,0,0,1,0,0,0,0,0,0
38,1.0,6.49,50,13.99,0,5,0.13,0.0,0.0,1.0,0,0,0,0,1,0,0,0,0,1,0,0,0,0,0,1,0,0,0,0,0,1,0
58,2.0,15.91,49,17.99,1,1,0.32,0.0,1.0,0.0,0,0,0,0,0,1,0,0,1,0,0,0,0,0,1,0,0,0,0,1,0,0,0
30,1.0,12.85,39,13.99,1,3,0.32,0.0,0.0,1.0,0,1,0,0,0,0,0,0,0,0,1,0,0,1,0,0,0,1,0,0,0,0,0
64,2.0,1.22,56,17.99,1,1,0.02,1.0,0.0,0.0,0,1,0,0,0,0,1,0,0,0,0,0,1,0,0,0,0,1,0,0,0,0,0
51,1.0,1.96,26,13.99,0,4,0.07,0.0,0.0,1.0,0,0,1,0,0,0,0,0,0,0,1,0,0,1,0,0,0,0,1,0,0,0,0
56,0.0,8.3,55,8.99,1,3,0.15,1.0,0.0,0.0,0,1,0,0,0,0,0,0,0,1,0,0,0,0,0,1,0,1,0,0,0,0,0
48,1.0,7.38,4,13.99,0,4,1.48,0.0,1.0,0.0,0,0,0,0,0,1,1,0,0,0,0,1,0,0,0,0,0,0,0,0,1,0,0
27,0.0,11.62,50,8.99,1,2,0.23,1.0,0.0,0.0,0,1,0,0,0,0,0,0,0,1,0,1,0,0,0,0,0,0,1,0,0,0,0
23,0.0,5.06,36,8.99,1,3,0.14,1.0,0.0,0.0,0,0,1,0,0,0,0,0,0,0,1,0,0,1,0,0,0,1,0,0,0,0,0
69,2.0,3.84,30,17.99,1,5,0.12,0.0,0.0,1.0,0,1,0,0,0,0,1,0,0,0,0,0,1,0,0,0,0,0,1,0,0,0,0
41,1.0,2.97,46,13.99,1,1,0.06,1.0,0.0,0.0,0,0,0,1,0,0,0,0,0,0,1,1,0,0,0,0,0,0,0,0,1,0,0
65,1.0,8.23,57,13.99,1,1,0.14,1.0,0.0,0.0,0,1,0,0,0,0,0,0,0,1,0,0,1,0,0,0,0,1,0,0,0,0,0
20,2.0,12.72,13,17.99,0,2,0.91,0.0,1.0,0.0,0,0,0,0,1,0,0,0,1,0,0,1,0,0,0,0,0,0,0,0,1,0,0
62,2.0,10.76,31,17.99,1,1,0.34,0.0,1.0,0.0,1,0,0,0,0,0,1,0,0,0,0,0,0,0,0,1,0,0,0,0,1,0,0
34,2.0,19.54,10,17.99,0,2,1.78,1.0,0.0,0.0,0,1,0,0,0,0,0,1,0,0,0,0,0,1,0,0,0,0,0,0,0,0,1
58,2.0,26.15,53,17.99,0,1,0.48,0.0,1.0,0.0,0,0,0,0,0,1,1,0,0,0,0,1,0,0,0,0,0,0,0,0,0,1,0
35,2.0,3.78,37,17.99,1,5,0.1,1.0,0.0,0.0,1,0,0,0,0,0,0,1,0,0,0,0,0,1,0,0,0,0,0,1,0,0,0
36,1.0,6.49,21,13.99,0,5,0.29,1.0,0.0,0.0,0,0,0,1,0,0,0,1,0,0,0,1,0,0,0,0,1,0,0,0,0,0,0
57,0.0,1.76,10,8.99,1,4,0.16,1.0,0.0,0.0,0,0,0,1,0,0,0,0,0,0,1,1,0,0,0,0,0,1,0,0,0,0,0
58,2.0,8.43,49,17.99,1,1,0.17,0.0,1.0,0.0,0,0,1,0,0,0,0,0,0,0,1,0,1,0,0,0,0,0,0,0,0,1,0
54,0.0,4.85,37,8.99,1,4,0.13,0.0,1.0,0.0,1,0,0,0,0,0,0,0,0,0,1,1,0,0,0,0,0,1,0,0,0,0,0
22,1.0,14.04,19,13.99,0,2,0.7,0.0,0.0,1.0,0,0,0,1,0,0,0,0,1,0,0,0,0,0,1,0,0,0,0,0,0,0,1
43,2.0,19.59,25,17.99,0,1,0.75,0.0,1.0,0.0,1,0,0,0,0,0,0,0,0,0,1,1,0,0,0,0,0,0,0,1,0,0,0
21,1.0,0.06,13,13.99,0,5,0.0,0.0,0.0,1.0,0,0,0,0,1,0,1,0,0,0,0,0,0,0,0,1,0,0,0,1,0,0,0
53,1.0,26.91,19,13.99,0,2,1.35,1.0,0.0,0.0,0,0,0,1,0,0,0,0,0,0,1,0,0,1,0,0,1,0,0,0,0,0,0
36,1.0,1.36,58,13.99,1,5,0.02,0.0,1.0,0.0,0,0,0,1,0,0,1,0,0,0,0,1,0,0,0,0,0,0,1,0,0,0,0
37,2.0,7.53,48,17.99,1,3,0.15,1.0,0.0,0.0,0,1,0,0,0,0,1,0,0,0,0,0,0,0,0,1,0,0,1,0,0,0,0
44,1.0,62.82,44,13.99,0,4,1.4,1.0,0.0,0.0,1,0,0,0,0,0,1,0,0,0,0,1,0,0,0,0,0,0,0,0,0,0,1
33,2.0,2.08,7,17.99,0,4,0.26,1.0,0.0,0.0,0,0,0,1,0,0,0,0,0,1,0,0,0,1,0,0,0,0,0,0,0,1,0
32,0.0,10.13,8,8.99,0,5,1.13,0.0,1.0,0.0,0,0,0,0,1,0,0,0,0,0,1,1,0,0,0,0,0,0,0,0,1,0,0
23,0.0,11.07,47,8.99,1,4,0.23,1.0,0.0,0.0,0,0,1,0,0,0,0,1,0,0,0,0,1,0,0,0,1,0,0,0,0,0,0
61,2.0,4.67,43,17.99,1,4,0.11,0.0,1.0,0.0,0,0,0,0,0,1,0,0,0,1,0,0,1,0,0,0,0,0,0,0,0,1,0
33,2.0,17.72,5,17.99,0,5,2.95,0.0,1.0,0.0,0,0,0,1,0,0,0,1,0,0,0,1,0,0,0,0,0,0,0,0,0,1,0
41,2.0,6.01,36,17.99,0,4,0.16,1.0,0.0,0.0,0,0,0,1,0,0,0,0,0,0,1,0,0,1,0,0,1,0,0,0,0,0,0
23,1.0,14.92,13,13.99,0,2,1.07,1.0,0.0,0.0,0,0,0,1,0,0,0,0,0,1,0,0,0,0,1,0,0,0,1,0,0,0,0
67,0.0,8.28,51,8.99,1,2,0.16,1.0,0.0,0.0,1,0,0,0,0,0,0,1,0,0,0,0,0,0,1,0,0,1,0,0,0,0,0
59,0.0,4.96,51,8.99,1,1,0.1,0.0,0.0,1.0,0,0,0,0,0,1,0,0,1,0,0,0,0,0,0,1,0,1,0,0,0,0,0
50,0.0,1.11,44,8.99,1,5,0.02,0.0,0.0,1.0,0,0,0,1,0,0,0,1,0,0,0,0,0,0,0,1,0,0,0,0,0,1,0
22,2.0,0.85,26,17.99,1,3,0.03,0.0,0.0,1.0,0,0,0,0,1,0,0,0,0,1,0,0,0,1,0,0,0,1,0,0,0,0,0
65,0.0,1.85,34,8.99,1,2,0.05,1.0,0.0,0.0,0,1,0,0,0,0,0,0,0,1,0,0,0,0,0,1,0,0,0,0,0,1,0
70,2.0,8.29,13,17.99,0,1,0.59,0.0,1.0,0.0,0,0,0,1,0,0,0,0,1,0,0,0,0,0,1,0,0,1,0,0,0,0,0
39,0.0,13.15,13,8.99,0,2,0.94,1.0,0.0,0.0,0,1,0,0,0,0,0,0,0,1,0,0,0,0,1,0,0,0,0,0,1,0,0
59,1.0,3.7,22,13.99,1,3,0.16,0.0,0.0,1.0,0,0,1,0,0,0,0,0,0,0,1,0,0,0,1,0,0,1,0,0,0,0,0
58,0.0,5.08,48,8.99,1,5,0.1,1.0,0.0,0.0,0,1,0,0,0,0,0,0,0,1,0,0,0,0,0,1,0,0,1,0,0,0,0
56,0.0,23.72,13,8.99,0,1,1.69,1.0,0.0,0.0,0,0,0,0,0,1,0,0,1,0,0,0,0,1,0,0,0,1,0,0,0,0,0
46,1.0,13.81,13,13.99,0,1,0.99,1.0,0.0,0.0,0,0,0,0,1,0,0,0,0,1,0,1,0,0,0,0,1,0,0,0,0,0,0
19,1.0,6.51,51,13.99,1,1,0.13,1.0,0.0,0.0,0,1,0,0,0,0,0,0,0,0,1,0,1,0,0,0,0,1,0,0,0,0,0
38,1.0,6.68,15,13.99,0,1,0.42,0.0,1.0,0.0,0,0,0,0,1,0,0,0,1,0,0,1,0,0,0,0,0,0,0,1,0,0,0
24,2.0,18.05,41,17.99,0,5,0.43,0.0,0.0,1.0,1,0,0,0,0,0,0,0,1,0,0,1,0,0,0,0,0,0,0,0,0,1,0
63,2.0,26.19,34,17.99,0,1,0.75,1.0,0.0,0.0,1,0,0,0,0,0,0,1,0,0,0,0,1,0,0,0,0,0,0,0,0,0,1
49,2.0,8.48,10,17.99,0,1,0.77,0.0,0.0,1.0,0,0,0,1,0,0,0,1,0,0,0,0,0,0,0,1,0,0,0,0,1,0,0
56,2.0,14.15,44,17.99,1,3,0.31,0.0,1.0,0.0,1,0,0,0,0,0,0,0,1,0,0,0,1,0,0,0,0,0,0,0,1,0,0
55,2.0,2.01,24,17.99,1,3,0.08,1.0,0.0,0.0,0,0,0,1,0,0,0,0,0,0,1,0,0,1,0,0,0,0,0,0,0,0,1
46,2.0,0.48,36,17.99,1,5,0.01,0.0,1.0,0.0,0,1,0,0,0,0,0,0,0,1,0,0,0,0,1,0,0,0,0,0,0,1,0
18,0.0,3.17,0,8.99,1,1,3.17,0.0,0.0,1.0,0,1,0,0,0,0,0,1,0,0,0,1,0,0,0,0,1,0,0,0,0,0,0
28,2.0,8.75,46,17.99,1,3,0.19,0.0,1.0,0.0,0,1,0,0,0,0,1,0,0,0,0,1,0,0,0,0,0,1,0,0,0,0,0
35,2.0,9.17,43,17.99,1,3,0.21,1.0,0.0,0.0,0,1,0,0,0,0,0,0,1,0,0,0,1,0,0,0,0,0,0,1,0,0,0
43,1.0,0.83,13,13.99,1,3,0.06,0.0,1.0,0.0,0,0,0,0,0,1,0,0,0,1,0,0,0,0,0,1,0,0,1,0,0,0,0
37,0.0,3.68,45,8.99,1,3,0.08,0.0,0.0,1.0,1,0,0,0,0,0,0,1,0,0,0,1,0,0,0,0,0,0,0,0,0,0,1
62,2.0,10.33,3,17.99,0,2,2.58,0.0,1.0,0.0,1,0,0,0,0,0,1,0,0,0,0,0,1,0,0,0,0,0,1,0,0,0,0
46,0.0,12.12,41,8.99,1,2,0.29,1.0,0.0,0.0,0,0,0,0,0,1,0,0,0,0,1,0,0,1,0,0,0,0,0,1,0,0,0
34,0.0,28.06,33,8.99,0,4,0.83,1.0,0.0,0.0,0,0,0,0,1,0,0,0,0,1,0,0,0,0,0,1,0,0,1,0,0,0,0
21,2.0,16.09,2,17.99,0,4,5.36,0.0,1.0,0.0,0,0,0,1,0,0,0,0,0,0,1,0,1,0,0,0,0,0,0,0,0,0,1
61,2.0,55.13,59,17.99,0,1,0.92,1.0,0.0,0.0,0,1,0,0,0,0,0,0,0,0,1,0,0,1,0,0,0,0,0,0,1,0,0
48,2.0,17.24,53,17.99,0,5,0.32,0.0,0.0,1.0,0,0,0,0,1,0,0,0,1,0,0,0,0,1,0,0,0,0,1,0,0,0,0
23,0.0,2.91,40,8.99,1,3,0.07,0.0,0.0,1.0,0,0,0,0,1,0,0,0,0,0,1,0,0,0,0,1,0,0,0,1,0,0,0
57,1.0,3.05,26,13.99,1,2,0.11,1.0,0.0,0.0,0,0,0,1,0,0,0,0,0,1,0,0,0,0,0,1,0,0,0,0,0,0,1
30,2.0,5.43,56,17.99,1,4,0.1,0.0,1.0,0.0,1,0,0,0,0,0,0,0,0,1,0,0,0,0,1,0,0,0,1,0,0,0,0
25,2.0,2.51,18,17.99,0,5,0.13,0.0,0.0,1.0,0,1,0,0,0,0,0,0,0,1,0,0,0,0,0,1,0,0,0,0,0,0,1
32,0.0,7.17,3,8.99,0,5,1.79,1.0,0.0,0.0,0,1,0,0,0,0,0,0,0,0,1,0,0,1,0,0,0,0,0,0,1,0,0
29,0.0,10.64,36,8.99,1,1,0.29,1.0,0.0,0.0,0,0,1,0,0,0,0,0,0,0,1,0,0,0,0,1,1,0,0,0,0,0,0
56,1.0,12.06,26,13.99,0,1,0.45,0.0,1.0,0.0,0,0,0,0,0,1,0,1,0,0,0,0,0,1,0,0,0,0,0,0,1,0,0
57,1.0,28.5,23,13.99,0,3,1.19,1.0,0.0,0.0,0,0,0,0,0,1,1,0,0,0,0,0,0,0,1,0,0,0,1,0,0,0,0
23,0.0,11.25,24,8.99,0,5,0.45,1.0,0.0,0.0,0,1,0,0,0,0,1,0,0,0,0,0,1,0,0,0,0,1,0,0,0,0,0
38,0.0,1.13,41,8.99,1,2,0.03,0.0,0.0,1.0,0,1,0,0,0,0,1,0,0,0,0,0,1,0,0,0,0,1,0,0,0,0,0
62,0.0,12.33,47,8.99,1,1,0.26,0.0,1.0,0.0,0,0,0,0,0,1,1,0,0,0,0,0,0,0,1,0,1,0,0,0,0,0,0
51,1.0,8.43,37,13.99,1,1,0.22,0.0,1.0,0.0,0,0,0,0,0,1,0,0,1,0,0,0,0,1,0,0,0,0,1,0,0,0,0
54,1.0,3.36,50,13.99,1,5,0.07,0.0,0.0,1.0,1,0,0,0,0,0,0,1,0,0,0,0,0,0,1,0,0,0,0,0,0,1,0
33,0.0,11.36,51,8.99,1,1,0.22,1.0,0.0,0.0,0,0,1,0,0,0,1,0,0,0,0,0,0,0,0,1,0,0,0,1,0,0,0
54,2.0,2.08,12,17.99,0,5,0.16,1.0,0.0,0.0,1,0,0,0,0,0,0,0,1,0,0,0,0,1,0,0,1,0,0,0,0,0,0
38,2.0,3.49,26,17.99,0,5,0.13,0.0,1.0,0.0,0,1,0,0,0,0,0,0,0,1,0,1,0,0,0,0,1,0,0,0,0,0,0
24,0.0,17.56,10,8.99,0,5,1.6,0.0,0.0,1.0,0,0,0,0,1,0,0,0,1,0,0,0,0,0,1,0,1,0,0,0,0,0,0
44,1.0,2.28,59,13.99,1,2,0.04,0.0,1.0,0.0,0,1,0,0,0,0,0,1,0,0,0,0,1,0,0,0,0,1,0,0,0,0,0
37,1.0,28.57,4,13.99,0,2,5.71,0.0,1.0,0.0,0,0,1,0,0,0,0,0,1,0,0,1,0,0,0,0,0,0,0,0,1,0,0
64,1.0,22.89,50,13.99,0,3,0.45,0.0,1.0,0.0,1,0,0,0,0,0,0,1,0,0,0,0,1,0,0,0,1,0,0,0,0,0,0
41,2.0,14.17,19,17.99,0,3,0.71,1.0,0.0,0.0,0,0,0,1,0,0,0,0,0,0,1,0,0,0,1,0,1,0,0,0,0,0,0
25,1.0,0.9,27,13.99,1,3,0.03,0.0,0.0,1.0,0,0,0,1,0,0,0,0,1,0,0,0,0,0,0,1,0,0,0,0,1,0,0
65,1.0,17.31,37,13.99,1,1,0.46,1.0,0.0,0.0,1,0,0,0,0,0,0,0,1,0,0,0,0,0,0,1,0,0,0,1,0,0,0
39,2.0,3.69,26,17.99,1,5,0.14,1.0,0.0,0.0,0,1,0,0,0,0,0,0,0,0,1,0,1,0,0,0,0,0,1,0,0,0,0
69,1.0,42.32,48,13.99,0,3,0.86,0.0,1.0,0.0,0,0,0,0,1,0,0,0,0,1,0,0,0,0,1,0,1,0,0,0,0,0,0
61,2.0,31.47,52,17.99,0,5,0.59,0.0,0.0,1.0,0,0,1,0,0,0,1,0,0,0,0,0,0,1,0,0,0,0,1,0,0,0,0
59,1.0,16.35,1,13.99,0,3,8.18,0.0,1.0,0.0,0,1,0,0,0,0,0,0,0,1,0,0,0,0,0,1,1,0,0,0,0,0,0
26,1.0,1.24,56,13.99,1,1,0.02,0.0,0.0,1.0,0,1,0,0,0,0,0,0,0,1,0,0,0,1,0,0,0,0,0,0,0,0,1
36,2.0,2.98,60,17.99,1,4,0.05,0.0,0.0,1.0,0,0,0,0,0,1,0,0,1,0,0,0,0,1,0,0,0,0,0,1,0,0,0
42,0.0,1.85,6,8.99,1,5,0.26,1.0,0.0,0.0,1,0,0,0,0,0,0,1,0,0,0,0,1,0,0,0,0,0,0,0,1,0,0
45,1.0,1.77,11,13.99,1,3,0.15,1.0,0.0,0.0,1,0,0,0,0,0,0,0,1,0,0,0,0,0,0,1,0,0,0,0,0,1,0
66,2.0,0.42,28,17.99,1,5,0.01,0.0,0.0,1.0,0,0,0,1,0,0,0,0,0,1,0,0,1,0,0,0,0,0,0,1,0,0,0
64,0.0,5.7,9,8.99,0,1,0.57,1.0,0.0,0.0,0,0,0,1,0,0,1,0,0,0,0,1,0,0,0,0,0,1,0,0,0,0,0
54,0.0,0.51,11,8.99,1,5,0.04,0.0,0.0,1.0,0,0,0,0,0,1,0,0,0,0,1,0,0,0,0,1,0,0,1,0,0,0,0
69,0.0,3.45,26,8.99,1,3,0.13,0.0,1.0,0.0,0,0,0,1,0,0,0,0,1,0,0,0,0,1,0,0,0,0,0,1,0,0,0
53,0.0,6.45,6,8.99,0,5,0.92,0.0,1.0,0.0,0,0,0,0,0,1,0,0,1,0,0,1,0,0,0,0,0,0,1,0,0,0,0
31,0.0,5.16,41,8.99,1,2,0.12,0.0,0.0,1.0,0,0,1,0,0,0,0,0,1,0,0,0,0,1,0,0,0,0,0,0,0,1,0
27,0.0,1.41,0,8.99,0,5,1.41,0.0,1.0,0.0,0,0,0,1,0,0,0,0,0,0,1,0,0,1,0,0,1,0,0,0,0,0,0
64,2.0,0.52,20,17.99,1,2,0.02,0.0,1.0,0.0,0,0,1,0,0,0,0,0,0,0,1,1,0,0,0,0,0,0,0,0,0,0,1
59,1.0,6.25,56,13.99,0,4,0.11,1.0,0.0,0.0,1,0,0,0,0,0,1,0,0,0,0,0,0,1,0,0,0,0,0,0,0,1,0
31,1.0,8.58,16,13.99,0,2,0.5,1.0,0.0,0.0,0,0,0,0,0,1,0,1,0,0,0,1,0,0,0,0,0,0,0,1,0,0,0
39,2.0,9.78,54,17.99,0,4,0.18,0.0,1.0,0.0,1,0,0,0,0,0,1,0,0,0,0,1,0,0,0,0,0,0,0,0,0,1,0
27,0.0,0.14,57,8.99,1,5,0.0,0.0,0.0,1.0,0,0,0,1,0,0,0,1,0,0,0,0,0,1,0,0,0,0,0,1,0,0,0
69,2.0,7.95,59,17.99,1,2,0.13,0.0,1.0,0.0,0,0,0,1,0,0,0,0,1,0,0,0,1,0,0,0,0,0,1,0,0,0,0
30,0.0,14.86,55,8.99,1,2,0.27,0.0,0.0,1.0,0,0,0,0,1,0,1,0,0,0,0,0,0,1,0,0,0,0,1,0,0,0,0
43,1.0,4.09,7,13.99,0,5,0.51,0.0,0.0,1.0,0,0,1,0,0,0,0,0,0,1,0,0,0,0,1,0,0,0,1,0,0,0,0
66,0.0,1.29,44,8.99,1,3,0.03,1.0,0.0,0.0,0,0,0,0,1,0,0,0,0,0,1,0,0,0,0,1,0,0,0,0,0,1,0
31,1.0,2.44,17,13.99,1,3,0.14,0.0,0.0,1.0,0,0,0,0,0,1,0,0,0,1,0,1,0,0,0,0,0,0,0,0,0,0,1
36,2.0,6.16,53,17.99,0,4,0.11,0.0,1.0,0.0,0,0,1,0,0,0,0,0,1,0,0,1,0,0,0,0,0,0,0,0,0,0,1
60,2.0,15.16,45,17.99,1,2,0.33,0.0,0.0,1.0,0,0,1,0,0,0,0,1,0,0,0,1,0,0,0,0,0,0,1,0,0,0,0
32,1.0,7.57,18,13.99,0,5,0.4,0.0,1.0,0.0,1,0,0,0,0,0,0,0,0,0,1,0,1,0,0,0,0,1,0,0,0,0,0
50,2.0,27.56,44,17.99,0,4,0.61,0.0,0.0,1.0,1,0,0,0,0,0,0,0,0,1,0,0,0,0,1,0,0,1,0,0,0,0,0
37,0.0,3.17,46,8.99,1,1,0.07,0.0,0.0,1.0,1,0,0,0,0,0,0,0,1,0,0,0,0,0,0,1,0,0,0,1,0,0,0
20,2.0,36.39,49,17.99,0,4,0.73,0.0,1.0,0.0,0,0,0,0,0,1,0,0,0,1,0,0,0,1,0,0,0,1,0,0,0,0,0
65,0.0,2.99,54,8.99,1,1,0.05,1.0,0.0,0.0,0,0,0,0,0,1,0,1,0,0,0,0,1,0,0,0,0,0,0,1,0,0,0
50,2.0,1.04,51,17.99,1,1,0.02,0.0,0.0,1.0,1,0,0,0,0,0,0,0,0,0,1,1,0,0,0,0,0,0,1,0,0,0,0
48,1.0,6.52,25,13.99,0,2,0.25,0.0,1.0,0.0,0,1,0,0,0,0,0,0,1,0,0,0,0,0,1,0,0,0,0,0,0,0,1
40,1.0,3.11,51,13.99,1,5,0.06,0.0,1.0,0.0,0,0,0,0,1,0,0,0,0,0,1,0,0,0,1,0,0,0,0,1,0,0,0
51,2.0,9.77,29,17.99,0,3,0.33,0.0,1.0,0.0,0,1,0,0,0,0,0,0,0,1,0,0,1,0,0,0,0,0,0,1,0,0,0
23,0.0,4.27,23,8.99,1,1,0.18,1.0,0.0,0.0,0,0,0,1,0,0,0,0,0,1,0,0,0,1,0,0,0,0,0,0,0,0,1
48,0.0,22.19,34,8.99,0,2,0.63,0.0,0.0,1.0,0,0,0,0,0,1,0,0,1,0,0,1,0,0,0,0,0,0,0,0,0,1,0
21,1.0,6.43,39,13.99,0,5,0.16,1.0,0.0,0.0,1,0,0,0,0,0,0,0,1,0,0,1,0,0,0,0,0,0,0,0,1,0,0
62,2.0,2.15,42,17.99,1,2,0.05,0.0,1.0,0.0,0,0,1,0,0,0,0,1,0,0,0,1,0,0,0,0,0,1,0,0,0,0,0
19,2.0,9.32,0,17.99,0,2,9.32,0.0,1.0,0.0,0,0,0,0,1,0,1,0,0,0,0,0,0,1,0,0,0,0,1,0,0,0,0
55,1.0,47.76,39,13.99,0,2,1.19,0.0,0.0,1.0,0,0,0,0,1,0,1,0,0,0,0,0,0,1,0,0,0,0,0,0,1,0,0
27,1.0,5.08,25,13.99,0,1,0.2,0.0,0.0,1.0,0,1,0,0,0,0,0,0,0,0,1,0,0,0,1,0,0,0,0,0,0,1,0
42,1.0,4.79,58,13.99,1,3,0.08,0.0,1.0,0.0,0,0,0,0,0,1,0,0,0,1,0,1,0,0,0,0,0,0,0,0,0,0,1
56,1.0,4.09,56,13.99,1,3,0.07,0.0,0.0,1.0,0,0,1,0,0,0,0,0,0,1,0,0,0,0,0,1,0,0,0,0,0,1,0
42,0.0,5.46,41,8.99,1,3,0.13,0.0,0.0,1.0,0,1,0,0,0,0,0,1,0,0,0,0,0,1,0,0,1,0,0,0,0,0,0
59,1.0,11.65,44,13.99,1,1,0.26,0.0,0.0,1.0,0,1,0,0,0,0,0,0,1,0,0,0,1,0,0,0,0,0,0,0,0,1,0
22,1.0,1.41,28,13.99,1,4,0.05,0.0,1.0,0.0,0,0,0,0,0,1,0,1,0,0,0,0,0,0,1,0,0,0,0,0,0,0,1
42,1.0,3.69,45,13.99,1,2,0.08,0.0,0.0,1.0,1,0,0,0,0,0,0,0,0,0,1,0,0,0,1,0,0,0,0,0,1,0,0
31,0.0,10.99,33,8.99,1,3,0.32,0.0,1.0,0.0,0,1,0,0,0,0,0,1,0,0,0,1,0,0,0,0,0,0,0,0,0,0,1
67,2.0,2.92,38,17.99,1,5,0.07,1.0,0.0,0.0,0,0,0,0,1,0,1,0,0,0,0,0,0,0,1,0,1,0,0,0,0,0,0
18,0.0,12.68,18,8.99,0,3,0.67,0.0,1.0,0.0,0,0,1,0,0,0,0,0,0,1,0,0,0,1,0,0,0,0,0,1,0,0,0
25,0.0,1.91,18,8.99,1,3,0.1,1.0,0.0,0.0,1,0,0,0,0,0,1,0,0,0,0,0,1,0,0,0,0,0,1,0,0,0,0
24,1.0,5.37,2,13.99,0,2,1.79,0.0,1.0,0.0,0,0,0,1,0,0,0,0,0,1,0,0,0,0,1,0,0,1,0,0,0,0,0
64,1.0,0.31,52,13.99,1,1,0.01,0.0,1.0,0.0,0,0,1,0,0,0,1,0,0,0,0,0,0,1,0,0,0,1,0,0,0,0,0
66,0.0,27.65,12,8.99,0,1,2.13,0.0,1.0,0.0,0,0,1,0,0,0,0,1,0,0,0,0,0,1,0,0,0,0,0,0,0,0,1
39,2.0,7.45,24,17.99,0,1,0.3,0.0,1.0,0.0,1,0,0,0,0,0,0,0,1,0,0,0,0,1,0,0,0,0,0,0,0,0,1
30,0.0,5.73,41,8.99,1,3,0.14,0.0,1.0,0.0,0,0,0,0,1,0,0,1,0,0,0,0,0,0,1,0,0,0,0,0,0,1,0
52,1.0,31.15,57,13.99,0,5,0.54,1.0,0.0,0.0,0,0,1,0,0,0,0,0,0,1,0,0,0,0,0,1,0,0,0,0,1,0,0
19,2.0,8.11,56,17.99,0,5,0.14,0.0,0.0,1.0,0,0,0,1,0,0,0,1,0,0,0,0,0,0,0,1,0,0,0,0,1,0,0
47,2.0,7.02,44,17.99,1,5,0.16,0.0,1.0,0.0,0,0,0,1,0,0,1,0,0,0,0,0,0,0,1,0,1,0,0,0,0,0,0
40,1.0,9.36,27,13.99,0,3,0.33,1.0,0.0,0.0,0,1,0,0,0,0,0,1,0,0,0,0,0,1,0,0,0,0,0,0,1,0,0
30,1.0,9.7,37,13.99,1,1,0.26,0.0,1.0,0.0,0,0,0,1,0,0,0,0,1,0,0,0,1,0,0,0,1,0,0,0,0,0,0
24,0.0,15.34,43,8.99,1,3,0.35,0.0,0.0,1.0,0,0,1,0,0,0,1,0,0,0,0,0,1,0,0,0,0,1,0,0,0,0,0
44,2.0,1.68,16,17.99,1,2,0.1,0.0,1.0,0.0,0,0,0,0,1,0,1,0,0,0,0,0,0,1,0,0,0,0,0,1,0,0,0
36,1.0,3.88,41,13.99,1,4,0.09,1.0,0.0,0.0,0,0,0,0,0,1,0,1,0,0,0,0,0,0,0,1,0,0,0,0,1,0,0
41,2.0,10.47,37,17.99,0,4,0.28,1.0,0.0,0.0,0,1,0,0,0,0,0,0,0,1,0,0,0,1,0,0,0,0,0,0,0,0,1
19,1.0,8.32,2,13.99,0,2,2.77,0.0,1.0,0.0,0,1,0,0,0,0,0,1,0,0,0,0,0,0,0,1,0,0,0,0,1,0,0
36,2.0,54.48,25,17.99,0,2,2.1,0.0,0.0,1.0,1,0,0,0,0,0,0,0,1,0,0,0,0,0,1,0,0,0,1,0,0,0,0
46,1.0,38.53,49,13.99,0,2,0.77,0.0,0.0,1.0,0,0,1,0,0,0,0,1,0,0,0,0,1,0,0,0,0,0,0,0,0,0,1
46,0.0,6.69,13,8.99,1,1,0.48,0.0,0.0,1.0,0,0,0,0,1,0,1,0,0,0,0,0,1,0,0,0,0,0,0,0,0,1,0
35,1.0,8.18,36,13.99,1,2,0.22,0.0,0.0,1.0,0,0,0,0,0,1,0,0,1,0,0,0,0,1,0,0,0,0,0,0,0,1,0
67,1.0,21.36,19,13.99,0,4,1.07,1.0,0.0,0.0,0,0,0,1,0,0,1,0,0,0,0,0,0,0,0,1,0,0,0,0,1,0,0
66,1.0,36.7,48,13.99,0,3,0.75,1.0,0.0,0.0,0,0,0,0,0,1,0,0,0,1,0,0,1,0,0,0,0,0,0,0,0,1,0
20,1.0,7.66,36,13.99,0,5,0.21,1.0,0.0,0.0,0,0,0,1,0,0,1,0,0,0,0,0,0,1,0,0,0,0,0,0,0,0,1
22,0.0,10.85,44,8.99,1,4,0.24,0.0,0.0,1.0,0,0,0,1,0,0,0,1,0,0,0,0,0,0,1,0,0,0,0,1,0,0,0
62,1.0,9.73,52,13.99,1,1,0.18,0.0,1.0,0.0,0,0,0,1,0,0,0,0,0,0,1,0,1,0,0,0,0,0,0,1,0,0,0
24,0.0,7.95,33,8.99,1,3,0.23,0.0,1.0,0.0,1,0,0,0,0,0,0,0,0,0,1,0,0,0,0,1,0,0,0,1,0,0,0
55,0.0,1.92,32,8.99,1,5,0.06,0.0,0.0,1.0,0,0,0,0,0,1,0,1,0,0,0,0,0,0,1,0,0,0,0,0,1,0,0
45,1.0,82.63,44,13.99,0,4,1.84,0.0,0.0,1.0,0,0,0,0,1,0,0,0,0,0,1,0,0,0,0,1,1,0,0,0,0,0,0
63,2.0,27.92,14,17.99,0,3,1.86,0.0,0.0,1.0,1,0,0,0,0,0,0,1,0,0,0,0,0,0,1,0,0,0,0,1,0,0,0
44,2.0,11.7,28,17.99,0,3,0.4,0.0,0.0,1.0,0,0,1,0,0,0,1,0,0,0,0,0,0,1,0,0,0,0,0,0,1,0,0
45,2.0,30.42,14,17.99,0,3,2.03,1.0,0.0,0.0,0,1,0,0,0,0,0,0,1,0,0,0,0,1,0,0,0,0,0,0,0,1,0
39,1.0,12.72,16,13.99,0,3,0.75,1.0,0.0,0.0,0,0,0,1,0,0,1,0,0,0,0,0,0,0,1,0,0,0,0,0,1,0,0
66,2.0,6.66,39,17.99,1,1,0.17,0.0,0.0,1.0,0,1,0,0,0,0,0,0,0,1,0,0,0,1,0,0,0,0,0,0,0,0,1
65,2.0,0.76,2,17.99,0,2,0.25,0.0,0.0,1.0,0,1,0,0,0,0,0,0,1,0,0,0,0,1,0,0,0,1,0,0,0,0,0
26,1.0,11.13,2,13.99,0,2,3.71,0.0,0.0,1.0,0,0,0,0,0,1,0,1,0,0,0,1,0,0,0,0,0,0,0,0,0,0,1
21,0.0,24.86,54,8.99,1,2,0.45,0.0,1.0,0.0,0,0,0,1,0,0,0,0,0,1,0,0,0,0,0,1,0,1,0,0,0,0,0
20,1.0,22.67,55,13.99,1,1,0.4,1.0,0.0,0.0,0,0,1,0,0,0,0,0,0,0,1,0,0,0,1,0,0,0,1,0,0,0,0
66,1.0,17.66,19,13.99,0,2,0.88,0.0,1.0,0.0,0,0,0,0,0,1,0,0,0,0,1,0,0,1,0,0,0,0,0,0,0,1,0
48,2.0,12.66,45,17.99,1,1,0.28,0.0,1.0,0.0,0,0,0,0,1,0,0,0,0,1,0,0,0,0,0,1,0,0,1,0,0,0,0
40,2.0,1.85,46,17.99,1,1,0.04,0.0,1.0,0.0,0,0,0,1,0,0,0,0,1,0,0,0,1,0,0,0,1,0,0,0,0,0,0
69,2.0,36.48,33,17.99,0,3,1.07,1.0,0.0,0.0,0,0,1,0,0,0,0,1,0,0,0,0,0,1,0,0,0,0,0,1,0,0,0
22,1.0,1.42,37,13.99,1,2,0.04,0.0,0.0,1.0,0,0,0,1,0,0,0,0,0,0,1,0,0,0,1,0,0,0,0,0,0,0,1
67,0.0,10.31,14,8.99,0,1,0.69,0.0,0.0,1.0,0,0,1,0,0,0,0,0,0,0,1,0,0,0,0,1,1,0,0,0,0,0,0
36,2.0,8.8,10,17.99,0,2,0.8,1.0,0.0,0.0,0,0,0,0,1,0,0,0,1,0,0,0,0,1,0,0,0,1,0,0,0,0,0
65,2.0,6.18,36,17.99,1,3,0.17,1.0,0.0,0.0,0,0,1,0,0,0,0,1,0,0,0,0,1,0,0,0,0,0,0,1,0,0,0
57,2.0,28.19,10,17.99,0,1,2.56,0.0,0.0,1.0,0,0,1,0,0,0,0,0,0,0,1,0,0,1,0,0,0,0,0,0,0,1,0
23,2.0,4.23,14,17.99,0,5,0.28,0.0,1.0,0.0,0,0,0,0,0,1,1,0,0,0,0,1,0,0,0,0,0,0,1,0,0,0,0
54,2.0,4.93,3,17.99,0,1,1.23,0.0,1.0,0.0,0,1,0,0,0,0,0,0,0,1,0,0,1,0,0,0,0,0,1,0,0,0,0
58,2.0,1.21,24,17.99,0,5,0.05,1.0,0.0,0.0,0,1,0,0,0,0,0,0,0,0,1,0,0,1,0,0,0,0,0,0,0,1,0
44,0.0,18.32,52,8.99,1,5,0.35,0.0,0.0,1.0,0,0,0,0,1,0,0,0,0,0,1,0,1,0,0,0,0,1,0,0,0,0,0
60,1.0,12.7,35,13.99,0,5,0.35,0.0,0.0,1.0,1,0,0,0,0,0,0,1,0,0,0,1,0,0,0,0,0,0,0,1,0,0,0
65,1.0,47.81,11,13.99,0,4,3.98,1.0,0.0,0.0,1,0,0,0,0,0,1,0,0,0,0,0,1,0,0,0,1,0,0,0,0,0,0
59,0.0,2.63,42,8.99,1,2,0.06,1.0,0.0,0.0,0,0,0,1,0,0,0,0,1,0,0,0,0,0,1,0,0,0,0,1,0,0,0
41,2.0,5.18,33,17.99,1,1,0.15,1.0,0.0,0.0,0,0,0,0,0,1,0,1,0,0,0,0,0,0,1,0,1,0,0,0,0,0,0
64,0.0,6.99,11,8.99,0,1,0.58,1.0,0.0,0.0,0,0,0,0,1,0,0,0,0,0,1,0,1,0,0,0,0,0,0,0,0,0,1
32,0.0,0.49,4,8.99,1,2,0.1,0.0,0.0,1.0,0,0,0,1,0,0,1,0,0,0,0,0,0,0,1,0,0,0,1,0,0,0,0
27,2.0,11.61,21,17.99,0,4,0.53,0.0,0.0,1.0,0,0,1,0,0,0,0,1,0,0,0,1,0,0,0,0,0,0,0,0,1,0,0
48,2.0,17.58,33,17.99,0,2,0.52,1.0,0.0,0.0,0,0,1,0,0,0,0,1,0,0,0,0,1,0,0,0,0,0,0,0,0,0,1
49,0.0,18.37,1,8.99,0,2,9.19,1.0,0.0,0.0,0,0,0,1,0,0,0,1,0,0,0,0,0,0,0,1,0,0,0,1,0,0,0
47,0.0,1.71,56,8.99,1,3,0.03,0.0,0.0,1.0,0,0,0,0,1,0,0,0,0,1,0,0,1,0,0,0,0,1,0,0,0,0,0
61,0.0,9.33,51,8.99,1,4,0.18,0.0,0.0,1.0,0,0,0,0,1,0,1,0,0,0,0,0,0,0,1,0,0,0,0,0,0,1,0
54,1.0,4.28,36,13.99,1,4,0.12,1.0,0.0,0.0,0,0,1,0,0,0,0,1,0,0,0,0,0,0,0,1,0,0,0,0,0,1,0
25,2.0,13.12,47,17.99,1,5,0.27,0.0,1.0,0.0,0,1,0,0,0,0,0,0,1,0,0,0,1,0,0,0,0,0,0,1,0,0,0
58,0.0,21.67,45,8.99,0,4,0.47,1.0,0.0,0.0,0,0,1,0,0,0,0,0,0,1,0,0,0,1,0,0,0,0,0,0,0,0,1
49,2.0,27.9,38,17.99,0,1,0.72,0.0,0.0,1.0,1,0,0,0,0,0,0,1,0,0,0,0,0,1,0,0,0,0,1,0,0,0,0
47,0.0,5.91,53,8.99,1,2,0.11,0.0,0.0,1.0,0,0,0,1,0,0,1,0,0,0,0,1,0,0,0,0,0,0,0,0,0,0,1
23,0.0,25.79,55,8.99,1,2,0.46,1.0,0.0,0.0,0,1,0,0,0,0,0,0,0,0,1,0,0,1,0,0,1,0,0,0,0,0,0
26,0.0,25.49,35,8.99,0,3,0.71,0.0,1.0,0.0,0,0,0,0,0,1,0,0,1,0,0,0,1,0,0,0,0,0,0,0,0,1,0
26,1.0,4.87,59,13.99,1,3,0.08,0.0,1.0,0.0,0,0,0,0,1,0,0,0,1,0,0,1,0,0,0,0,1,0,0,0,0,0,0
28,2.0,17.1,28,17.99,0,4,0.59,0.0,0.0,1.0,1,0,0,0,0,0,0,0,0,1,0,0,0,1,0,0,1,0,0,0,0,0,0
64,1.0,0.91,44,13.99,1,3,0.02,1.0,0.0,0.0,0,0,0,0,0,1,0,0,0,1,0,0,0,1,0,0,0,0,0,0,1,0,0
58,0.0,26.03,26,8.99,0,5,0.96,1.0,0.0,0.0,0,0,0,0,0,1,1,0,0,0,0,0,0,0,1,0,0,0,0,0,1,0,0
40,2.0,11.57,11,17.99,0,3,0.96,1.0,0.0,0.0,0,0,0,0,0,1,0,1,0,0,0,0,0,1,0,0,0,0,1,0,0,0,0
22,0.0,11.84,40,8.99,1,1,0.29,0.0,0.0,1.0,1,0,0,0,0,0,0,0,0,1,0,0,0,1,0,0,1,0,0,0,0,0,0
36,0.0,21.08,27,8.99,0,2,0.75,0.0,0.0,1.0,1,0,0,0,0,0,0,0,1,0,0,0,0,1,0,0,1,0,0,0,0,0,0
46,1.0,0.96,46,13.99,1,4,0.02,0.0,0.0,1.0,0,0,0,0,1,0,1,0,0,0,0,0,0,0,0,1,0,0,0,0,0,0,1
62,1.0,24.45,13,13.99,0,3,1.75,1.0,0.0,0.0,1,0,0,0,0,0,0,1,0,0,0,1,0,0,0,0,0,0,1,0,0,0,0
37,0.0,7.72,31,8.99,1,5,0.24,0.0,0.0,1.0,0,0,0,0,0,1,0,0,0,1,0,0,1,0,0,0,0,1,0,0,0,0,0
45,0.0,0.7,25,8.99,1,5,0.03,0.0,0.0,1.0,1,0,0,0,0,0,1,0,0,0,0,0,1,0,0,0,1,0,0,0,0,0,0
54,1.0,12.34,32,13.99,1,3,0.37,1.0,0.0,0.0,0,1,0,0,0,0,1,0,0,0,0,0,0,0,1,0,0,0,0,0,0,0,1
32,1.0,1.89,24,13.99,1,1,0.08,0.0,1.0,0.0,0,0,1,0,0,0,0,0,0,1,0,1,0,0,0,0,0,0,0,0,0,1,0
30,0.0,11.4,50,8.99,1,5,0.22,1.0,0.0,0.0,0,1,0,0,0,0,1,0,0,0,0,0,0,1,0,0,0,0,0,0,0,1,0
18,2.0,2.75,5,17.99,1,1,0.46,0.0,1.0,0.0,0,1,0,0,0,0,0,0,0,1,0,0,1,0,0,0,0,0,0,1,0,0,0
18,1.0,3.54,45,13.99,1,5,0.08,0.0,0.0,1.0,0,0,0,0,1,0,0,0,1,0,0,0,0,1,0,0,0,0,0,0,1,0,0
48,0.0,39.47,32,8.99,0,4,1.2,0.0,0.0,1.0,0,0,1,0,0,0,1,0,0,0,0,0,1,0,0,0,1,0,0,0,0,0,0
64,0.0,7.82,34,8.99,1,2,0.22,1.0,0.0,0.0,0,0,0,1,0,0,0,0,1,0,0,0,0,1,0,0,0,1,0,0,0,0,0
67,2.0,4.01,55,17.99,1,4,0.07,1.0,0.0,0.0,0,0,0,0,0,1,0,1,0,0,0,0,0,1,0,0,0,0,0,1,0,0,0
30,0.0,5.42,43,8.99,1,4,0.12,0.0,1.0,0.0,1,0,0,0,0,0,0,0,0,0,1,0,0,0,1,0,0,0,0,1,0,0,0
45,2.0,17.85,57,17.99,1,3,0.31,0.0,1.0,0.0,0,0,1,0,0,0,1,0,0,0,0,0,1,0,0,0,0,0,0,0,0,0,1
28,1.0,3.57,60,13.99,1,4,0.06,0.0,1.0,0.0,0,0,0,1,0,0,0,0,1,0,0,0,1,0,0,0,0,0,0,0,1,0,0
46,1.0,0.86,23,13.99,0,4,0.04,0.0,1.0,0.0,0,1,0,0,0,0,0,0,0,0,1,0,0,1,0,0,0,0,0,0,1,0,0
45,0.0,15.8,57,8.99,1,1,0.27,1.0,0.0,0.0,0,0,0,0,1,0,0,0,1,0,0,1,0,0,0,0,0,0,1,0,0,0,0
25,1.0,10.36,52,13.99,0,4,0.2,1.0,0.0,0.0,1,0,0,0,0,0,0,0,1,0,0,1,0,0,0,0,0,0,0,0,1,0,0
42,1.0,7.51,28,13.99,0,1,0.26,0.0,0.0,1.0,0,0,1,0,0,0,0,1,0,0,0,0,0,0,1,0,0,0,1,0,0,0,0
33,0.0,2.36,10,8.99,1,3,0.21,0.0,0.0,1.0,1,0,0,0,0,0,0,0,1,0,0,0,0,0,0,1,1,0,0,0,0,0,0
44,0.0,9.35,56,8.99,1,5,0.16,1.0,0.0,0.0,1,0,0,0,0,0,0,0,0,0,1,0,1,0,0,0,0,0,0,0,0,0,1
19,1.0,18.18,48,13.99,1,3,0.37,1.0,0.0,0.0,0,1,0,0,0,0,0,0,0,1,0,0,0,0,1,0,0,0,0,0,0,1,0
43,0.0,11.02,47,8.99,1,4,0.23,1.0,0.0,0.0,0,0,0,0,1,0,0,0,0,1,0,0,1,0,0,0,0,0,0,0,0,1,0
32,1.0,7.07,21,13.99,0,1,0.32,1.0,0.0,0.0,0,1,0,0,0,0,1,0,0,0,0,0,1,0,0,0,0,0,0,0,1,0,0
35,2.0,8.44,47,17.99,1,4,0.18,1.0,0.0,0.0,0,1,0,0,0,0,0,1,0,0,0,0,1,0,0,0,0,0,0,0,0,0,1
66,1.0,26.72,35,13.99,0,5,0.74,0.0,1.0,0.0,0,0,0,0,1,0,0,0,0,1,0,0,0,0,0,1,0,0,0,1,0,0,0
68,1.0,1.45,27,13.99,0,5,0.05,1.0,0.0,0.0,0,0,0,1,0,0,1,0,0,0,0,0,0,1,0,0,0,0,0,0,0,1,0
46,0.0,0.04,2,8.99,1,4,0.01,0.0,0.0,1.0,0,0,0,0,0,1,0,0,0,0,1,1,0,0,0,0,1,0,0,0,0,0,0
20,2.0,3.26,32,17.99,1,2,0.1,0.0,1.0,0.0,0,0,1,0,0,0,0,0,1,0,0,0,0,0,0,1,1,0,0,0,0,0,0
33,1.0,4.63,0,13.99,0,1,4.63,0.0,1.0,0.0,0,0,1,0,0,0,0,0,0,1,0,0,0,1,0,0,0,0,0,0,0,0,1
63,2.0,6.24,17,17.99,0,1,0.35,1.0,0.0,0.0,0,0,0,1,0,0,0,0,0,0,1,0,0,0,0,1,0,0,0,1,0,0,0
33,0.0,21.02,45,8.99,1,1,0.46,0.0,1.0,0.0,0,1,0,0,0,0,1,0,0,0,0,0,0,0,1,0,0,0,0,1,0,0,0
40,1.0,1.46,44,13.99,1,3,0.03,0.0,0.0,1.0,0,0,1,0,0,0,0,1,0,0,0,1,0,0,0,0,0,0,1,0,0,0,0
66,0.0,7.42,22,8.99,1,1,0.32,0.0,1.0,0.0,1,0,0,0,0,0,1,0,0,0,0,0,0,0,0,1,0,0,1,0,0,0,0
44,0.0,9.89,39,8.99,1,4,0.25,1.0,0.0,0.0,0,1,0,0,0,0,0,0,1,0,0,0,0,0,1,0,0,0,0,0,0,0,1
41,0.0,19.1,2,8.99,0,1,6.37,0.0,0.0,1.0,0,0,1,0,0,0,0,0,1,0,0,0,0,0,0,1,0,0,0,0,0,0,1
67,1.0,5.78,47,13.99,1,3,0.12,1.0,0.0,0.0,1,0,0,0,0,0,1,0,0,0,0,0,0,1,0,0,1,0,0,0,0,0,0
29,2.0,5.97,2,17.99,0,4,1.99,1.0,0.0,0.0,0,0,1,0,0,0,0,0,0,0,1,0,0,0,0,1,1,0,0,0,0,0,0
34,1.0,0.22,52,13.99,1,4,0.0,1.0,0.0,0.0,0,0,0,0,1,0,0,0,0,0,1,0,0,0,0,1,0,0,1,0,0,0,0
23,1.0,20.75,51,13.99,0,4,0.4,0.0,0.0,1.0,0,1,0,0,0,0,1,0,0,0,0,1,0,0,0,0,0,0,1,0,0,0,0
44,0.0,3.53,56,8.99,1,1,0.06,0.0,0.0,1.0,0,0,0,1,0,0,1,0,0,0,0,0,1,0,0,0,0,1,0,0,0,0,0
62,0.0,7.6,38,8.99,1,1,0.19,0.0,1.0,0.0,0,0,0,0,1,0,0,1,0,0,0,0,0,0,0,1,0,0,0,0,0,1,0
49,0.0,11.25,9,8.99,0,1,1.12,0.0,1.0,0.0,0,0,0,0,0,1,0,0,1,0,0,0,0,1,0,0,1,0,0,0,0,0,0
68,1.0,35.61,40,13.99,0,4,0.87,0.0,0.0,1.0,0,0,0,0,0,1,1,0,0,0,0,0,0,1,0,0,0,0,1,0,0,0,0
20,2.0,9.92,25,17.99,0,2,0.38,1.0,0.0,0.0,0,0,0,1,0,0,1,0,0,0,0,0,0,0,1,0,0,0,0,0,0,0,1
28,2.0,0.12,9,17.99,1,2,0.01,1.0,0.0,0.0,0,0,1,0,0,0,0,0,0,1,0,0,1,0,0,0,0,0,0,0,0,1,0
53,1.0,52.23,7,13.99,0,3,6.53,0.0,0.0,1.0,0,0,0,0,1,0,1,0,0,0,0,0,0,0,0,1,0,0,0,1,0,0,0
29,1.0,11.46,54,13.99,1,4,0.21,0.0,1.0,0.0,0,0,0,1,0,0,0,1,0,0,0,0,0,0,1,0,0,0,0,1,0,0,0
33,2.0,13.95,53,17.99,0,4,0.26,0.0,1.0,0.0,0,0,0,1,0,0,0,1,0,0,0,1,0,0,0,0,0,0,0,0,1,0,0
57,0.0,24.97,53,8.99,1,5,0.46,1.0,0.0,0.0,0,1,0,0,0,0,0,0,0,1,0,0,0,0,1,0,0,0,0,0,1,0,0
42,2.0,18.09,10,17.99,0,2,1.64,0.0,1.0,0.0,0,0,0,0,0,1,0,0,0,1,0,0,0,1,0,0,0,0,0,0,1,0,0
27,1.0,33.25,34,13.99,0,3,0.95,1.0,0.0,0.0,0,0,0,0,0,1,0,1,0,0,0,0,0,1,0,0,0,0,1,0,0,0,0
18,1.0,3.62,20,13.99,1,1,0.17,0.0,1.0,0.0,0,0,0,0,0,1,0,0,0,0,1,0,0,0,1,0,0,0,0,0,0,0,1
53,2.0,1.62,60,17.99,1,3,0.03,1.0,0.0,0.0,1,0,0,0,0,0,0,0,0,1,0,0,0,1,0,0,0,0,0,1,0,0,0
41,2.0,7.53,28,17.99,0,2,0.26,1.0,0.0,0.0,0,0,0,0,1,0,1,0,0,0,0,0,0,1,0,0,0,1,0,0,0,0,0
35,0.0,5.07,41,8.99,1,2,0.12,0.0,1.0,0.0,0,0,0,0,0,1,0,0,0,1,0,0,0,1,0,0,0,0,0,0,1,0,0
69,2.0,36.44,10,17.99,0,4,3.31,0.0,1.0,0.0,0,0,0,1,0,0,0,1,0,0,0,0,0,1,0,0,0,0,1,0,0,0,0
53,2.0,6.61,54,17.99,1,2,0.12,0.0,1.0,0.0,0,0,1,0,0,0,0,1,0,0,0,0,0,0,0,1,0,1,0,0,0,0,0
51,2.0,35.22,53,17.99,0,5,0.65,1.0,0.0,0.0,0,1,0,0,0,0,0,1,0,0,0,0,0,0,0,1,0,0,1,0,0,0,0
67,2.0,27.23,45,17.99,0,2,0.59,0.0,1.0,0.0,0,0,0,0,1,0,0,0,1,0,0,0,0,0,0,1,0,0,1,0,0,0,0
38,2.0,20.14,40,17.99,0,3,0.49,1.0,0.0,0.0,1,0,0,0,0,0,1,0,0,0,0,0,0,0,0,1,0,0,0,1,0,0,0
29,0.0,11.32,48,8.99,1,2,0.23,0.0,1.0,0.0,1,0,0,0,0,0,0,0,0,1,0,1,0,0,0,0,0,0,0,0,0,0,1
34,2.0,1.92,44,17.99,1,2,0.04,0.0,0.0,1.0,0,0,0,0,0,1,0,0,0,1,0,0,0,0,1,0,0,0,1,0,0,0,0
18,2.0,0.82,59,17.99,1,3,0.01,1.0,0.0,0.0,0,0,0,0,0,1,0,0,0,0,1,0,0,0,0,1,1,0,0,0,0,0,0
28,1.0,6.72,15,13.99,0,5,0.42,1.0,0.0,0.0,0,0,0,1,0,0,1,0,0,0,0,0,0,0,0,1,0,1,0,0,0,0,0
57,2.0,12.51,4,17.99,0,2,2.5,1.0,0.0,0.0,1,0,0,0,0,0,0,0,0,1,0,0,0,0,1,0,0,0,1,0,0,0,0
34,2.0,16.67,11,17.99,0,1,1.39,0.0,0.0,1.0,0,1,0,0,0,0,0,0,0,0,1,0,1,0,0,0,1,0,0,0,0,0,0
32,1.0,15.29,23,13.99,0,5,0.64,0.0,1.0,0.0,0,1,0,0,0,0,0,0,0,0,1,1,0,0,0,0,0,0,1,0,0,0,0
60,2.0,1.09,6,17.99,1,1,0.16,1.0,0.0,0.0,0,0,0,0,0,1,0,1,0,0,0,1,0,0,0,0,0,0,0,0,1,0,0
21,0.0,17.28,18,8.99,0,4,0.91,1.0,0.0,0.0,1,0,0,0,0,0,0,0,1,0,0,0,0,0,0,1,0,0,1,0,0,0,0
70,2.0,5.52,29,17.99,0,4,0.18,0.0,0.0,1.0,0,0,0,0,0,1,1,0,0,0,0,0,1,0,0,0,0,0,1,0,0,0,0
69,0.0,22.17,51,8.99,1,2,0.43,0.0,0.0,1.0,0,0,1,0,0,0,0,1,0,0,0,0,0,0,1,0,0,0,0,1,0,0,0
36,2.0,0.98,55,17.99,1,2,0.02,0.0,1.0,0.0,0,0,0,0,1,0,0,0,1,0,0,0,0,1,0,0,0,1,0,0,0,0,0
70,0.0,61.47,7,8.99,0,1,7.68,0.0,0.0,1.0,0,0,1,0,0,0,0,0,1,0,0,0,0,0,0,1,0,0,0,0,0,1,0
22,0.0,20.87,45,8.99,1,1,0.45,0.0,1.0,0.0,0,0,0,0,1,0,0,0,0,0,1,0,0,0,0,1,0,0,0,1,0,0,0
52,0.0,3.59,42,8.99,1,4,0.08,1.0,0.0,0.0,1,0,0,0,0,0,0,0,0,1,0,0,0,0,1,0,0,0,0,0,0,0,1
19,1.0,8.85,20,13.99,0,4,0.42,1.0,0.0,0.0,0,0,0,0,1,0,0,1,0,0,0,0,0,0,0,1,0,0,0,1,0,0,0
42,0.0,7.09,21,8.99,1,1,0.32,0.0,1.0,0.0,1,0,0,0,0,0,0,0,0,1,0,0,0,1,0,0,1,0,0,0,0,0,0
35,0.0,1.21,4,8.99,1,2,0.24,0.0,0.0,1.0,0,0,0,0,1,0,1,0,0,0,0,0,0,0,1,0,1,0,0,0,0,0,0
18,1.0,2.26,48,13.99,1,1,0.05,1.0,0.0,0.0,1,0,0,0,0,0,1,0,0,0,0,0,0,0,0,1,1,0,0,0,0,0,0
21,2.0,16.71,12,17.99,0,3,1.29,0.0,0.0,1.0,0,0,0,1,0,0,1,0,0,0,0,1,0,0,0,0,0,0,0,0,0,0,1
57,0.0,2.89,27,8.99,1,4,0.1,0.0,1.0,0.0,1,0,0,0,0,0,0,0,1,0,0,0,0,0,0,1,0,0,0,0,1,0,0
38,0.0,3.08,53,8.99,1,2,0.06,1.0,0.0,0.0,0,0,0,1,0,0,1,0,0,0,0,0,0,0,1,0,0,1,0,0,0,0,0
50,2.0,7.44,32,17.99,0,4,0.23,0.0,0.0,1.0,0,0,0,0,0,1,0,0,0,0,1,1,0,0,0,0,0,1,0,0,0,0,0
57,1.0,18.93,42,13.99,1,5,0.44,0.0,1.0,0.0,1,0,0,0,0,0,0,0,0,1,0,0,0,0,1,0,0,0,0,0,0,1,0
65,2.0,9.71,47,17.99,0,4,0.2,0.0,0.0,1.0,1,0,0,0,0,0,1,0,0,0,0,0,0,0,0,1,0,0,1,0,0,0,0
29,2.0,1.61,59,17.99,1,2,0.03,0.0,1.0,0.0,0,0,0,1,0,0,1,0,0,0,0,1,0,0,0,0,0,0,0,0,1,0,0
62,2.0,4.2,37,17.99,1,1,0.11,1.0,0.0,0.0,1,0,0,0,0,0,0,1,0,0,0,0,1,0,0,0,0,1,0,0,0,0,0
58,0.0,15.24,16,8.99,0,5,0.9,0.0,0.0,1.0,0,1,0,0,0,0,0,0,0,0,1,0,1,0,0,0,0,1,0,0,0,0,0
50,2.0,5.93,51,17.99,1,1,0.11,0.0,1.0,0.0,0,1,0,0,0,0,1,0,0,0,0,0,1,0,0,0,0,0,0,0,1,0,0
28,1.0,9.61,50,13.99,1,4,0.19,0.0,0.0,1.0,0,0,0,1,0,0,0,0,1,0,0,0,1,0,0,0,0,0,0,1,0,0,0
49,1.0,17.61,60,13.99,1,1,0.29,1.0,0.0,0.0,0,0,0,0,0,1,0,1,0,0,0,0,0,0,0,1,0,0,0,0,0,0,1
25,0.0,5.49,41,8.99,1,3,0.13,1.0,0.0,0.0,0,0,0,0,1,0,1,0,0,0,0,0,0,1,0,0,0,0,1,0,0,0,0
40,1.0,7.66,57,13.99,1,1,0.13,1.0,0.0,0.0,0,1,0,0,0,0,1,0,0,0,0,0,1,0,0,0,1,0,0,0,0,0,0
29,1.0,4.88,39,13.99,1,4,0.12,1.0,0.0,0.0,0,0,0,0,1,0,0,0,1,0,0,1,0,0,0,0,0,0,0,0,1,0,0
43,1.0,12.58,16,13.99,0,4,0.74,1.0,0.0,0.0,0,0,0,0,1,0,1,0,0,0,0,1,0,0,0,0,0,0,0,0,1,0,0
69,2.0,26.07,5,17.99,0,1,4.34,0.0,0.0,1.0,0,0,0,0,1,0,0,1,0,0,0,0,0,0,0,1,0,0,0,0,0,1,0
37,2.0,14.54,22,17.99,0,2,0.63,0.0,0.0,1.0,0,0,0,1,0,0,0,0,0,0,1,0,0,1,0,0,0,0,0,1,0,0,0
31,0.0,9.44,46,8.99,1,2,0.2,1.0,0.0,0.0,0,1,0,0,0,0,0,0,0,0,1,0,0,0,0,1,1,0,0,0,0,0,0
27,0.0,5.84,42,8.99,1,1,0.14,0.0,0.0,1.0,0,0,1,0,0,0,0,0,1,0,0,0,1,0,0,0,0,0,0,0,1,0,0
65,2.0,0.74,20,17.99,1,3,0.04,0.0,1.0,0.0,0,0,1,0,0,0,0,1,0,0,0,0,0,1,0,0,0,0,0,0,0,0,1
29,0.0,12.37,44,8.99,1,3,0.27,1.0,0.0,0.0,0,0,0,0,1,0,0,0,1,0,0,0,0,0,1,0,0,0,0,1,0,0,0
63,1.0,5.16,53,13.99,0,5,0.1,0.0,1.0,0.0,0,0,0,1,0,0,1,0,0,0,0,0,0,1,0,0,0,0,0,0,0,1,0
54,2.0,14.52,24,17.99,0,2,0.58,1.0,0.0,0.0,1,0,0,0,0,0,0,0,0,1,0,0,0,1,0,0,0,0,0,0,0,0,1
27,0.0,6.11,35,8.99,1,3,0.17,0.0,1.0,0.0,0,1,0,0,0,0,0,0,1,0,0,1,0,0,0,0,0,0,0,0,0,0,1
70,0.0,11.19,40,8.99,1,2,0.27,0.0,1.0,0.0,0,0,1,0,0,0,0,0,0,1,0,0,0,0,0,1,1,0,0,0,0,0,0
31,1.0,0.67,22,13.99,1,5,0.03,0.0,0.0,1.0,0,0,0,0,1,0,0,0,0,1,0,0,0,0,1,0,0,0,0,1,0,0,0
36,1.0,12.66,34,13.99,1,1,0.36,0.0,1.0,0.0,0,0,0,1,0,0,1,0,0,0,0,0,0,0,0,1,0,0,1,0,0,0,0
19,2.0,5.04,22,17.99,0,1,0.22,0.0,1.0,0.0,0,0,1,0,0,0,1,0,0,0,0,0,0,1,0,0,1,0,0,0,0,0,0
47,2.0,1.75,12,17.99,0,5,0.13,0.0,1.0,0.0,0,0,1,0,0,0,1,0,0,0,0,1,0,0,0,0,0,0,0,1,0,0,0
20,0.0,26.06,1,8.99,0,1,13.03,0.0,0.0,1.0,0,0,1,0,0,0,0,0,1,0,0,0,0,1,0,0,0,0,0,0,0,0,1
56,0.0,30.55,11,8.99,0,1,2.55,0.0,0.0,1.0,1,0,0,0,0,0,0,0,0,1,0,1,0,0,0,0,0,1,0,0,0,0,0
48,0.0,13.29,45,8.99,1,2,0.29,0.0,1.0,0.0,0,0,0,0,1,0,0,0,0,0,1,0,0,1,0,0,0,0,0,0,0,1,0
48,0.0,19.86,26,8.99,0,5,0.74,1.0,0.0,0.0,0,0,1,0,0,0,1,0,0,0,0,0,0,1,0,0,0,0,0,0,0,0,1
64,1.0,7.4,49,13.99,1,2,0.15,1.0,0.0,0.0,1,0,0,0,0,0,1,0,0,0,0,0,1,0,0,0,0,0,0,0,1,0,0
25,1.0,5.73,37,13.99,1,1,0.15,0.0,1.0,0.0,1,0,0,0,0,0,0,1,0,0,0,0,0,1,0,0,0,0,1,0,0,0,0
48,2.0,1.84,9,17.99,1,2,0.18,1.0,0.0,0.0,0,0,0,1,0,0,0,1,0,0,0,0,1,0,0,0,0,1,0,0,0,0,0
50,1.0,4.36,9,13.99,1,2,0.44,0.0,0.0,1.0,0,1,0,0,0,0,0,0,0,0,1,0,0,0,0,1,1,0,0,0,0,0,0
38,1.0,0.08,35,13.99,1,1,0.0,0.0,0.0,1.0,0,0,1,0,0,0,0,1,0,0,0,0,0,0,1,0,0,1,0,0,0,0,0
46,2.0,10.11,52,17.99,1,1,0.19,0.0,1.0,0.0,0,0,0,0,0,1,0,0,0,0,1,1,0,0,0,0,0,0,1,0,0,0,0
18,2.0,12.72,15,17.99,0,1,0.8,0.0,0.0,1.0,0,0,1,0,0,0,0,0,0,0,1,0,0,1,0,0,1,0,0,0,0,0,0
30,1.0,15.45,11,13.99,0,1,1.29,1.0,0.0,0.0,0,0,1,0,0,0,0,0,1,0,0,1,0,0,0,0,0,0,0,0,0,0,1
48,2.0,2.84,35,17.99,1,2,0.08,0.0,1.0,0.0,0,0,0,1,0,0,1,0,0,0,0,0,0,1,0,0,1,0,0,0,0,0,0
22,0.0,4.64,30,8.99,1,3,0.15,0.0,1.0,0.0,0,0,1,0,0,0,0,0,0,1,0,0,1,0,0,0,0,0,0,0,0,0,1
36,2.0,11.69,23,17.99,0,3,0.49,0.0,1.0,0.0,0,1,0,0,0,0,0,0,0,1,0,0,0,0,1,0,0,0,0,1,0,0,0
42,1.0,14.09,57,13.99,0,4,0.24,0.0,0.0,1.0,1,0,0,0,0,0,0,0,1,0,0,0,0,1,0,0,1,0,0,0,0,0,0
48,1.0,49.33,37,13.99,0,3,1.3,1.0,0.0,0.0,0,0,1,0,0,0,0,0,1,0,0,1,0,0,0,0,1,0,0,0,0,0,0
30,1.0,3.17,24,13.99,0,5,0.13,0.0,1.0,0.0,0,0,0,0,1,0,0,0,0,0,1,0,0,0,0,1,0,1,0,0,0,0,0
35,0.0,6.03,42,8.99,1,3,0.14,1.0,0.0,0.0,0,0,1,0,0,0,0,0,1,0,0,1,0,0,0,0,0,0,0,1,0,0,0
29,1.0,1.6,7,13.99,0,4,0.2,0.0,0.0,1.0,0,1,0,0,0,0,0,0,0,0,1,0,0,1,0,0,0,0,0,0,0,0,1
42,2.0,9.19,5,17.99,0,5,1.53,0.0,0.0,1.0,0,0,0,0,0,1,0,0,1,0,0,0,0,0,0,1,0,0,0,0,1,0,0
20,0.0,16.96,53,8.99,1,1,0.31,0.0,1.0,0.0,0,0,0,1,0,0,0,0,0,0,1,0,0,0,1,0,1,0,0,0,0,0,0
44,0.0,1.06,37,8.99,1,1,0.03,0.0,0.0,1.0,0,1,0,0,0,0,1,0,0,0,0,0,1,0,0,0,0,1,0,0,0,0,0
54,1.0,6.61,26,13.99,0,3,0.24,1.0,0.0,0.0,0,0,0,0,1,0,0,0,0,0,1,0,0,0,1,0,1,0,0,0,0,0,0
66,2.0,20.01,30,17.99,0,2,0.65,1.0,0.0,0.0,1,0,0,0,0,0,0,0,0,0,1,0,0,0,0,1,0,0,0,0,1,0,0
60,0.0,9.99,34,8.99,1,3,0.29,0.0,0.0,1.0,0,0,1,0,0,0,0,0,0,1,0,0,0,0,0,1,0,0,0,1,0,0,0
21,2.0,8.53,36,17.99,1,4,0.23,0.0,0.0,1.0,0,0,1,0,0,0,0,1,0,0,0,0,1,0,0,0,0,0,0,0,0,1,0
51,2.0,4.9,23,17.99,1,5,0.2,1.0,0.0,0.0,0,0,0,0,1,0,1,0,0,0,0,0,0,0,1,0,0,1,0,0,0,0,0
41,1.0,8.6,47,13.99,1,2,0.18,0.0,1.0,0.0,1,0,0,0,0,0,0,0,1,0,0,0,0,0,0,1,1,0,0,0,0,0,0
36,2.0,13.68,3,17.99,0,3,3.42,0.0,1.0,0.0,0,0,0,0,0,1,0,0,0,0,1,0,1,0,0,0,0,1,0,0,0,0,0
36,2.0,7.25,36,17.99,0,5,0.2,0.0,1.0,0.0,0,0,0,0,1,0,0,0,0,0,1,1,0,0,0,0,0,1,0,0,0,0,0
54,2.0,2.28,47,17.99,1,3,0.05,0.0,1.0,0.0,0,1,0,0,0,0,0,0,0,0,1,0,1,0,0,0,0,0,0,1,0,0,0
31,1.0,18.09,34,13.99,0,4,0.52,0.0,0.0,1.0,0,0,1,0,0,0,0,0,0,1,0,0,0,0,1,0,1,0,0,0,0,0,0
64,2.0,9.37,16,17.99,0,5,0.55,1.0,0.0,0.0,0,0,0,0,0,1,0,0,0,0,1,0,1,0,0,0,0,0,0,1,0,0,0
55,0.0,11.36,0,8.99,0,4,11.36,1.0,0.0,0.0,0,0,0,1,0,0,0,1,0,0,0,0,0,0,0,1,0,1,0,0,0,0,0
51,0.0,6.21,40,8.99,1,5,0.15,1.0,0.0,0.0,0,0,0,0,0,1,0,0,0,1,0,0,0,1,0,0,0,0,0,0,0,0,1
66,2.0,1.37,36,17.99,1,5,0.04,1.0,0.0,0.0,0,0,0,1,0,0,1,0,0,0,0,0,0,0,0,1,1,0,0,0,0,0,0
57,1.0,8.27,59,13.99,0,4,0.14,0.0,1.0,0.0,0,0,1,0,0,0,1,0,0,0,0,0,0,1,0,0,0,0,0,0,0,1,0
68,1.0,26.58,36,13.99,0,4,0.72,1.0,0.0,0.0,0,0,0,0,1,0,1,0,0,0,0,0,0,1,0,0,0,0,0,0,0,1,0
31,0.0,9.11,51,8.99,1,3,0.18,1.0,0.0,0.0,0,0,0,0,0,1,0,1,0,0,0,0,0,0,0,1,0,1,0,0,0,0,0
39,2.0,12.34,30,17.99,0,5,0.4,0.0,0.0,1.0,1,0,0,0,0,0,0,0,0,1,0,0,0,1,0,0,0,1,0,0,0,0,0
31,0.0,6.71,7,8.99,0,5,0.84,1.0,0.0,0.0,0,0,0,0,0,1,0,0,0,0,1,0,1,0,0,0,0,0,0,0,0,0,1
63,1.0,8.51,55,13.99,1,4,0.15,0.0,1.0,0.0,0,0,0,0,0,1,0,1,0,0,0,0,0,0,1,0,0,0,0,0,0,0,1
46,0.0,6.75,37,8.99,1,2,0.18,1.0,0.0,0.0,0,0,0,0,0,1,1,0,0,0,0,0,0,0,1,0,0,1,0,0,0,0,0
22,1.0,7.67,53,13.99,1,3,0.14,0.0,1.0,0.0,0,0,0,0,0,1,0,0,0,1,0,0,1,0,0,0,0,0,1,0,0,0,0
59,2.0,16.6,23,17.99,0,3,0.69,0.0,0.0,1.0,0,1,0,0,0,0,0,1,0,0,0,0,1,0,0,0,0,0,0,1,0,0,0
36,1.0,22.11,6,13.99,0,4,3.16,1.0,0.0,0.0,0,0,1,0,0,0,0,1,0,0,0,1,0,0,0,0,1,0,0,0,0,0,0
55,2.0,0.44,27,17.99,1,3,0.02,0.0,0.0,1.0,0,0,0,0,1,0,0,0,0,1,0,0,1,0,0,0,0,0,0,1,0,0,0
58,0.0,37.24,8,8.99,0,3,4.14,0.0,0.0,1.0,0,0,1,0,0,0,0,0,0,1,0,0,0,0,1,0,0,0,0,0,0,1,0
57,0.0,10.24,19,8.99,0,2,0.51,0.0,0.0,1.0,1,0,0,0,0,0,0,0,0,1,0,0,0,0,0,1,0,1,0,0,0,0,0
67,2.0,28.86,1,17.99,0,2,14.43,0.0,0.0,1.0,0,0,0,0,0,1,0,1,0,0,0,0,0,0,1,0,0,0,0,1,0,0,0
54,0.0,25.24,43,8.99,0,5,0.57,0.0,1.0,0.0,0,0,0,0,0,1,0,0,0,1,0,0,0,1,0,0,0,1,0,0,0,0,0
46,2.0,1.48,10,17.99,0,4,0.13,0.0,1.0,0.0,0,1,0,0,0,0,0,0,0,0,1,1,0,0,0,0,0,0,0,0,0,1,0
37,1.0,5.43,46,13.99,0,5,0.12,0.0,1.0,0.0,1,0,0,0,0,0,0,0,0,1,0,0,0,0,0,1,0,0,1,0,0,0,0
60,0.0,6.84,40,8.99,1,2,0.17,0.0,0.0,1.0,0,0,0,1,0,0,0,0,0,0,1,0,1,0,0,0,0,0,0,0,0,0,1
61,2.0,1.3,44,17.99,1,5,0.03,1.0,0.0,0.0,0,0,0,1,0,0,0,0,1,0,0,0,0,0,0,1,0,0,0,0,0,1,0
59,1.0,17.33,59,13.99,0,5,0.29,0.0,1.0,0.0,0,0,0,0,1,0,0,0,0,1,0,0,0,1,0,0,0,1,0,0,0,0,0
20,0.0,0.61,3,8.99,1,3,0.15,0.0,1.0,0.0,0,1,0,0,0,0,0,1,0,0,0,0,0,0,0,1,0,0,1,0,0,0,0
47,2.0,2.2,39,17.99,1,2,0.06,1.0,0.0,0.0,0,0,0,0,1,0,0,0,0,1,0,0,0,1,0,0,0,1,0,0,0,0,0
69,0.0,5.31,52,8.99,1,4,0.1,0.0,1.0,0.0,0,0,0,0,0,1,0,0,1,0,0,0,0,0,0,1,1,0,0,0,0,0,0
65,1.0,28.56,18,13.99,0,4,1.5,0.0,0.0,1.0,1,0,0,0,0,0,0,1,0,0,0,0,1,0,0,0,0,0,1,0,0,0,0
58,2.0,16.33,43,17.99,1,1,0.37,1.0,0.0,0.0,0,0,1,0,0,0,0,1,0,0,0,0,0,0,1,0,0,1,0,0,0,0,0
36,0.0,5.39,4,8.99,0,2,1.08,0.0,0.0,1.0,0,1,0,0,0,0,0,0,0,0,1,0,0,1,0,0,0,0,0,1,0,0,0
32,2.0,9.15,58,17.99,1,2,0.16,0.0,0.0,1.0,0,0,1,0,0,0,0,0,0,0,1,1,0,0,0,0,0,0,0,0,0,1,0
63,1.0,1.77,56,13.99,1,5,0.03,0.0,0.0,1.0,0,0,0,1,0,0,0,0,1,0,0,0,0,1,0,0,0,0,0,0,1,0,0
67,0.0,25.25,25,8.99,0,3,0.97,0.0,0.0,1.0,0,1,0,0,0,0,0,0,0,1,0,0,0,1,0,0,0,1,0,0,0,0,0
43,0.0,15.64,8,8.99,0,1,1.74,1.0,0.0,0.0,0,0,0,0,1,0,0,0,1,0,0,0,0,1,0,0,1,0,0,0,0,0,0
52,0.0,5.56,48,8.99,1,1,0.11,0.0,0.0,1.0,1,0,0,0,0,0,1,0,0,0,0,0,0,0,0,1,0,0,0,0,0,1,0
57,1.0,35.52,12,13.99,0,4,2.73,0.0,0.0,1.0,0,0,0,0,1,0,0,0,1,0,0,0,0,1,0,0,0,1,0,0,0,0,0
21,2.0,6.27,53,17.99,1,5,0.12,0.0,0.0,1.0,0,0,0,1,0,0,1,0,0,0,0,0,1,0,0,0,0,0,0,0,0,1,0
56,2.0,9.96,51,17.99,1,3,0.19,0.0,0.0,1.0,0,0,0,0,1,0,0,0,0,0,1,0,0,0,1,0,0,0,0,1,0,0,0
64,1.0,0.02,36,13.99,1,3,0.0,1.0,0.0,0.0,0,0,0,0,0,1,0,0,0,1,0,0,0,0,1,0,0,0,1,0,0,0,0
54,0.0,20.0,45,8.99,1,2,0.43,0.0,1.0,0.0,0,0,1,0,0,0,1,0,0,0,0,1,0,0,0,0,0,0,0,0,0,1,0
62,2.0,3.99,25,17.99,1,5,0.15,1.0,0.0,0.0,0,0,0,0,0,1,0,0,0,1,0,0,1,0,0,0,0,0,1,0,0,0,0
63,1.0,2.31,29,13.99,1,2,0.08,0.0,1.0,0.0,0,0,0,0,1,0,0,1,0,0,0,0,0,0,1,0,0,0,0,0,0,1,0
69,1.0,10.33,42,13.99,1,3,0.24,1.0,0.0,0.0,0,0,1,0,0,0,0,0,0,0,1,0,0,1,0,0,1,0,0,0,0,0,0
38,2.0,0.55,3,17.99,1,1,0.14,0.0,0.0,1.0,1,0,0,0,0,0,1,0,0,0,0,0,0,1,0,0,0,0,1,0,0,0,0
69,1.0,9.14,48,13.99,0,5,0.19,1.0,0.0,0.0,0,0,0,0,0,1,0,1,0,0,0,0,0,1,0,0,1,0,0,0,0,0,0
18,0.0,4.37,46,8.99,1,1,0.09,1.0,0.0,0.0,0,0,1,0,0,0,0,0,0,1,0,0,0,0,0,1,1,0,0,0,0,0,0
26,1.0,10.42,28,13.99,0,1,0.36,0.0,1.0,0.0,0,0,0,0,0,1,0,1,0,0,0,0,1,0,0,0,0,1,0,0,0,0,0
44,1.0,3.08,58,13.99,1,1,0.05,1.0,0.0,0.0,0,1,0,0,0,0,0,0,0,1,0,0,0,0,0,1,0,0,0,0,0,1,0
43,1.0,1.86,52,13.99,1,3,0.04,1.0,0.0,0.0,0,1,0,0,0,0,0,0,0,0,1,0,0,0,1,0,0,1,0,0,0,0,0
39,1.0,6.5,12,13.99,0,4,0.5,1.0,0.0,0.0,0,1,0,0,0,0,0,0,0,0,1,0,1,0,0,0,0,0,0,0,0,0,1
70,0.0,9.65,12,8.99,0,5,0.74,0.0,0.0,1.0,0,0,0,1,0,0,1,0,0,0,0,0,1,0,0,0,0,0,1,0,0,0,0
19,2.0,0.1,24,17.99,0,5,0.0,1.0,0.0,0.0,1,0,0,0,0,0,0,0,1,0,0,0,0,1,0,0,0,0,0,0,0,0,1
23,2.0,33.47,29,17.99,0,3,1.12,0.0,0.0,1.0,0,0,1,0,0,0,0,1,0,0,0,0,0,0,0,1,0,0,0,0,0,1,0
39,2.0,4.67,9,17.99,1,3,0.47,1.0,0.0,0.0,0,0,0,0,1,0,0,0,0,1,0,0,1,0,0,0,0,0,0,0,0,0,1
19,2.0,1.73,22,17.99,1,3,0.08,1.0,0.0,0.0,0,0,0,0,1,0,0,1,0,0,0,1,0,0,0,0,0,0,0,0,0,0,1
30,0.0,0.25,29,8.99,1,2,0.01,0.0,1.0,0.0,0,0,1,0,0,0,0,0,0,0,1,0,0,0,1,0,0,1,0,0,0,0,0
22,2.0,17.65,9,17.99,0,2,1.76,0.0,0.0,1.0,1,0,0,0,0,0,0,0,0,1,0,0,0,0,0,1,0,0,0,1,0,0,0
56,1.0,0.49,44,13.99,1,3,0.01,0.0,1.0,0.0,0,0,1,0,0,0,0,0,0,1,0,0,0,0,1,0,0,0,0,0,0,1,0
61,1.0,83.55,25,13.99,0,5,3.21,0.0,1.0,0.0,0,0,0,0,0,1,1,0,0,0,0,0,0,1,0,0,0,0,0,0,0,1,0
24,0.0,1.25,27,8.99,1,2,0.04,0.0,0.0,1.0,0,0,0,0,0,1,1,0,0,0,0,1,0,0,0,0,1,0,0,0,0,0,0
26,0.0,11.36,22,8.99,0,2,0.49,1.0,0.0,0.0,1,0,0,0,0,0,0,1,0,0,0,0,0,0,0,1,0,0,0,0,1,0,0
47,1.0,19.9,31,13.99,0,2,0.62,0.0,0.0,1.0,0,0,0,0,0,1,0,0,0,0,1,0,0,0,0,1,0,0,0,0,0,1,0
66,1.0,4.41,48,13.99,1,5,0.09,0.0,0.0,1.0,0,1,0,0,0,0,0,0,1,0,0,0,0,0,1,0,0,0,0,0,0,0,1
36,1.0,9.16,47,13.99,1,5,0.19,1.0,0.0,0.0,0,0,0,0,0,1,1,0,0,0,0,0,1,0,0,0,1,0,0,0,0,0,0
49,1.0,15.37,34,13.99,0,5,0.44,0.0,1.0,0.0,0,0,1,0,0,0,0,1,0,0,0,0,0,0,0,1,1,0,0,0,0,0,0
69,1.0,4.56,37,13.99,1,2,0.12,1.0,0.0,0.0,0,0,0,0,0,1,0,0,0,1,0,0,0,0,0,1,0,0,0,1,0,0,0
18,0.0,7.65,49,8.99,1,1,0.15,1.0,0.0,0.0,0,0,1,0,0,0,1,0,0,0,0,0,0,1,0,0,0,0,0,1,0,0,0
29,1.0,6.87,27,13.99,0,4,0.25,1.0,0.0,0.0,1,0,0,0,0,0,0,0,0,0,1,0,0,0,1,0,0,0,0,0,0,1,0
49,1.0,30.07,34,13.99,0,4,0.86,1.0,0.0,0.0,0,1,0,0,0,0,0,0,0,1,0,0,0,1,0,0,0,0,0,0,0,0,1
20,2.0,25.68,3,17.99,0,5,6.42,0.0,0.0,1.0,0,1,0,0,0,0,0,1,0,0,0,1,0,0,0,0,0,1,0,0,0,0,0
70,0.0,2.22,12,8.99,1,3,0.17,0.0,1.0,0.0,0,1,0,0,0,0,0,1,0,0,0,0,0,0,0,1,0,0,0,0,0,1,0
26,2.0,13.17,37,17.99,0,4,0.35,0.0,1.0,0.0,0,0,0,0,0,1,0,0,0,0,1,1,0,0,0,0,1,0,0,0,0,0,0
65,1.0,13.88,57,13.99,1,5,0.24,1.0,0.0,0.0,0,0,0,0,1,0,0,1,0,0,0,0,1,0,0,0,0,1,0,0,0,0,0
53,1.0,1.55,30,13.99,1,3,0.05,0.0,0.0,1.0,0,1,0,0,0,0,0,1,0,0,0,1,0,0,0,0,0,0,1,0,0,0,0
33,1.0,11.4,42,13.99,1,4,0.27,0.0,0.0,1.0,0,0,0,1,0,0,1,0,0,0,0,0,1,0,0,0,1,0,0,0,0,0,0
33,1.0,6.6,55,13.99,1,2,0.12,0.0,1.0,0.0,0,0,1,0,0,0,1,0,0,0,0,0,0,0,1,0,0,0,1,0,0,0,0
19,2.0,8.29,28,17.99,0,5,0.29,1.0,0.0,0.0,0,0,1,0,0,0,0,0,0,1,0,0,1,0,0,0,0,0,0,1,0,0,0
58,1.0,4.38,25,13.99,1,1,0.17,0.0,1.0,0.0,1,0,0,0,0,0,0,0,0,0,1,1,0,0,0,0,0,0,0,0,0,1,0
63,0.0,14.16,45,8.99,1,4,0.31,0.0,0.0,1.0,0,0,1,0,0,0,0,1,0,0,0,1,0,0,0,0,0,0,0,0,0,1,0
50,1.0,23.31,5,13.99,0,1,3.88,1.0,0.0,0.0,0,0,0,0,0,1,0,0,0,0,1,1,0,0,0,0,1,0,0,0,0,0,0
43,2.0,4.96,34,17.99,1,3,0.14,0.0,0.0,1.0,0,0,1,0,0,0,0,0,0,1,0,0,1,0,0,0,0,0,1,0,0,0,0
46,1.0,18.14,45,13.99,1,2,0.39,0.0,1.0,0.0,0,0,1,0,0,0,1,0,0,0,0,1,0,0,0,0,0,0,0,0,0,0,1
19,0.0,4.42,0,8.99,0,3,4.42,0.0,0.0,1.0,0,0,1,0,0,0,0,1,0,0,0,1,0,0,0,0,0,0,0,1,0,0,0
64,1.0,19.87,41,13.99,0,5,0.47,0.0,0.0,1.0,0,0,0,0,0,1,0,0,1,0,0,1,0,0,0,0,0,0,0,0,0,1,0
59,1.0,25.89,58,13.99,0,1,0.44,0.0,1.0,0.0,0,0,0,1,0,0,1,0,0,0,0,0,0,1,0,0,0,0,1,0,0,0,0
66,2.0,51.07,9,17.99,0,5,5.11,0.0,0.0,1.0,1,0,0,0,0,0,0,1,0,0,0,0,1,0,0,0,1,0,0,0,0,0,0
51,2.0,3.89,1,17.99,0,2,1.95,1.0,0.0,0.0,0,0,1,0,0,0,0,0,0,0,1,1,0,0,0,0,0,0,0,1,0,0,0
27,1.0,10.69,4,13.99,0,3,2.14,0.0,0.0,1.0,0,1,0,0,0,0,0,0,1,0,0,0,1,0,0,0,0,0,0,1,0,0,0
60,1.0,1.13,12,13.99,1,2,0.09,1.0,0.0,0.0,0,1,0,0,0,0,0,1,0,0,0,1,0,0,0,0,0,0,0,0,0,1,0
41,0.0,23.74,8,8.99,0,2,2.64,1.0,0.0,0.0,0,0,0,1,0,0,0,0,1,0,0,0,1,0,0,0,0,0,1,0,0,0,0
37,2.0,11.15,60,17.99,0,4,0.18,0.0,0.0,1.0,0,0,0,0,1,0,1,0,0,0,0,0,0,0,0,1,0,0,1,0,0,0,0
26,2.0,2.92,32,17.99,1,2,0.09,1.0,0.0,0.0,0,0,0,0,0,1,0,0,0,0,1,0,1,0,0,0,0,0,0,0,0,0,1
69,2.0,13.61,5,17.99,0,3,2.27,0.0,0.0,1.0,0,0,1,0,0,0,0,0,0,1,0,1,0,0,0,0,0,0,0,0,0,1,0
42,0.0,2.65,30,8.99,1,1,0.09,0.0,0.0,1.0,1,0,0,0,0,0,0,0,0,1,0,0,0,0,1,0,0,0,1,0,0,0,0
19,2.0,7.43,10,17.99,0,4,0.68,1.0,0.0,0.0,0,0,1,0,0,0,0,0,0,0,1,0,0,1,0,0,0,0,0,1,0,0,0
61,1.0,5.61,56,13.99,1,1,0.1,0.0,1.0,0.0,0,0,1,0,0,0,0,1,0,0,0,0,0,1,0,0,0,0,0,0,1,0,0
34,1.0,0.32,58,13.99,1,1,0.01,1.0,0.0,0.0,0,1,0,0,0,0,0,0,1,0,0,0,0,0,1,0,0,1,0,0,0,0,0
68,1.0,12.66,7,13.99,0,2,1.58,0.0,0.0,1.0,0,1,0,0,0,0,0,0,0,0,1,1,0,0,0,0,0,0,0,0,0,1,0
32,0.0,8.94,6,8.99,0,5,1.28,1.0,0.0,0.0,0,0,0,1,0,0,1,0,0,0,0,0,1,0,0,0,1,0,0,0,0,0,0
21,0.0,11.25,59,8.99,1,2,0.19,0.0,1.0,0.0,0,0,0,0,0,1,0,0,1,0,0,0,0,1,0,0,1,0,0,0,0,0,0
24,2.0,14.15,58,17.99,1,1,0.24,0.0,0.0,1.0,0,0,1,0,0,0,0,0,0,1,0,0,0,0,0,1,0,0,0,0,0,1,0
55,2.0,0.44,45,17.99,1,1,0.01,0.0,1.0,0.0,0,0,0,0,0,1,1,0,0,0,0,0,0,1,0,0,0,0,0,0,0,0,1
65,1.0,4.05,45,13.99,1,4,0.09,0.0,1.0,0.0,0,1,0,0,0,0,0,0,1,0,0,0,0,0,1,0,0,0,0,0,0,0,1
25,1.0,18.23,26,13.99,0,2,0.68,0.0,0.0,1.0,1,0,0,0,0,0,1,0,0,0,0,0,0,0,0,1,0,0,0,0,1,0,0
63,1.0,6.42,17,13.99,0,4,0.36,1.0,0.0,0.0,0,0,1,0,0,0,0,0,0,0,1,0,1,0,0,0,1,0,0,0,0,0,0
56,2.0,14.39,38,17.99,1,3,0.37,1.0,0.0,0.0,0,1,0,0,0,0,0,0,0,0,1,1,0,0,0,0,0,1,0,0,0,0,0
47,0.0,13.22,8,8.99,0,4,1.47,0.0,0.0,1.0,0,0,0,1,0,0,0,0,1,0,0,0,1,0,0,0,1,0,0,0,0,0,0
29,1.0,1.12,60,13.99,1,5,0.02,1.0,0.0,0.0,0,1,0,0,0,0,1,0,0,0,0,0,0,0,0,1,0,0,0,0,1,0,0
52,1.0,8.45,28,13.99,0,2,0.29,1.0,0.0,0.0,0,0,0,1,0,0,0,1,0,0,0,0,0,0,1,0,1,0,0,0,0,0,0
26,1.0,0.89,25,13.99,1,2,0.03,0.0,1.0,0.0,0,0,0,0,0,1,0,0,0,1,0,1,0,0,0,0,1,0,0,0,0,0,0
39,2.0,7.21,42,17.99,1,2,0.17,1.0,0.0,0.0,1,0,0,0,0,0,0,0,0,0,1,0,0,0,0,1,1,0,0,0,0,0,0
46,1.0,40.93,39,13.99,0,4,1.02,0.0,0.0,1.0,0,0,0,1,0,0,0,0,0,0,1,0,1,0,0,0,0,0,0,0,1,0,0
22,0.0,0.75,10,8.99,1,3,0.07,0.0,1.0,0.0,0,0,0,0,0,1,0,0,1,0,0,0,0,0,1,0,0,0,0,0,0,0,1
36,2.0,25.23,53,17.99,0,2,0.47,0.0,1.0,0.0,1,0,0,0,0,0,0,0,1,0,0,0,1,0,0,0,0,0,0,0,0,0,1
40,0.0,4.68,25,8.99,1,5,0.18,0.0,0.0,1.0,1,0,0,0,0,0,0,0,0,0,1,0,0,0,0,1,1,0,0,0,0,0,0
29,1.0,35.97,10,13.99,0,4,3.27,0.0,1.0,0.0,0,0,0,0,0,1,1,0,0,0,0,0,0,1,0,0,0,0,0,0,0,1,0
53,1.0,6.2,5,13.99,0,4,1.03,1.0,0.0,0.0,0,0,0,0,1,0,1,0,0,0,0,0,0,0,1,0,0,0,1,0,0,0,0
43,1.0,13.53,15,13.99,0,4,0.85,0.0,0.0,1.0,0,0,1,0,0,0,0,0,0,0,1,0,0,1,0,0,0,1,0,0,0,0,0
40,2.0,0.17,58,17.99,1,5,0.0,1.0,0.0,0.0,0,0,0,0,0,1,1,0,0,0,0,0,0,0,1,0,0,0,0,0,1,0,0
40,2.0,30.61,35,17.99,0,3,0.85,1.0,0.0,0.0,0,0,1,0,0,0,0,0,0,1,0,0,0,1,0,0,0,0,0,0,0,1,0
69,1.0,4.53,16,13.99,1,2,0.27,1.0,0.0,0.0,0,0,1,0,0,0,0,1,0,0,0,0,1,0,0,0,0,0,0,0,1,0,0
29,0.0,14.23,4,8.99,0,2,2.85,0.0,1.0,0.0,0,0,1,0,0,0,1,0,0,0,0,1,0,0,0,0,0,0,1,0,0,0,0
24,2.0,42.14,8,17.99,0,3,4.68,1.0,0.0,0.0,0,0,0,0,0,1,0,1,0,0,0,0,0,0,1,0,0,0,0,0,1,0,0
59,1.0,2.41,4,13.99,0,2,0.48,0.0,1.0,0.0,0,1,0,0,0,0,0,0,0,0,1,0,0,1,0,0,1,0,0,0,0,0,0
51,1.0,10.19,22,13.99,0,3,0.44,0.0,0.0,1.0,0,0,1,0,0,0,0,0,0,1,0,0,0,0,0,1,0,0,0,0,1,0,0
40,2.0,4.13,58,17.99,1,3,0.07,0.0,0.0,1.0,0,0,0,1,0,0,1,0,0,0,0,0,1,0,0,0,1,0,0,0,0,0,0
19,1.0,6.08,44,13.99,1,1,0.14,0.0,1.0,0.0,1,0,0,0,0,0,0,0,1,0,0,0,1,0,0,0,0,0,0,1,0,0,0
52,2.0,33.13,27,17.99,0,4,1.18,0.0,1.0,0.0,0,0,0,1,0,0,0,0,0,1,0,0,1,0,0,0,0,0,0,0,0,0,1
20,1.0,5.06,25,13.99,0,4,0.19,0.0,1.0,0.0,0,1,0,0,0,0,0,0,0,1,0,0,0,0,1,0,0,0,1,0,0,0,0
26,1.0,11.7,7,13.99,0,5,1.46,1.0,0.0,0.0,0,0,0,1,0,0,0,0,0,0,1,0,1,0,0,0,1,0,0,0,0,0,0
66,0.0,7.0,39,8.99,1,2,0.17,0.0,1.0,0.0,0,1,0,0,0,0,0,0,0,1,0,0,0,1,0,0,0,0,0,0,0,0,1
48,0.0,21.91,52,8.99,1,5,0.41,0.0,0.0,1.0,0,0,0,1,0,0,1,0,0,0,0,0,0,0,1,0,0,1,0,0,0,0,0
56,1.0,21.44,47,13.99,1,1,0.45,1.0,0.0,0.0,0,0,1,0,0,0,0,0,0,1,0,0,1,0,0,0,0,1,0,0,0,0,0
52,1.0,0.33,14,13.99,1,2,0.02,0.0,1.0,0.0,0,0,0,0,1,0,1,0,0,0,0,0,0,0,1,0,0,1,0,0,0,0,0
28,1.0,2.06,59,13.99,1,2,0.03,0.0,0.0,1.0,0,1,0,0,0,0,0,0,1,0,0,0,1,0,0,0,0,0,0,0,0,1,0
26,0.0,11.07,54,8.99,1,4,0.2,1.0,0.0,0.0,0,0,1,0,0,0,0,1,0,0,0,1,0,0,0,0,0,0,0,1,0,0,0
50,1.0,15.65,27,13.99,0,2,0.56,0.0,1.0,0.0,0,0,0,1,0,0,0,0,0,1,0,0,0,0,1,0,0,0,0,1,0,0,0
49,1.0,5.21,33,13.99,1,4,0.15,1.0,0.0,0.0,0,1,0,0,0,0,1,0,0,0,0,0,1,0,0,0,0,0,1,0,0,0,0
37,0.0,4.69,25,8.99,1,4,0.18,1.0,0.0,0.0,0,0,1,0,0,0,0,0,0,0,1,0,0,0,1,0,0,0,0,0,0,1,0
38,2.0,2.24,58,17.99,1,4,0.04,0.0,1.0,0.0,1,0,0,0,0,0,0,1,0,0,0,0,0,1,0,0,0,0,1,0,0,0,0
62,1.0,26.88,55,13.99,0,4,0.48,1.0,0.0,0.0,0,1,0,0,0,0,0,0,0,1,0,0,0,0,0,1,0,0,0,0,0,1,0
63,1.0,2.84,18,13.99,1,3,0.15,1.0,0.0,0.0,0,0,0,0,1,0,0,0,0,0,1,0,0,0,1,0,0,0,0,0,1,0,0
26,0.0,9.97,37,8.99,1,1,0.26,0.0,0.0,1.0,0,0,0,1,0,0,0,0,0,1,0,1,0,0,0,0,0,0,0,1,0,0,0
40,2.0,46.29,26,17.99,0,4,1.71,0.0,1.0,0.0,1,0,0,0,0,0,0,1,0,0,0,0,1,0,0,0,0,0,0,1,0,0,0
68,2.0,9.36,15,17.99,0,5,0.58,0.0,1.0,0.0,0,0,1,0,0,0,0,0,0,1,0,0,1,0,0,0,1,0,0,0,0,0,0
23,1.0,0.89,18,13.99,1,1,0.05,1.0,0.0,0.0,0,0,1,0,0,0,0,0,0,0,1,0,0,0,0,1,1,0,0,0,0,0,0
31,1.0,1.17,36,13.99,1,1,0.03,0.0,0.0,1.0,0,0,1,0,0,0,0,1,0,0,0,0,0,0,0,1,0,1,0,0,0,0,0
47,0.0,1.25,44,8.99,1,1,0.03,0.0,1.0,0.0,0,0,0,0,0,1,0,0,1,0,0,1,0,0,0,0,0,0,0,0,0,0,1
67,2.0,13.19,55,17.99,1,3,0.24,0.0,1.0,0.0,0,0,0,0,0,1,1,0,0,0,0,0,1,0,0,0,0,1,0,0,0,0,0
63,0.0,1.25,3,8.99,1,5,0.31,0.0,0.0,1.0,0,1,0,0,0,0,0,0,0,0,1,0,0,1,0,0,0,1,0,0,0,0,0
59,0.0,1.2,32,8.99,1,2,0.04,1.0,0.0,0.0,0,0,0,1,0,0,0,0,0,1,0,1,0,0,0,0,0,1,0,0,0,0,0
34,1.0,7.38,26,13.99,0,1,0.27,0.0,1.0,0.0,0,0,0,0,0,1,1,0,0,0,0,0,0,1,0,0,0,0,0,0,0,0,1
35,2.0,3.59,53,17.99,1,3,0.07,1.0,0.0,0.0,0,1,0,0,0,0,0,0,0,0,1,0,1,0,0,0,0,0,0,0,0,1,0
21,1.0,4.17,38,13.99,1,1,0.11,1.0,0.0,0.0,0,0,0,0,0,1,0,0,1,0,0,0,1,0,0,0,0,0,0,0,1,0,0
29,2.0,15.26,49,17.99,1,1,0.31,1.0,0.0,0.0,0,0,0,1,0,0,0,0,0,0,1,1,0,0,0,0,0,0,0,0,0,0,1
55,1.0,2.7,31,13.99,1,4,0.08,0.0,1.0,0.0,0,1,0,0,0,0,0,0,0,1,0,0,0,1,0,0,0,0,0,0,0,0,1
51,2.0,3.82,34,17.99,1,1,0.11,1.0,0.0,0.0,0,1,0,0,0,0,0,0,0,1,0,0,0,0,1,0,0,0,0,0,1,0,0
23,0.0,6.7,48,8.99,1,4,0.14,0.0,1.0,0.0,0,0,0,1,0,0,0,0,1,0,0,1,0,0,0,0,0,0,0,0,0,0,1
63,1.0,12.08,17,13.99,0,4,0.67,1.0,0.0,0.0,0,0,0,0,0,1,1,0,0,0,0,1,0,0,0,0,0,0,0,0,1,0,0
42,2.0,10.89,31,17.99,0,5,0.34,0.0,0.0,1.0,0,0,0,0,0,1,0,0,0,0,1,0,0,0,0,1,0,0,0,1,0,0,0
51,1.0,1.23,4,13.99,0,5,0.25,0.0,0.0,1.0,0,0,0,0,0,1,0,1,0,0,0,1,0,0,0,0,0,0,0,0,0,1,0
20,0.0,0.76,28,8.99,1,3,0.03,0.0,1.0,0.0,0,1,0,0,0,0,0,1,0,0,0,0,0,0,0,1,0,0,0,1,0,0,0
26,2.0,6.15,42,17.99,1,2,0.14,0.0,1.0,0.0,0,0,0,0,0,1,0,0,1,0,0,0,0,0,1,0,0,0,0,1,0,0,0
50,0.0,6.01,43,8.99,1,1,0.14,1.0,0.0,0.0,0,1,0,0,0,0,1,0,0,0,0,0,1,0,0,0,0,0,0,0,0,0,1
60,1.0,82.61,33,13.99,0,3,2.43,0.0,0.0,1.0,0,0,0,1,0,0,0,0,1,0,0,0,0,0,0,1,0,0,0,0,0,0,1
50,1.0,8.21,22,13.99,0,5,0.36,1.0,0.0,0.0,0,0,0,0,1,0,0,0,1,0,0,0,0,0,0,1,1,0,0,0,0,0,0
53,0.0,11.01,44,8.99,1,1,0.24,0.0,0.0,1.0,0,0,1,0,0,0,1,0,0,0,0,1,0,0,0,0,0,0,0,0,0,0,1
55,0.0,0.21,34,8.99,1,5,0.01,0.0,0.0,1.0,0,0,0,0,0,1,0,1,0,0,0,0,0,1,0,0,0,0,0,0,1,0,0
34,1.0,1.22,9,13.99,0,5,0.12,0.0,1.0,0.0,0,0,0,1,0,0,1,0,0,0,0,0,0,1,0,0,1,0,0,0,0,0,0
49,0.0,9.81,39,8.99,1,5,0.25,1.0,0.0,0.0,0,0,0,0,1,0,0,0,0,1,0,0,0,0,0,1,0,0,0,0,0,0,1
55,2.0,3.15,51,17.99,1,5,0.06,0.0,0.0,1.0,0,1,0,0,0,0,0,0,0,0,1,0,0,1,0,0,0,0,0,0,0,0,1
61,0.0,1.1,2,8.99,1,5,0.37,0.0,1.0,0.0,0,0,0,0,0,1,0,1,0,0,0,0,0,0,0,1,0,0,0,0,0,1,0
33,1.0,32.18,29,13.99,0,1,1.07,1.0,0.0,0.0,0,0,0,0,0,1,1,0,0,0,0,0,0,0,0,1,1,0,0,0,0,0,0
34,2.0,3.58,4,17.99,0,1,0.72,0.0,1.0,0.0,0,0,1,0,0,0,1,0,0,0,0,0,0,0,1,0,0,0,0,0,0,0,1
69,0.0,1.07,47,8.99,1,2,0.02,0.0,1.0,0.0,0,0,1,0,0,0,0,0,1,0,0,0,0,0,0,1,1,0,0,0,0,0,0
59,1.0,14.46,28,13.99,0,2,0.5,0.0,1.0,0.0,0,0,0,0,1,0,0,1,0,0,0,0,1,0,0,0,0,0,0,0,1,0,0
59,0.0,2.44,55,8.99,1,1,0.04,1.0,0.0,0.0,1,0,0,0,0,0,0,0,0,0,1,0,1,0,0,0,0,1,0,0,0,0,0
21,2.0,6.14,7,17.99,0,4,0.77,0.0,0.0,1.0,0,0,1,0,0,0,1,0,0,0,0,0,1,0,0,0,0,0,1,0,0,0,0
58,2.0,12.9,38,17.99,0,4,0.33,0.0,0.0,1.0,0,0,0,0,1,0,0,1,0,0,0,1,0,0,0,0,0,0,0,0,0,1,0
20,1.0,5.31,25,13.99,0,3,0.2,0.0,0.0,1.0,0,1,0,0,0,0,0,0,0,1,0,1,0,0,0,0,0,1,0,0,0,0,0
31,0.0,2.36,46,8.99,1,2,0.05,0.0,0.0,1.0,0,0,0,1,0,0,0,0,0,1,0,1,0,0,0,0,0,0,0,0,0,1,0
69,2.0,0.24,20,17.99,1,1,0.01,0.0,1.0,0.0,0,0,0,0,1,0,0,0,0,1,0,0,0,0,1,0,0,0,0,0,0,0,1
68,2.0,18.88,34,17.99,0,4,0.54,0.0,1.0,0.0,0,1,0,0,0,0,0,0,0,1,0,0,0,0,0,1,0,0,0,0,1,0,0
32,1.0,11.47,4,13.99,0,1,2.29,1.0,0.0,0.0,0,1,0,0,0,0,0,1,0,0,0,0,0,0,0,1,0,0,0,1,0,0,0
67,2.0,8.28,59,17.99,1,3,0.14,0.0,0.0,1.0,0,0,0,0,0,1,0,0,0,1,0,0,0,0,1,0,0,0,1,0,0,0,0
19,2.0,29.48,60,17.99,0,3,0.48,0.0,1.0,0.0,1,0,0,0,0,0,0,1,0,0,0,0,0,0,1,0,0,0,0,1,0,0,0
37,1.0,8.39,8,13.99,0,5,0.93,0.0,1.0,0.0,0,0,0,0,1,0,1,0,0,0,0,0,1,0,0,0,1,0,0,0,0,0,0
35,2.0,26.28,23,17.99,0,1,1.09,1.0,0.0,0.0,0,0,1,0,0,0,1,0,0,0,0,0,0,1,0,0,0,0,0,1,0,0,0
51,2.0,3.79,2,17.99,0,3,1.26,0.0,1.0,0.0,0,1,0,0,0,0,0,1,0,0,0,1,0,0,0,0,0,0,0,0,0,0,1
37,0.0,37.37,52,8.99,0,3,0.71,0.0,1.0,0.0,1,0,0,0,0,0,1,0,0,0,0,0,0,0,0,1,0,0,0,1,0,0,0
60,0.0,21.66,11,8.99,0,2,1.8,1.0,0.0,0.0,0,0,0,0,0,1,1,0,0,0,0,0,1,0,0,0,0,1,0,0,0,0,0
45,2.0,3.45,3,17.99,0,3,0.86,1.0,0.0,0.0,1,0,0,0,0,0,1,0,0,0,0,0,1,0,0,0,0,0,0,0,1,0,0
44,0.0,19.82,43,8.99,1,2,0.45,0.0,1.0,0.0,0,0,0,0,0,1,0,0,1,0,0,0,0,0,0,1,0,1,0,0,0,0,0
26,2.0,4.78,18,17.99,1,4,0.25,1.0,0.0,0.0,0,0,0,0,1,0,0,0,1,0,0,0,0,0,1,0,0,0,0,0,0,0,1
69,2.0,32.54,45,17.99,0,4,0.71,0.0,0.0,1.0,0,0,0,0,0,1,0,0,0,0,1,0,1,0,0,0,0,0,1,0,0,0,0
18,1.0,4.64,21,13.99,1,3,0.21,0.0,0.0,1.0,0,0,0,1,0,0,0,1,0,0,0,0,0,1,0,0,0,0,1,0,0,0,0
33,1.0,2.71,22,13.99,1,3,0.12,0.0,1.0,0.0,0,0,1,0,0,0,0,0,1,0,0,0,1,0,0,0,0,0,0,1,0,0,0
39,0.0,22.24,47,8.99,1,3,0.46,0.0,1.0,0.0,0,0,0,1,0,0,0,1,0,0,0,0,0,1,0,0,1,0,0,0,0,0,0
22,1.0,13.78,0,13.99,0,2,13.78,0.0,1.0,0.0,0,0,0,0,1,0,0,0,0,1,0,0,0,0,0,1,0,0,0,0,0,0,1
62,0.0,5.64,36,8.99,1,5,0.15,1.0,0.0,0.0,0,0,1,0,0,0,0,0,0,0,1,0,0,0,1,0,0,0,0,0,1,0,0
32,0.0,41.97,34,8.99,0,1,1.2,0.0,0.0,1.0,0,0,1,0,0,0,1,0,0,0,0,1,0,0,0,0,0,0,0,0,1,0,0
64,2.0,0.01,16,17.99,0,5,0.0,0.0,1.0,0.0,1,0,0,0,0,0,0,0,0,1,0,0,0,0,0,1,0,0,0,0,1,0,0
58,2.0,2.83,58,17.99,1,4,0.05,0.0,1.0,0.0,0,0,0,1,0,0,0,0,0,1,0,0,0,0,1,0,0,0,0,0,0,1,0
35,2.0,9.29,20,17.99,0,4,0.44,0.0,1.0,0.0,1,0,0,0,0,0,0,0,0,0,1,0,0,1,0,0,0,1,0,0,0,0,0
59,1.0,30.59,37,13.99,0,1,0.81,1.0,0.0,0.0,0,1,0,0,0,0,0,0,0,0,1,0,0,0,0,1,0,1,0,0,0,0,0
33,2.0,12.28,43,17.99,0,4,0.28,0.0,1.0,0.0,1,0,0,0,0,0,0,0,0,1,0,0,0,0,0,1,0,1,0,0,0,0,0
60,2.0,3.92,7,17.99,1,2,0.49,1.0,0.0,0.0,0,0,0,1,0,0,0,0,0,1,0,0,1,0,0,0,0,1,0,0,0,0,0
65,0.0,4.12,9,8.99,1,5,0.41,1.0,0.0,0.0,0,0,0,0,0,1,0,0,0,0,1,1,0,0,0,0,0,0,0,0,0,1,0
49,1.0,24.88,36,13.99,0,3,0.67,0.0,1.0,0.0,0,0,0,1,0,0,0,0,1,0,0,0,0,0,1,0,0,1,0,0,0,0,0
25,2.0,12.73,59,17.99,0,5,0.21,0.0,1.0,0.0,1,0,0,0,0,0,0,0,0,1,0,0,0,0,0,1,0,0,1,0,0,0,0
46,2.0,2.98,12,17.99,1,2,0.23,0.0,0.0,1.0,0,0,1,0,0,0,0,1,0,0,0,0,0,1,0,0,1,0,0,0,0,0,0
19,2.0,17.42,40,17.99,1,3,0.42,0.0,1.0,0.0,0,0,0,0,0,1,1,0,0,0,0,0,0,0,0,1,0,0,0,1,0,0,0
47,1.0,3.71,54,13.99,1,5,0.07,0.0,1.0,0.0,0,0,0,0,0,1,1,0,0,0,0,0,1,0,0,0,1,0,0,0,0,0,0
51,0.0,8.34,33,8.99,1,1,0.25,0.0,0.0,1.0,0,0,1,0,0,0,0,0,0,1,0,1,0,0,0,0,0,0,1,0,0,0,0
32,1.0,5.93,41,13.99,0,4,0.14,1.0,0.0,0.0,0,0,1,0,0,0,0,0,1,0,0,0,0,0,0,1,1,0,0,0,0,0,0
59,0.0,19.32,36,8.99,1,3,0.52,1.0,0.0,0.0,0,0,0,1,0,0,0,0,0,0,1,0,0,0,0,1,0,1,0,0,0,0,0
64,1.0,8.53,48,13.99,0,4,0.17,1.0,0.0,0.0,0,0,0,1,0,0,0,0,0,0,1,0,0,1,0,0,0,0,0,0,0,1,0
29,1.0,6.13,9,13.99,0,3,0.61,1.0,0.0,0.0,0,0,0,1,0,0,0,0,1,0,0,0,0,0,1,0,0,0,0,0,0,0,1
57,0.0,4.35,39,8.99,1,1,0.11,0.0,1.0,0.0,0,0,0,0,0,1,0,1,0,0,0,0,0,1,0,0,1,0,0,0,0,0,0
49,0.0,76.16,13,8.99,0,5,5.44,0.0,0.0,1.0,0,0,0,1,0,0,0,0,0,1,0,0,0,0,0,1,0,1,0,0,0,0,0
65,0.0,2.39,26,8.99,1,3,0.09,1.0,0.0,0.0,0,0,1,0,0,0,0,0,1,0,0,0,0,0,1,0,0,0,0,0,1,0,0
21,2.0,5.25,53,17.99,1,2,0.1,1.0,0.0,0.0,0,0,0,0,1,0,0,0,0,0,1,0,0,1,0,0,0,1,0,0,0,0,0
66,1.0,16.52,56,13.99,1,5,0.29,0.0,0.0,1.0,0,1,0,0,0,0,1,0,0,0,0,0,0,0,1,0,0,0,0,0,0,0,1
69,1.0,8.57,40,13.99,1,3,0.21,0.0,0.0,1.0,0,0,0,0,1,0,0,0,0,0,1,0,0,0,0,1,0,0,0,1,0,0,0
38,1.0,1.69,12,13.99,1,3,0.13,1.0,0.0,0.0,1,0,0,0,0,0,0,0,1,0,0,0,0,1,0,0,0,0,0,1,0,0,0
63,0.0,15.81,9,8.99,0,3,1.58,1.0,0.0,0.0,0,0,1,0,0,0,0,0,1,0,0,0,0,0,0,1,0,1,0,0,0,0,0
31,2.0,5.04,28,17.99,0,3,0.17,0.0,1.0,0.0,0,0,1,0,0,0,0,1,0,0,0,0,0,1,0,0,0,0,0,0,0,0,1
42,2.0,2.81,32,17.99,1,2,0.09,0.0,1.0,0.0,0,0,1,0,0,0,1,0,0,0,0,0,0,0,1,0,0,1,0,0,0,0,0
48,2.0,19.56,58,17.99,1,1,0.33,0.0,1.0,0.0,0,0,1,0,0,0,0,0,1,0,0,1,0,0,0,0,1,0,0,0,0,0,0
67,1.0,10.88,30,13.99,0,5,0.35,1.0,0.0,0.0,0,0,0,0,0,1,0,0,0,1,0,0,0,0,1,0,0,0,0,0,0,1,0
70,0.0,5.74,48,8.99,1,5,0.12,0.0,0.0,1.0,0,0,0,0,0,1,0,0,0,1,0,0,0,0,1,0,0,1,0,0,0,0,0
49,2.0,8.49,7,17.99,0,1,1.06,0.0,1.0,0.0,0,0,0,0,0,1,0,1,0,0,0,0,1,0,0,0,0,0,0,0,0,0,1
46,1.0,14.29,35,13.99,0,5,0.4,0.0,1.0,0.0,0,0,0,0,0,1,1,0,0,0,0,0,0,1,0,0,0,0,0,0,0,0,1
31,2.0,9.95,6,17.99,0,2,1.42,1.0,0.0,0.0,0,0,0,1,0,0,0,0,1,0,0,0,0,1,0,0,0,0,1,0,0,0,0
41,1.0,18.04,49,13.99,0,4,0.36,1.0,0.0,0.0,0,0,0,0,0,1,0,0,0,1,0,0,0,0,0,1,0,0,0,0,0,1,0
62,1.0,35.13,4,13.99,0,4,7.03,1.0,0.0,0.0,0,0,1,0,0,0,1,0,0,0,0,0,1,0,0,0,0,1,0,0,0,0,0
38,2.0,34.08,1,17.99,0,4,17.04,1.0,0.0,0.0,0,0,0,1,0,0,0,1,0,0,0,1,0,0,0,0,0,0,0,1,0,0,0
45,2.0,17.83,45,17.99,1,1,0.39,1.0,0.0,0.0,0,0,1,0,0,0,0,0,0,1,0,0,0,1,0,0,0,0,0,1,0,0,0
20,2.0,9.96,17,17.99,0,4,0.55,1.0,0.0,0.0,0,0,0,1,0,0,0,0,0,1,0,0,0,0,1,0,0,0,0,0,1,0,0
18,2.0,23.07,8,17.99,0,1,2.56,0.0,1.0,0.0,0,0,0,0,0,1,0,0,0,1,0,1,0,0,0,0,0,0,0,1,0,0,0
28,2.0,28.72,40,17.99,0,2,0.7,1.0,0.0,0.0,0,0,0,0,0,1,0,1,0,0,0,0,0,0,1,0,0,0,0,0,0,1,0
34,1.0,26.66,55,13.99,0,2,0.48,0.0,0.0,1.0,0,0,0,1,0,0,1,0,0,0,0,0,0,0,0,1,0,1,0,0,0,0,0
53,0.0,0.33,35,8.99,1,1,0.01,1.0,0.0,0.0,0,0,0,0,1,0,0,0,1,0,0,1,0,0,0,0,1,0,0,0,0,0,0
56,0.0,29.0,23,8.99,0,4,1.21,0.0,0.0,1.0,0,0,0,0,1,0,0,0,0,0,1,0,0,0,1,0,1,0,0,0,0,0,0
29,0.0,1.88,46,8.99,1,4,0.04,1.0,0.0,0.0,0,1,0,0,0,0,1,0,0,0,0,0,1,0,0,0,0,0,0,0,0,0,1
62,2.0,5.81,29,17.99,0,2,0.19,1.0,0.0,0.0,0,1,0,0,0,0,0,1,0,0,0,0,0,0,0,1,0,0,0,1,0,0,0
40,0.0,23.44,40,8.99,0,4,0.57,0.0,1.0,0.0,0,0,0,1,0,0,0,0,0,1,0,0,0,0,1,0,0,0,0,0,1,0,0
54,2.0,4.79,49,17.99,1,4,0.1,0.0,0.0,1.0,1,0,0,0,0,0,0,0,0,1,0,0,0,0,1,0,1,0,0,0,0,0,0
63,0.0,24.97,23,8.99,0,1,1.04,1.0,0.0,0.0,0,0,0,0,0,1,0,0,1,0,0,1,0,0,0,0,0,0,0,0,0,0,1
34,0.0,12.84,42,8.99,1,4,0.3,0.0,1.0,0.0,0,0,0,1,0,0,0,0,1,0,0,0,0,0,0,1,0,0,0,0,0,0,1
29,0.0,18.68,51,8.99,1,3,0.36,1.0,0.0,0.0,0,0,0,0,0,1,0,0,0,0,1,0,0,0,0,1,0,0,0,0,0,0,1
31,2.0,2.7,51,17.99,1,5,0.05,0.0,1.0,0.0,0,0,1,0,0,0,0,0,0,0,1,0,1,0,0,0,0,0,0,0,1,0,0
26,2.0,16.27,34,17.99,1,3,0.46,1.0,0.0,0.0,0,1,0,0,0,0,0,0,1,0,0,0,1,0,0,0,0,0,0,1,0,0,0
23,2.0,16.01,2,17.99,0,1,5.34,0.0,1.0,0.0,0,0,1,0,0,0,0,1,0,0,0,0,0,0,0,1,0,0,0,0,0,0,1
45,0.0,1.98,53,8.99,1,5,0.04,0.0,1.0,0.0,0,0,1,0,0,0,0,1,0,0,0,0,1,0,0,0,0,0,1,0,0,0,0
22,1.0,39.11,13,13.99,0,2,2.79,0.0,1.0,0.0,0,0,0,0,0,1,0,0,1,0,0,0,1,0,0,0,0,0,0,1,0,0,0
62,2.0,6.17,1,17.99,0,2,3.08,1.0,0.0,0.0,0,1,0,0,0,0,0,0,0,1,0,0,0,1,0,0,0,1,0,0,0,0,0
33,2.0,14.93,7,17.99,0,3,1.87,1.0,0.0,0.0,0,0,1,0,0,0,0,1,0,0,0,0,0,1,0,0,1,0,0,0,0,0,0
68,2.0,25.21,50,17.99,0,4,0.49,0.0,0.0,1.0,0,0,1,0,0,0,0,0,1,0,0,1,0,0,0,0,0,0,0,1,0,0,0
59,2.0,2.45,51,17.99,1,5,0.05,0.0,0.0,1.0,0,0,0,0,0,1,0,1,0,0,0,0,0,1,0,0,1,0,0,0,0,0,0
37,1.0,26.94,12,13.99,0,3,2.07,0.0,0.0,1.0,1,0,0,0,0,0,1,0,0,0,0,0,0,0,1,0,0,0,1,0,0,0,0
39,0.0,7.67,27,8.99,0,3,0.27,0.0,1.0,0.0,1,0,0,0,0,0,0,0,0,0,1,1,0,0,0,0,0,1,0,0,0,0,0
47,1.0,2.11,24,13.99,1,4,0.08,0.0,0.0,1.0,1,0,0,0,0,0,0,0,1,0,0,0,1,0,0,0,0,1,0,0,0,0,0
64,0.0,22.69,43,8.99,0,2,0.52,0.0,1.0,0.0,0,0,0,0,0,1,0,0,1,0,0,0,0,0,0,1,0,0,0,1,0,0,0
55,1.0,0.53,32,13.99,1,5,0.02,0.0,1.0,0.0,0,1,0,0,0,0,0,0,1,0,0,1,0,0,0,0,0,0,0,1,0,0,0
55,0.0,12.26,1,8.99,0,1,6.13,0.0,0.0,1.0,0,0,0,0,1,0,1,0,0,0,0,0,0,0,0,1,0,1,0,0,0,0,0
56,1.0,9.97,10,13.99,0,5,0.91,0.0,1.0,0.0,0,1,0,0,0,0,0,0,1,0,0,1,0,0,0,0,1,0,0,0,0,0,0
38,1.0,2.44,11,13.99,1,5,0.2,1.0,0.0,0.0,0,0,0,0,1,0,0,1,0,0,0,0,0,0,1,0,0,0,1,0,0,0,0
56,2.0,18.15,40,17.99,0,4,0.44,0.0,0.0,1.0,0,0,0,1,0,0,0,0,1,0,0,0,0,0,0,1,0,0,0,1,0,0,0
63,1.0,32.06,24,13.99,0,3,1.28,1.0,0.0,0.0,0,0,1,0,0,0,1,0,0,0,0,0,0,1,0,0,0,0,1,0,0,0,0
38,2.0,5.89,2,17.99,0,1,1.96,0.0,1.0,0.0,0,0,1,0,0,0,1,0,0,0,0,0,1,0,0,0,0,0,0,0,0,1,0
34,0.0,8.25,27,8.99,0,5,0.29,0.0,1.0,0.0,0,0,1,0,0,0,0,0,0,0,1,1,0,0,0,0,0,1,0,0,0,0,0
33,2.0,1.42,50,17.99,1,3,0.03,0.0,1.0,0.0,0,1,0,0,0,0,0,0,1,0,0,0,0,0,1,0,0,1,0,0,0,0,0
43,1.0,12.79,36,13.99,0,5,0.35,0.0,1.0,0.0,1,0,0,0,0,0,0,0,0,0,1,1,0,0,0,0,0,0,1,0,0,0,0
43,1.0,5.74,6,13.99,0,3,0.82,1.0,0.0,0.0,0,0,0,0,1,0,0,0,1,0,0,1,0,0,0,0,0,0,0,1,0,0,0
26,2.0,2.99,59,17.99,1,3,0.05,1.0,0.0,0.0,0,1,0,0,0,0,0,0,0,1,0,0,0,1,0,0,1,0,0,0,0,0,0
23,1.0,39.63,20,13.99,0,3,1.89,0.0,0.0,1.0,0,1,0,0,0,0,0,0,0,0,1,1,0,0,0,0,0,0,0,0,0,0,1
39,1.0,15.89,21,13.99,0,4,0.72,1.0,0.0,0.0,0,0,0,0,1,0,1,0,0,0,0,0,0,0,1,0,0,0,0,0,0,0,1
28,0.0,11.24,37,8.99,1,4,0.3,0.0,1.0,0.0,0,1,0,0,0,0,0,0,0,0,1,0,1,0,0,0,0,0,0,0,1,0,0
63,0.0,1.07,5,8.99,1,4,0.18,1.0,0.0,0.0,0,0,0,0,0,1,0,0,0,1,0,1,0,0,0,0,1,0,0,0,0,0,0
66,1.0,9.88,25,13.99,0,3,0.38,0.0,0.0,1.0,0,0,1,0,0,0,0,0,1,0,0,1,0,0,0,0,1,0,0,0,0,0,0
62,2.0,3.8,58,17.99,1,4,0.06,0.0,0.0,1.0,1,0,0,0,0,0,1,0,0,0,0,0,0,1,0,0,0,1,0,0,0,0,0
57,1.0,3.47,36,13.99,1,4,0.09,1.0,0.0,0.0,0,0,0,0,0,1,0,0,0,0,1,0,1,0,0,0,0,0,0,0,0,1,0
49,0.0,1.64,32,8.99,1,5,0.05,0.0,1.0,0.0,0,0,1,0,0,0,0,1,0,0,0,0,0,0,0,1,0,0,0,1,0,0,0
30,1.0,10.47,50,13.99,1,4,0.21,0.0,1.0,0.0,1,0,0,0,0,0,0,0,1,0,0,0,1,0,0,0,0,0,0,0,0,0,1
23,0.0,18.23,47,8.99,1,4,0.38,0.0,0.0,1.0,0,1,0,0,0,0,0,0,0,0,1,0,0,1,0,0,0,0,0,0,0,1,0
57,2.0,16.09,30,17.99,0,1,0.52,0.0,0.0,1.0,0,0,1,0,0,0,1,0,0,0,0,0,1,0,0,0,0,0,0,0,1,0,0
63,1.0,11.89,52,13.99,1,1,0.22,0.0,1.0,0.0,0,0,1,0,0,0,0,1,0,0,0,0,0,1,0,0,0,0,0,0,0,1,0
69,0.0,2.95,40,8.99,1,1,0.07,0.0,0.0,1.0,0,0,0,1,0,0,0,0,1,0,0,0,1,0,0,0,0,0,1,0,0,0,0
42,2.0,25.84,59,17.99,0,3,0.43,0.0,0.0,1.0,0,0,0,1,0,0,0,0,0,0,1,0,0,0,0,1,0,1,0,0,0,0,0
64,2.0,14.53,29,17.99,0,2,0.48,0.0,1.0,0.0,0,0,0,0,0,1,0,0,0,1,0,1,0,0,0,0,0,0,0,0,1,0,0
41,0.0,9.42,19,8.99,1,1,0.47,0.0,1.0,0.0,0,0,0,0,0,1,0,0,1,0,0,0,0,0,0,1,0,0,1,0,0,0,0
23,2.0,5.81,45,17.99,1,2,0.13,1.0,0.0,0.0,0,1,0,0,0,0,0,1,0,0,0,0,1,0,0,0,0,1,0,0,0,0,0
37,0.0,4.76,41,8.99,1,3,0.11,1.0,0.0,0.0,0,1,0,0,0,0,1,0,0,0,0,0,0,0,0,1,0,0,0,0,0,1,0
20,2.0,1.22,50,17.99,1,3,0.02,1.0,0.0,0.0,0,0,1,0,0,0,0,1,0,0,0,0,1,0,0,0,0,0,0,0,0,0,1
40,2.0,3.93,30,17.99,0,4,0.13,1.0,0.0,0.0,0,0,0,1,0,0,0,0,0,0,1,0,0,1,0,0,0,0,1,0,0,0,0
37,2.0,5.97,57,17.99,0,5,0.1,0.0,0.0,1.0,0,0,0,0,1,0,1,0,0,0,0,1,0,0,0,0,1,0,0,0,0,0,0
49,1.0,9.91,14,13.99,0,3,0.66,0.0,0.0,1.0,0,0,1,0,0,0,0,1,0,0,0,1,0,0,0,0,0,0,1,0,0,0,0
32,0.0,4.0,26,8.99,1,2,0.15,0.0,1.0,0.0,1,0,0,0,0,0,1,0,0,0,0,0,0,0,1,0,0,0,0,0,1,0,0
43,1.0,12.39,31,13.99,1,3,0.39,0.0,0.0,1.0,0,0,1,0,0,0,0,0,0,1,0,0,0,0,0,1,0,1,0,0,0,0,0
18,0.0,3.68,60,8.99,1,4,0.06,1.0,0.0,0.0,0,0,0,0,0,1,0,1,0,0,0,0,0,1,0,0,1,0,0,0,0,0,0
70,1.0,10.5,55,13.99,0,5,0.19,0.0,1.0,0.0,0,0,0,0,0,1,0,0,1,0,0,0,0,1,0,0,0,0,0,0,1,0,0
60,0.0,28.75,39,8.99,0,4,0.72,0.0,0.0,1.0,0,0,1,0,0,0,0,0,0,0,1,0,0,1,0,0,1,0,0,0,0,0,0
26,2.0,6.46,27,17.99,0,5,0.23,0.0,0.0,1.0,1,0,0,0,0,0,0,0,0,1,0,0,0,1,0,0,0,0,0,1,0,0,0
56,1.0,4.44,29,13.99,0,4,0.15,0.0,0.0,1.0,0,0,0,0,0,1,0,0,0,0,1,0,0,1,0,0,1,0,0,0,0,0,0
22,1.0,3.31,35,13.99,1,2,0.09,0.0,0.0,1.0,0,0,1,0,0,0,1,0,0,0,0,0,1,0,0,0,0,0,0,0,0,1,0
44,0.0,50.38,53,8.99,0,4,0.93,1.0,0.0,0.0,0,0,0,1,0,0,0,0,1,0,0,0,1,0,0,0,0,0,0,0,1,0,0
44,1.0,0.91,39,13.99,1,2,0.02,0.0,1.0,0.0,0,0,0,1,0,0,0,1,0,0,0,0,1,0,0,0,0,1,0,0,0,0,0
56,0.0,10.45,38,8.99,1,4,0.27,0.0,1.0,0.0,0,0,1,0,0,0,0,0,0,0,1,0,0,0,0,1,0,0,0,0,0,0,1
32,2.0,8.77,50,17.99,1,3,0.17,1.0,0.0,0.0,0,1,0,0,0,0,0,0,0,0,1,1,0,0,0,0,0,0,0,1,0,0,0
32,2.0,9.11,40,17.99,1,3,0.22,1.0,0.0,0.0,0,0,0,1,0,0,0,0,0,1,0,0,0,0,0,1,0,0,0,0,0,1,0
29,0.0,12.54,26,8.99,0,2,0.46,0.0,0.0,1.0,0,0,0,1,0,0,0,0,0,0,1,0,0,1,0,0,0,0,0,0,0,0,1
26,1.0,18.76,34,13.99,0,2,0.54,0.0,0.0,1.0,0,0,1,0,0,0,0,0,0,0,1,1,0,0,0,0,0,0,0,0,0,1,0
47,1.0,0.18,50,13.99,1,4,0.0,0.0,1.0,0.0,1,0,0,0,0,0,1,0,0,0,0,0,0,0,0,1,0,0,0,0,1,0,0
55,2.0,1.43,60,17.99,1,1,0.02,0.0,0.0,1.0,0,1,0,0,0,0,0,1,0,0,0,0,0,1,0,0,0,0,0,0,0,1,0
68,2.0,5.94,23,17.99,0,5,0.25,1.0,0.0,0.0,0,0,0,0,1,0,0,0,1,0,0,0,0,0,1,0,0,0,0,0,1,0,0
57,2.0,10.89,3,17.99,0,5,2.72,0.0,0.0,1.0,0,0,0,1,0,0,1,0,0,0,0,0,1,0,0,0,0,0,0,0,0,0,1
46,0.0,35.85,39,8.99,0,1,0.9,1.0,0.0,0.0,0,1,0,0,0,0,0,0,0,0,1,1,0,0,0,0,0,0,0,0,0,0,1
65,0.0,8.06,24,8.99,0,4,0.32,0.0,1.0,0.0,1,0,0,0,0,0,0,0,0,1,0,0,0,0,0,1,0,0,0,0,0,0,1
60,2.0,11.77,18,17.99,0,1,0.62,0.0,0.0,1.0,0,0,0,0,0,1,0,1,0,0,0,0,1,0,0,0,0,1,0,0,0,0,0
47,2.0,2.25,53,17.99,1,2,0.04,1.0,0.0,0.0,0,0,1,0,0,0,0,0,1,0,0,0,0,0,1,0,0,0,0,0,0,1,0
24,1.0,10.72,40,13.99,1,3,0.26,0.0,0.0,1.0,0,1,0,0,0,0,0,0,0,1,0,0,0,1,0,0,0,1,0,0,0,0,0
21,1.0,2.77,8,13.99,1,4,0.31,0.0,0.0,1.0,1,0,0,0,0,0,0,0,0,1,0,0,0,0,1,0,0,0,0,0,1,0,0
54,1.0,13.19,10,13.99,0,2,1.2,0.0,0.0,1.0,0,0,0,1,0,0,0,0,0,0,1,0,0,0,1,0,1,0,0,0,0,0,0
67,2.0,2.34,54,17.99,1,4,0.04,1.0,0.0,0.0,0,0,0,0,0,1,0,0,1,0,0,1,0,0,0,0,0,0,1,0,0,0,0
67,2.0,16.71,9,17.99,0,4,1.67,0.0,0.0,1.0,0,0,1,0,0,0,0,0,0,1,0,0,1,0,0,0,0,0,0,0,0,1,0
37,2.0,4.12,28,17.99,1,1,0.14,0.0,1.0,0.0,0,0,0,0,1,0,0,0,1,0,0,0,0,0,0,1,0,0,0,1,0,0,0
46,2.0,3.84,15,17.99,0,4,0.24,0.0,1.0,0.0,1,0,0,0,0,0,0,0,1,0,0,0,0,0,0,1,0,0,1,0,0,0,0
37,0.0,17.29,49,8.99,1,3,0.35,0.0,1.0,0.0,0,0,0,1,0,0,0,0,0,0,1,0,0,0,0,1,0,0,0,0,1,0,0
64,0.0,7.29,18,8.99,0,2,0.38,0.0,1.0,0.0,0,1,0,0,0,0,0,1,0,0,0,0,0,0,0,1,0,0,0,0,0,0,1
64,1.0,54.34,9,13.99,0,3,5.43,0.0,1.0,0.0,0,1,0,0,0,0,1,0,0,0,0,0,0,1,0,0,0,0,1,0,0,0,0
50,0.0,2.05,59,8.99,1,5,0.03,0.0,1.0,0.0,0,0,0,1,0,0,0,0,0,1,0,0,0,1,0,0,1,0,0,0,0,0,0
31,2.0,8.18,43,17.99,1,1,0.19,0.0,0.0,1.0,0,0,1,0,0,0,1,0,0,0,0,0,0,0,0,1,0,0,0,0,1,0,0
44,0.0,1.75,52,8.99,1,5,0.03,1.0,0.0,0.0,1,0,0,0,0,0,0,0,0,1,0,0,1,0,0,0,0,0,0,1,0,0,0
64,0.0,24.36,32,8.99,0,3,0.74,0.0,1.0,0.0,0,0,0,0,1,0,0,1,0,0,0,0,1,0,0,0,0,0,0,0,0,0,1
54,1.0,5.07,20,13.99,0,5,0.24,0.0,0.0,1.0,0,1,0,0,0,0,0,0,0,0,1,1,0,0,0,0,0,0,1,0,0,0,0
69,1.0,17.01,47,13.99,1,2,0.35,0.0,1.0,0.0,0,0,0,0,0,1,0,1,0,0,0,0,1,0,0,0,0,0,0,1,0,0,0
65,0.0,0.14,16,8.99,1,1,0.01,0.0,1.0,0.0,0,0,0,0,0,1,0,0,1,0,0,0,0,0,1,0,0,0,0,1,0,0,0
58,2.0,23.9,38,17.99,0,1,0.61,0.0,0.0,1.0,0,0,0,1,0,0,0,0,0,1,0,0,0,1,0,0,0,0,0,0,0,1,0
21,2.0,4.12,35,17.99,1,2,0.11,1.0,0.0,0.0,0,0,0,1,0,0,0,1,0,0,0,0,0,0,1,0,0,1,0,0,0,0,0
28,2.0,29.83,32,17.99,0,4,0.9,1.0,0.0,0.0,0,0,0,1,0,0,1,0,0,0,0,0,1,0,0,0,0,0,0,1,0,0,0
70,2.0,7.13,29,17.99,0,5,0.24,1.0,0.0,0.0,1,0,0,0,0,0,1,0,0,0,0,0,0,0,0,1,1,0,0,0,0,0,0
69,0.0,9.77,12,8.99,0,3,0.75,0.0,0.0,1.0,0,0,0,0,1,0,1,0,0,0,0,1,0,0,0,0,0,0,0,0,0,1,0
28,0.0,13.44,20,8.99,0,1,0.64,0.0,1.0,0.0,0,0,0,0,1,0,0,0,0,1,0,1,0,0,0,0,0,1,0,0,0,0,0
42,1.0,4.16,46,13.99,1,5,0.09,1.0,0.0,0.0,0,1,0,0,0,0,0,1,0,0,0,0,0,1,0,0,0,0,0,0,1,0,0
27,0.0,0.4,9,8.99,1,5,0.04,0.0,1.0,0.0,0,0,0,0,1,0,0,0,0,0,1,0,0,1,0,0,1,0,0,0,0,0,0
30,0.0,0.39,4,8.99,1,2,0.08,0.0,1.0,0.0,1,0,0,0,0,0,0,0,1,0,0,1,0,0,0,0,0,1,0,0,0,0,0
41,0.0,1.06,30,8.99,1,4,0.03,0.0,0.0,1.0,0,1,0,0,0,0,0,0,0,0,1,0,0,1,0,0,0,0,0,0,1,0,0
27,0.0,26.34,18,8.99,0,2,1.39,0.0,1.0,0.0,0,0,0,1,0,0,1,0,0,0,0,0,0,0,1,0,0,0,0,0,0,1,0
57,0.0,7.46,10,8.99,0,1,0.68,1.0,0.0,0.0,0,1,0,0,0,0,1,0,0,0,0,0,0,1,0,0,0,1,0,0,0,0,0
69,0.0,24.18,56,8.99,1,2,0.42,0.0,1.0,0.0,0,0,1,0,0,0,0,1,0,0,0,0,0,0,1,0,0,0,0,0,0,1,0
38,0.0,15.01,11,8.99,0,3,1.25,0.0,1.0,0.0,0,0,0,0,0,1,0,0,0,1,0,0,0,1,0,0,0,0,1,0,0,0,0
55,2.0,3.72,54,17.99,1,5,0.07,1.0,0.0,0.0,0,0,0,1,0,0,0,1,0,0,0,0,1,0,0,0,1,0,0,0,0,0,0
26,0.0,0.11,55,8.99,1,4,0.0,1.0,0.0,0.0,0,0,0,0,0,1,0,1,0,0,0,0,1,0,0,0,0,0,0,0,0,0,1
31,0.0,7.69,57,8.99,1,2,0.13,0.0,1.0,0.0,1,0,0,0,0,0,1,0,0,0,0,0,0,1,0,0,0,1,0,0,0,0,0
36,1.0,3.89,37,13.99,1,3,0.1,0.0,0.0,1.0,0,0,0,0,0,1,0,0,0,1,0,0,1,0,0,0,0,0,0,0,0,1,0
70,0.0,13.74,44,8.99,1,3,0.31,0.0,0.0,1.0,0,0,0,0,0,1,0,0,1,0,0,0,0,0,0,1,0,0,0,0,0,1,0
49,2.0,18.55,50,17.99,1,3,0.36,0.0,0.0,1.0,0,0,0,1,0,0,0,0,0,1,0,0,1,0,0,0,0,0,0,0,0,0,1
47,1.0,13.27,26,13.99,0,3,0.49,1.0,0.0,0.0,0,0,0,0,1,0,0,1,0,0,0,1,0,0,0,0,0,0,1,0,0,0,0
31,1.0,15.37,4,13.99,0,3,3.07,0.0,0.0,1.0,0,0,0,0,0,1,0,1,0,0,0,0,1,0,0,0,0,1,0,0,0,0,0
40,0.0,3.0,0,8.99,0,4,3.0,1.0,0.0,0.0,0,0,0,0,1,0,0,1,0,0,0,0,0,1,0,0,0,0,0,1,0,0,0
69,1.0,9.43,1,13.99,0,3,4.71,1.0,0.0,0.0,0,0,1,0,0,0,1,0,0,0,0,1,0,0,0,0,1,0,0,0,0,0,0
19,0.0,5.62,13,8.99,0,4,0.4,0.0,0.0,1.0,0,0,1,0,0,0,0,0,0,1,0,0,0,0,0,1,0,0,0,1,0,0,0
30,1.0,4.62,46,13.99,1,3,0.1,0.0,1.0,0.0,0,0,1,0,0,0,0,1,0,0,0,0,0,0,0,1,1,0,0,0,0,0,0
29,0.0,26.48,53,8.99,1,3,0.49,0.0,1.0,0.0,1,0,0,0,0,0,0,0,1,0,0,0,0,1,0,0,0,0,0,0,0,1,0
62,1.0,24.14,2,13.99,0,4,8.05,1.0,0.0,0.0,1,0,0,0,0,0,1,0,0,0,0,0,1,0,0,0,0,0,0,0,1,0,0
38,2.0,12.49,38,17.99,1,1,0.32,1.0,0.0,0.0,0,0,0,0,1,0,0,0,0,1,0,1,0,0,0,0,0,0,0,0,0,0,1
47,2.0,37.49,56,17.99,0,5,0.66,0.0,1.0,0.0,0,0,0,0,0,1,0,0,0,0,1,0,1,0,0,0,0,0,0,0,0,0,1
64,2.0,31.88,16,17.99,0,4,1.88,1.0,0.0,0.0,0,0,1,0,0,0,0,0,1,0,0,0,0,0,0,1,0,1,0,0,0,0,0
21,2.0,3.13,53,17.99,1,4,0.06,0.0,1.0,0.0,0,1,0,0,0,0,0,0,1,0,0,0,0,0,1,0,0,0,0,1,0,0,0
22,0.0,11.2,14,8.99,0,4,0.75,1.0,0.0,0.0,1,0,0,0,0,0,0,0,0,0,1,0,0,0,1,0,0,0,0,0,1,0,0
60,2.0,14.41,41,17.99,0,4,0.34,0.0,0.0,1.0,0,0,0,1,0,0,0,0,0,0,1,0,0,1,0,0,0,0,0,0,0,0,1
27,2.0,7.92,9,17.99,0,5,0.79,0.0,1.0,0.0,0,0,0,0,0,1,1,0,0,0,0,0,0,1,0,0,0,0,0,0,1,0,0
36,0.0,9.02,32,8.99,1,2,0.27,1.0,0.0,0.0,0,0,1,0,0,0,0,0,0,0,1,0,0,0,0,1,0,0,0,0,0,0,1
22,0.0,5.59,57,8.99,1,3,0.1,1.0,0.0,0.0,0,0,0,0,0,1,1,0,0,0,0,0,0,0,1,0,1,0,0,0,0,0,0
43,0.0,3.17,30,8.99,1,4,0.1,1.0,0.0,0.0,0,0,0,1,0,0,0,1,0,0,0,0,0,0,0,1,0,0,0,0,0,1,0
50,1.0,26.57,34,13.99,0,5,0.76,0.0,0.0,1.0,1,0,0,0,0,0,0,0,1,0,0,1,0,0,0,0,0,0,1,0,0,0,0
67,0.0,7.17,41,8.99,1,4,0.17,0.0,1.0,0.0,0,0,1,0,0,0,0,0,0,1,0,0,1,0,0,0,0,1,0,0,0,0,0
59,2.0,19.86,37,17.99,0,3,0.52,1.0,0.0,0.0,0,0,1,0,0,0,0,0,1,0,0,0,0,0,1,0,0,0,0,0,0,0,1
33,0.0,40.05,47,8.99,0,5,0.83,0.0,0.0,1.0,0,0,1,0,0,0,0,0,0,0,1,0,1,0,0,0,0,0,0,0,1,0,0
50,1.0,8.9,42,13.99,1,3,0.21,0.0,1.0,0.0,0,0,0,0,1,0,1,0,0,0,0,0,0,0,1,0,0,0,0,0,1,0,0
55,0.0,22.18,29,8.99,0,3,0.74,0.0,0.0,1.0,0,0,0,0,1,0,0,0,1,0,0,1,0,0,0,0,1,0,0,0,0,0,0
46,1.0,4.38,37,13.99,1,4,0.12,1.0,0.0,0.0,0,0,0,1,0,0,0,0,0,0,1,0,1,0,0,0,0,0,0,0,0,1,0
51,0.0,12.08,41,8.99,1,5,0.29,1.0,0.0,0.0,0,0,0,1,0,0,0,0,1,0,0,0,0,1,0,0,0,0,0,0,1,0,0
67,2.0,6.7,30,17.99,0,5,0.22,0.0,0.0,1.0,1,0,0,0,0,0,0,0,1,0,0,1,0,0,0,0,0,1,0,0,0,0,0
44,0.0,9.03,49,8.99,1,2,0.18,1.0,0.0,0.0,0,0,0,0,1,0,1,0,0,0,0,1,0,0,0,0,0,0,1,0,0,0,0
58,1.0,4.69,49,13.99,1,1,0.09,0.0,0.0,1.0,1,0,0,0,0,0,0,0,0,1,0,0,1,0,0,0,0,0,0,0,0,1,0
59,0.0,7.17,31,8.99,1,3,0.22,0.0,0.0,1.0,0,0,0,0,0,1,0,0,1,0,0,0,0,0,1,0,0,0,0,0,1,0,0
22,0.0,25.18,39,8.99,0,5,0.63,0.0,0.0,1.0,0,0,0,0,1,0,0,0,0,1,0,0,0,1,0,0,1,0,0,0,0,0,0
44,0.0,7.25,19,8.99,1,1,0.36,1.0,0.0,0.0,0,0,0,0,1,0,1,0,0,0,0,1,0,0,0,0,0,0,0,0,1,0,0
63,2.0,1.43,57,17.99,1,5,0.02,0.0,1.0,0.0,0,1,0,0,0,0,0,0,0,1,0,0,0,0,1,0,0,1,0,0,0,0,0
57,1.0,2.34,0,13.99,0,5,2.34,0.0,1.0,0.0,0,0,0,1,0,0,1,0,0,0,0,0,0,1,0,0,0,0,0,0,0,0,1
43,2.0,14.21,11,17.99,0,3,1.18,0.0,1.0,0.0,0,0,0,0,0,1,0,0,0,1,0,0,0,0,0,1,0,0,0,0,1,0,0
55,1.0,5.36,42,13.99,0,5,0.12,1.0,0.0,0.0,1,0,0,0,0,0,1,0,0,0,0,0,0,1,0,0,0,0,0,0,1,0,0
19,1.0,5.42,60,13.99,1,1,0.09,1.0,0.0,0.0,0,0,0,1,0,0,0,0,0,1,0,1,0,0,0,0,0,1,0,0,0,0,0
64,2.0,11.09,26,17.99,0,5,0.41,0.0,0.0,1.0,1,0,0,0,0,0,1,0,0,0,0,0,0,1,0,0,0,0,0,1,0,0,0
61,2.0,1.91,52,17.99,1,1,0.04,1.0,0.0,0.0,0,0,0,1,0,0,0,0,0,1,0,0,0,1,0,0,0,0,0,0,0,1,0
44,2.0,1.22,24,17.99,1,3,0.05,0.0,1.0,0.0,0,0,0,0,1,0,0,0,0,0,1,0,1,0,0,0,0,0,0,0,1,0,0
40,1.0,3.21,58,13.99,1,2,0.05,1.0,0.0,0.0,0,0,1,0,0,0,1,0,0,0,0,0,0,0,0,1,1,0,0,0,0,0,0
33,1.0,13.21,21,13.99,0,4,0.6,1.0,0.0,0.0,0,0,0,0,1,0,0,0,0,0,1,0,0,1,0,0,0,1,0,0,0,0,0
47,1.0,8.01,11,13.99,0,4,0.67,0.0,0.0,1.0,0,0,1,0,0,0,0,0,1,0,0,0,0,0,1,0,0,0,0,0,1,0,0
48,2.0,6.53,55,17.99,1,2,0.12,0.0,0.0,1.0,0,1,0,0,0,0,0,0,1,0,0,0,0,0,1,0,0,0,1,0,0,0,0
69,0.0,20.61,37,8.99,0,5,0.54,1.0,0.0,0.0,0,0,0,0,0,1,0,0,0,0,1,0,1,0,0,0,0,0,0,0,0,1,0
37,0.0,6.29,16,8.99,0,2,0.37,0.0,0.0,1.0,1,0,0,0,0,0,0,0,0,0,1,0,0,1,0,0,0,0,0,1,0,0,0
36,1.0,2.06,24,13.99,1,1,0.08,1.0,0.0,0.0,1,0,0,0,0,0,0,1,0,0,0,0,1,0,0,0,0,0,0,0,0,1,0
25,2.0,0.57,53,17.99,1,4,0.01,0.0,0.0,1.0,0,0,0,1,0,0,0,0,1,0,0,0,0,0,0,1,0,0,0,0,0,1,0
37,0.0,9.34,43,8.99,1,3,0.21,0.0,1.0,0.0,0,1,0,0,0,0,0,0,0,0,1,0,1,0,0,0,0,0,0,0,0,0,1
54,1.0,3.6,39,13.99,1,3,0.09,0.0,1.0,0.0,0,0,0,1,0,0,0,0,1,0,0,1,0,0,0,0,0,0,0,1,0,0,0
67,2.0,2.24,34,17.99,1,2,0.06,0.0,1.0,0.0,1,0,0,0,0,0,0,0,0,1,0,0,1,0,0,0,1,0,0,0,0,0,0
63,1.0,3.8,57,13.99,1,3,0.07,0.0,0.0,1.0,0,0,0,1,0,0,0,0,0,1,0,0,1,0,0,0,1,0,0,0,0,0,0
69,0.0,32.42,43,8.99,0,3,0.74,0.0,0.0,1.0,0,0,0,1,0,0,1,0,0,0,0,1,0,0,0,0,1,0,0,0,0,0,0
45,0.0,42.32,30,8.99,0,4,1.37,1.0,0.0,0.0,0,1,0,0,0,0,0,0,0,1,0,0,1,0,0,0,0,0,1,0,0,0,0
68,1.0,3.68,53,13.99,1,3,0.07,0.0,0.0,1.0,0,0,0,0,0,1,0,0,0,0,1,1,0,0,0,0,0,0,0,0,1,0,0
20,1.0,2.97,35,13.99,1,2,0.08,0.0,1.0,0.0,0,0,0,0,0,1,0,0,0,1,0,0,0,0,0,1,0,0,0,0,0,1,0
18,1.0,28.66,0,13.99,0,5,28.66,0.0,1.0,0.0,0,0,0,0,1,0,1,0,0,0,0,0,0,0,1,0,0,0,0,1,0,0,0
26,1.0,2.0,11,13.99,1,3,0.17,0.0,0.0,1.0,1,0,0,0,0,0,1,0,0,0,0,0,0,0,0,1,0,0,1,0,0,0,0
59,0.0,5.65,37,8.99,1,2,0.15,0.0,0.0,1.0,1,0,0,0,0,0,0,0,0,0,1,0,0,1,0,0,0,1,0,0,0,0,0
36,2.0,22.32,55,17.99,0,3,0.4,0.0,1.0,0.0,0,1,0,0,0,0,0,0,0,1,0,0,0,0,1,0,0,0,0,1,0,0,0
51,2.0,9.53,23,17.99,0,2,0.4,0.0,0.0,1.0,0,0,0,0,1,0,0,1,0,0,0,1,0,0,0,0,0,1,0,0,0,0,0
44,0.0,21.72,0,8.99,0,2,21.72,0.0,1.0,0.0,0,1,0,0,0,0,0,0,0,0,1,0,1,0,0,0,0,0,1,0,0,0,0
57,0.0,1.22,8,8.99,1,5,0.14,1.0,0.0,0.0,0,0,0,0,1,0,0,0,0,1,0,1,0,0,0,0,0,0,0,0,1,0,0
24,2.0,6.21,25,17.99,0,4,0.24,0.0,0.0,1.0,0,0,0,0,0,1,1,0,0,0,0,0,0,0,0,1,0,0,0,0,1,0,0
54,2.0,22.73,39,17.99,0,5,0.57,1.0,0.0,0.0,0,0,1,0,0,0,0,0,0,1,0,0,0,0,0,1,0,0,0,0,0,0,1
63,0.0,0.24,21,8.99,1,5,0.01,0.0,1.0,0.0,0,0,1,0,0,0,0,1,0,0,0,1,0,0,0,0,1,0,0,0,0,0,0
20,1.0,11.07,23,13.99,0,1,0.46,0.0,0.0,1.0,0,0,0,1,0,0,0,1,0,0,0,0,0,0,0,1,0,0,0,0,1,0,0
37,1.0,11.8,23,13.99,0,3,0.49,1.0,0.0,0.0,1,0,0,0,0,0,0,1,0,0,0,0,0,1,0,0,0,1,0,0,0,0,0
66,1.0,7.95,47,13.99,1,2,0.17,0.0,1.0,0.0,0,1,0,0,0,0,1,0,0,0,0,0,0,0,1,0,0,0,1,0,0,0,0
36,1.0,4.34,57,13.99,1,3,0.07,0.0,1.0,0.0,0,0,0,0,0,1,0,1,0,0,0,0,0,1,0,0,0,0,0,0,0,1,0
35,2.0,12.01,5,17.99,0,4,2.0,1.0,0.0,0.0,0,1,0,0,0,0,0,0,1,0,0,0,0,1,0,0,0,0,0,0,1,0,0
51,0.0,89.83,53,8.99,0,5,1.66,0.0,1.0,0.0,0,0,0,0,0,1,0,1,0,0,0,0,0,0,1,0,0,0,0,1,0,0,0
22,2.0,0.79,17,17.99,1,4,0.04,1.0,0.0,0.0,0,0,0,1,0,0,0,0,1,0,0,0,1,0,0,0,0,0,0,0,1,0,0
19,1.0,13.89,30,13.99,0,3,0.45,1.0,0.0,0.0,0,1,0,0,0,0,1,0,0,0,0,0,1,0,0,0,0,0,0,0,0,0,1
58,0.0,20.1,25,8.99,0,2,0.77,0.0,0.0,1.0,0,0,0,0,0,1,0,0,1,0,0,0,0,0,0,1,1,0,0,0,0,0,0
37,1.0,0.44,35,13.99,1,2,0.01,0.0,0.0,1.0,1,0,0,0,0,0,0,0,0,1,0,0,0,0,1,0,0,0,0,0,1,0,0
34,0.0,13.6,1,8.99,0,2,6.8,1.0,0.0,0.0,0,0,0,1,0,0,0,0,1,0,0,0,0,1,0,0,0,0,0,0,0,1,0
47,0.0,2.57,10,8.99,1,5,0.23,1.0,0.0,0.0,0,0,0,0,0,1,0,0,0,0,1,0,0,0,1,0,0,0,0,0,0,0,1
26,2.0,16.34,5,17.99,0,2,2.72,0.0,1.0,0.0,0,1,0,0,0,0,0,0,0,1,0,1,0,0,0,0,0,0,0,1,0,0,0
35,0.0,14.78,24,8.99,0,4,0.59,0.0,0.0,1.0,0,1,0,0,0,0,0,0,1,0,0,0,1,0,0,0,0,0,0,0,0,0,1
41,1.0,2.14,59,13.99,1,1,0.04,0.0,0.0,1.0,0,0,0,1,0,0,1,0,0,0,0,1,0,0,0,0,0,0,0,0,1,0,0
65,0.0,0.71,54,8.99,1,3,0.01,0.0,1.0,0.0,0,0,0,0,1,0,0,1,0,0,0,0,1,0,0,0,0,0,1,0,0,0,0
63,2.0,45.68,52,17.99,0,1,0.86,0.0,1.0,0.0,0,0,0,0,0,1,1,0,0,0,0,0,0,0,1,0,0,0,0,0,0,0,1
54,1.0,2.91,26,13.99,1,5,0.11,0.0,0.0,1.0,0,0,1,0,0,0,0,1,0,0,0,0,0,0,1,0,0,0,1,0,0,0,0
26,1.0,3.81,41,13.99,1,4,0.09,0.0,1.0,0.0,0,0,0,0,0,1,0,0,0,1,0,0,1,0,0,0,0,0,1,0,0,0,0
69,2.0,11.8,53,17.99,1,5,0.22,0.0,1.0,0.0,0,0,0,0,1,0,0,0,0,0,1,0,1,0,0,0,0,1,0,0,0,0,0
45,0.0,9.77,16,8.99,0,2,0.57,1.0,0.0,0.0,0,1,0,0,0,0,0,1,0,0,0,0,0,0,1,0,0,0,0,0,0,1,0
18,0.0,0.33,28,8.99,1,3,0.01,1.0,0.0,0.0,0,0,0,0,1,0,0,0,0,0,1,0,0,0,0,1,1,0,0,0,0,0,0
30,1.0,7.51,45,13.99,1,3,0.16,0.0,0.0,1.0,0,0,1,0,0,0,0,0,0,0,1,0,1,0,0,0,0,0,0,0,1,0,0
58,2.0,24.06,38,17.99,0,5,0.62,1.0,0.0,0.0,0,0,0,1,0,0,0,0,1,0,0,0,0,0,0,1,0,0,0,0,1,0,0
37,1.0,8.25,4,13.99,0,1,1.65,0.0,0.0,1.0,0,0,0,1,0,0,0,1,0,0,0,0,0,0,0,1,0,0,0,0,1,0,0
18,1.0,0.27,20,13.99,1,1,0.01,1.0,0.0,0.0,0,0,0,0,1,0,1,0,0,0,0,1,0,0,0,0,0,1,0,0,0,0,0
57,2.0,0.98,59,17.99,1,2,0.02,1.0,0.0,0.0,1,0,0,0,0,0,0,1,0,0,0,0,0,1,0,0,0,0,1,0,0,0,0
59,2.0,0.1,20,17.99,1,1,0.0,1.0,0.0,0.0,0,0,0,1,0,0,0,1,0,0,0,0,1,0,0,0,0,0,0,0,0,0,1
29,2.0,8.13,17,17.99,0,2,0.45,0.0,0.0,1.0,0,0,0,0,1,0,0,0,0,1,0,1,0,0,0,0,0,0,0,0,0,0,1
66,1.0,3.46,44,13.99,1,4,0.08,0.0,1.0,0.0,0,0,0,0,1,0,0,0,0,0,1,0,1,0,0,0,0,1,0,0,0,0,0
55,0.0,2.74,44,8.99,1,4,0.06,0.0,1.0,0.0,0,0,0,0,0,1,0,1,0,0,0,1,0,0,0,0,0,0,1,0,0,0,0
39,2.0,21.09,57,17.99,0,2,0.36,0.0,1.0,0.0,0,0,0,1,0,0,0,1,0,0,0,0,0,0,1,0,0,0,0,1,0,0,0
51,2.0,4.43,9,17.99,1,3,0.44,0.0,0.0,1.0,0,0,0,0,0,1,0,1,0,0,0,0,0,0,1,0,0,0,0,0,1,0,0
57,1.0,1.41,11,13.99,0,5,0.12,1.0,0.0,0.0,0,0,1,0,0,0,0,0,0,0,1,0,0,0,0,1,0,0,0,0,0,1,0
48,0.0,3.04,20,8.99,1,2,0.14,0.0,0.0,1.0,0,0,1,0,0,0,0,0,1,0,0,0,0,1,0,0,1,0,0,0,0,0,0
26,2.0,4.66,38,17.99,1,5,0.12,1.0,0.0,0.0,0,0,0,0,0,1,0,1,0,0,0,0,0,1,0,0,0,0,1,0,0,0,0
34,0.0,18.39,53,8.99,1,1,0.34,1.0,0.0,0.0,0,0,0,0,1,0,0,1,0,0,0,0,0,1,0,0,1,0,0,0,0,0,0
18,1.0,3.03,22,13.99,1,5,0.13,0.0,1.0,0.0,0,0,0,0,1,0,0,0,0,0,1,0,0,0,1,0,1,0,0,0,0,0,0
51,0.0,6.65,2,8.99,0,4,2.22,0.0,1.0,0.0,0,0,0,1,0,0,0,0,0,1,0,0,0,0,0,1,0,0,0,0,1,0,0
55,0.0,7.22,3,8.99,0,2,1.8,0.0,1.0,0.0,0,0,0,1,0,0,0,0,0,0,1,0,0,0,1,0,0,0,0,0,0,1,0
20,0.0,1.81,0,8.99,0,3,1.81,0.0,1.0,0.0,1,0,0,0,0,0,0,0,1,0,0,1,0,0,0,0,0,0,0,0,0,0,1
21,2.0,27.46,43,17.99,0,2,0.62,0.0,0.0,1.0,0,0,0,1,0,0,0,0,0,0,1,0,0,0,1,0,0,0,1,0,0,0,0
70,0.0,18.36,46,8.99,1,2,0.39,0.0,0.0,1.0,0,0,0,1,0,0,0,1,0,0,0,0,0,0,1,0,0,0,0,0,1,0,0
70,0.0,1.26,20,8.99,1,5,0.06,1.0,0.0,0.0,1,0,0,0,0,0,0,0,0,1,0,0,0,1,0,0,0,0,0,1,0,0,0
66,1.0,0.29,2,13.99,1,2,0.1,0.0,1.0,0.0,0,0,0,0,1,0,0,1,0,0,0,0,0,0,1,0,1,0,0,0,0,0,0
55,2.0,13.7,59,17.99,1,3,0.23,1.0,0.0,0.0,0,0,0,0,0,1,1,0,0,0,0,0,0,0,0,1,1,0,0,0,0,0,0
28,1.0,2.25,30,13.99,1,3,0.07,1.0,0.0,0.0,0,0,0,0,0,1,0,1,0,0,0,0,1,0,0,0,1,0,0,0,0,0,0
47,2.0,7.74,25,17.99,0,1,0.3,0.0,0.0,1.0,1,0,0,0,0,0,1,0,0,0,0,0,0,1,0,0,0,0,1,0,0,0,0
38,0.0,7.99,27,8.99,0,3,0.29,1.0,0.0,0.0,0,0,0,0,0,1,0,0,1,0,0,1,0,0,0,0,0,1,0,0,0,0,0
63,2.0,26.2,52,17.99,0,2,0.49,0.0,0.0,1.0,0,0,0,1,0,0,0,1,0,0,0,0,0,0,1,0,0,0,0,0,1,0,0
29,1.0,8.15,13,13.99,0,2,0.58,0.0,0.0,1.0,0,0,0,1,0,0,0,0,0,1,0,0,1,0,0,0,0,0,0,1,0,0,0
39,2.0,4.84,0,17.99,0,2,4.84,0.0,1.0,0.0,1,0,0,0,0,0,0,1,0,0,0,0,0,1,0,0,0,1,0,0,0,0,0
23,0.0,0.6,6,8.99,1,3,0.09,0.0,1.0,0.0,0,0,0,0,1,0,1,0,0,0,0,0,0,0,0,1,0,0,1,0,0,0,0
58,0.0,10.42,6,8.99,0,2,1.49,1.0,0.0,0.0,0,0,0,0,1,0,0,0,0,0,1,0,0,1,0,0,0,0,1,0,0,0,0
26,1.0,2.35,25,13.99,0,5,0.09,0.0,1.0,0.0,0,0,0,0,1,0,0,0,0,0,1,0,0,0,0,1,0,0,0,0,0,1,0
63,2.0,3.17,14,17.99,1,5,0.21,0.0,1.0,0.0,0,0,0,0,1,0,0,0,0,0,1,0,0,0,1,0,0,1,0,0,0,0,0
37,2.0,24.13,31,17.99,0,2,0.75,0.0,1.0,0.0,0,0,0,0,0,1,0,0,0,1,0,0,1,0,0,0,1,0,0,0,0,0,0
48,1.0,3.84,23,13.99,1,1,0.16,1.0,0.0,0.0,0,0,0,0,0,1,0,0,0,0,1,0,1,0,0,0,0,0,0,0,0,1,0
32,2.0,14.31,43,17.99,0,5,0.33,0.0,0.0,1.0,0,0,1,0,0,0,1,0,0,0,0,1,0,0,0,0,0,0,0,0,1,0,0
64,0.0,6.74,46,8.99,1,5,0.14,1.0,0.0,0.0,0,0,0,1,0,0,0,0,0,0,1,1,0,0,0,0,0,0,1,0,0,0,0
47,0.0,10.89,48,8.99,1,5,0.22,1.0,0.0,0.0,0,0,0,0,1,0,0,0,1,0,0,0,0,1,0,0,0,1,0,0,0,0,0
48,1.0,21.16,28,13.99,0,5,0.73,1.0,0.0,0.0,0,0,0,0,0,1,0,0,1,0,0,0,0,0,0,1,0,1,0,0,0,0,0
44,0.0,22.22,42,8.99,0,5,0.52,0.0,0.0,1.0,0,1,0,0,0,0,0,0,0,0,1,0,0,0,1,0,0,1,0,0,0,0,0
44,1.0,27.08,16,13.99,0,3,1.59,0.0,1.0,0.0,0,1,0,0,0,0,1,0,0,0,0,0,1,0,0,0,0,0,0,0,1,0,0
49,0.0,7.69,2,8.99,0,1,2.56,1.0,0.0,0.0,1,0,0,0,0,0,0,0,1,0,0,0,0,0,1,0,0,1,0,0,0,0,0
60,0.0,15.01,20,8.99,0,1,0.71,1.0,0.0,0.0,0,0,0,0,0,1,0,0,1,0,0,0,1,0,0,0,0,0,0,0,0,0,1
61,2.0,12.59,11,17.99,0,5,1.05,0.0,0.0,1.0,0,0,0,1,0,0,0,0,0,1,0,0,1,0,0,0,0,0,0,0,0,1,0
68,0.0,6.43,38,8.99,1,3,0.16,1.0,0.0,0.0,0,1,0,0,0,0,1,0,0,0,0,0,1,0,0,0,0,1,0,0,0,0,0
55,1.0,22.74,5,13.99,0,3,3.79,0.0,1.0,0.0,0,0,1,0,0,0,0,0,1,0,0,0,0,0,0,1,0,0,0,0,1,0,0
54,2.0,10.36,50,17.99,0,5,0.2,0.0,1.0,0.0,0,0,1,0,0,0,0,0,0,1,0,1,0,0,0,0,0,0,0,0,0,0,1
29,0.0,0.65,12,8.99,1,3,0.05,1.0,0.0,0.0,0,0,1,0,0,0,0,0,0,0,1,0,1,0,0,0,0,0,0,1,0,0,0
56,2.0,0.85,29,17.99,1,5,0.03,0.0,0.0,1.0,0,0,0,0,1,0,0,0,0,1,0,0,1,0,0,0,0,0,0,0,0,0,1
18,2.0,6.61,50,17.99,1,2,0.13,0.0,0.0,1.0,0,0,0,0,0,1,0,1,0,0,0,0,0,0,1,0,0,0,0,0,1,0,0
26,1.0,5.59,1,13.99,0,3,2.79,0.0,0.0,1.0,0,0,0,1,0,0,0,0,0,0,1,0,0,1,0,0,0,0,0,0,0,1,0
24,1.0,2.65,32,13.99,1,4,0.08,0.0,1.0,0.0,0,0,0,0,0,1,0,0,0,1,0,1,0,0,0,0,0,0,0,1,0,0,0
26,1.0,10.62,60,13.99,0,5,0.17,0.0,1.0,0.0,0,0,0,0,0,1,0,0,1,0,0,0,0,1,0,0,1,0,0,0,0,0,0
47,1.0,4.22,12,13.99,1,3,0.32,0.0,1.0,0.0,0,0,0,0,0,1,0,0,1,0,0,0,0,1,0,0,0,0,0,1,0,0,0
59,1.0,7.33,21,13.99,0,4,0.33,0.0,1.0,0.0,0,0,0,0,1,0,0,0,1,0,0,0,0,0,0,1,0,0,1,0,0,0,0
25,1.0,9.92,3,13.99,0,5,2.48,0.0,0.0,1.0,0,0,1,0,0,0,0,0,0,0,1,0,1,0,0,0,0,0,0,0,1,0,0
35,2.0,9.51,2,17.99,0,1,3.17,0.0,1.0,0.0,0,0,0,0,1,0,1,0,0,0,0,0,0,0,1,0,0,0,0,0,1,0,0
37,0.0,23.55,17,8.99,0,2,1.31,0.0,0.0,1.0,0,0,1,0,0,0,0,0,1,0,0,0,1,0,0,0,0,1,0,0,0,0,0
27,1.0,3.4,46,13.99,1,1,0.07,1.0,0.0,0.0,1,0,0,0,0,0,0,1,0,0,0,0,0,0,0,1,1,0,0,0,0,0,0
54,1.0,3.47,31,13.99,1,5,0.11,0.0,0.0,1.0,1,0,0,0,0,0,0,1,0,0,0,0,0,0,0,1,0,0,1,0,0,0,0
66,1.0,0.06,58,13.99,1,2,0.0,1.0,0.0,0.0,0,0,1,0,0,0,0,0,1,0,0,0,0,0,0,1,0,0,1,0,0,0,0
64,1.0,31.14,39,13.99,0,3,0.78,1.0,0.0,0.0,0,0,0,0,1,0,0,1,0,0,0,0,0,1,0,0,0,0,1,0,0,0,0
38,0.0,5.61,12,8.99,1,2,0.43,1.0,0.0,0.0,0,0,0,0,0,1,1,0,0,0,0,0,0,0,1,0,0,0,0,1,0,0,0
53,1.0,3.74,21,13.99,1,3,0.17,0.0,1.0,0.0,1,0,0,0,0,0,0,1,0,0,0,0,0,1,0,0,0,0,0,0,0,1,0
51,2.0,0.46,7,17.99,1,2,0.06,1.0,0.0,0.0,1,0,0,0,0,0,0,0,0,1,0,0,0,0,0,1,0,0,0,1,0,0,0
69,0.0,4.88,29,8.99,1,1,0.16,0.0,1.0,0.0,0,0,0,0,0,1,1,0,0,0,0,0,0,0,0,1,0,1,0,0,0,0,0
61,1.0,8.85,13,13.99,0,2,0.63,0.0,1.0,0.0,1,0,0,0,0,0,0,0,0,0,1,0,1,0,0,0,0,1,0,0,0,0,0
18,0.0,4.91,44,8.99,1,1,0.11,0.0,1.0,0.0,1,0,0,0,0,0,0,0,0,0,1,0,0,0,1,0,0,0,0,0,0,1,0
31,0.0,2.82,51,8.99,1,2,0.05,1.0,0.0,0.0,0,0,0,1,0,0,1,0,0,0,0,1,0,0,0,0,1,0,0,0,0,0,0
29,1.0,2.22,34,13.99,1,4,0.06,0.0,0.0,1.0,0,0,0,1,0,0,0,0,0,0,1,0,0,1,0,0,1,0,0,0,0,0,0
45,2.0,9.28,34,17.99,1,2,0.27,1.0,0.0,0.0,0,0,1,0,0,0,0,1,0,0,0,1,0,0,0,0,0,0,0,0,1,0,0
41,2.0,10.7,50,17.99,0,5,0.21,0.0,1.0,0.0,0,0,0,0,0,1,0,0,0,0,1,0,0,0,0,1,0,0,0,1,0,0,0
69,0.0,9.95,34,8.99,1,4,0.28,1.0,0.0,0.0,1,0,0,0,0,0,0,1,0,0,0,0,1,0,0,0,0,0,1,0,0,0,0
33,1.0,2.31,46,13.99,1,1,0.05,0.0,1.0,0.0,0,1,0,0,0,0,0,0,0,0,1,1,0,0,0,0,0,0,0,0,0,0,1
55,2.0,2.59,17,17.99,0,5,0.14,1.0,0.0,0.0,0,0,0,1,0,0,0,0,1,0,0,0,0,0,0,1,0,0,0,1,0,0,0
34,2.0,14.62,47,17.99,1,5,0.3,1.0,0.0,0.0,0,0,0,1,0,0,0,0,0,0,1,0,1,0,0,0,0,0,0,1,0,0,0
68,0.0,2.39,47,8.99,1,5,0.05,0.0,0.0,1.0,0,0,0,0,1,0,0,0,1,0,0,1,0,0,0,0,0,0,0,0,0,0,1
32,0.0,26.07,37,8.99,0,2,0.69,0.0,1.0,0.0,0,0,0,0,1,0,0,1,0,0,0,1,0,0,0,0,0,0,0,1,0,0,0
64,0.0,15.08,36,8.99,1,3,0.41,0.0,1.0,0.0,0,0,1,0,0,0,1,0,0,0,0,1,0,0,0,0,0,0,0,0,0,1,0
44,0.0,47.4,9,8.99,0,5,4.74,1.0,0.0,0.0,0,0,0,1,0,0,1,0,0,0,0,0,0,1,0,0,0,0,0,0,0,1,0
29,1.0,0.53,13,13.99,1,3,0.04,0.0,0.0,1.0,1,0,0,0,0,0,1,0,0,0,0,0,0,1,0,0,1,0,0,0,0,0,0
40,0.0,2.24,9,8.99,1,2,0.22,0.0,1.0,0.0,0,0,0,0,1,0,1,0,0,0,0,0,0,1,0,0,0,0,0,1,0,0,0
57,0.0,6.73,51,8.99,1,1,0.13,0.0,0.0,1.0,0,0,0,1,0,0,1,0,0,0,0,0,0,1,0,0,0,0,0,0,0,1,0
47,2.0,12.6,52,17.99,1,5,0.24,0.0,0.0,1.0,1,0,0,0,0,0,0,0,0,1,0,0,1,0,0,0,0,0,0,0,0,0,1
31,1.0,0.21,16,13.99,1,1,0.01,0.0,0.0,1.0,1,0,0,0,0,0,0,1,0,0,0,0,0,1,0,0,0,0,0,1,0,0,0
66,2.0,19.19,40,17.99,1,3,0.47,1.0,0.0,0.0,1,0,0,0,0,0,1,0,0,0,0,1,0,0,0,0,0,0,1,0,0,0,0
32,2.0,5.09,37,17.99,0,5,0.13,0.0,0.0,1.0,0,0,0,0,1,0,1,0,0,0,0,1,0,0,0,0,0,0,0,1,0,0,0
55,2.0,1.63,52,17.99,1,1,0.03,0.0,0.0,1.0,1,0,0,0,0,0,0,0,0,0,1,0,0,0,1,0,1,0,0,0,0,0,0
48,0.0,4.59,55,8.99,1,1,0.08,1.0,0.0,0.0,0,0,0,0,0,1,0,0,0,0,1,0,0,1,0,0,0,0,0,1,0,0,0
66,2.0,2.29,52,17.99,1,2,0.04,1.0,0.0,0.0,0,0,1,0,0,0,1,0,0,0,0,0,1,0,0,0,0,0,0,0,0,1,0
60,2.0,2.09,14,17.99,1,2,0.14,1.0,0.0,0.0,0,0,0,1,0,0,0,1,0,0,0,0,0,0,1,0,0,1,0,0,0,0,0
34,2.0,27.92,35,17.99,0,4,0.78,0.0,1.0,0.0,1,0,0,0,0,0,0,0,0,1,0,0,1,0,0,0,0,0,0,0,1,0,0
38,1.0,32.69,7,13.99,0,4,4.09,0.0,0.0,1.0,0,1,0,0,0,0,0,0,0,0,1,0,0,0,1,0,0,0,1,0,0,0,0
22,2.0,1.78,17,17.99,1,4,0.1,0.0,1.0,0.0,1,0,0,0,0,0,1,0,0,0,0,0,0,0,1,0,0,0,1,0,0,0,0
24,0.0,8.27,14,8.99,0,3,0.55,1.0,0.0,0.0,1,0,0,0,0,0,0,0,0,1,0,1,0,0,0,0,0,0,0,0,0,0,1
65,1.0,10.38,10,13.99,0,4,0.94,0.0,0.0,1.0,0,0,0,0,1,0,1,0,0,0,0,0,0,0,0,1,0,0,0,0,1,0,0
41,2.0,10.81,44,17.99,1,3,0.24,0.0,1.0,0.0,0,0,0,0,0,1,0,0,0,0,1,0,0,0,1,0,0,0,1,0,0,0,0
20,2.0,2.86,34,17.99,1,3,0.08,0.0,0.0,1.0,1,0,0,0,0,0,0,1,0,0,0,1,0,0,0,0,0,0,0,0,0,1,0
50,2.0,7.96,51,17.99,1,5,0.15,0.0,1.0,0.0,0,0,0,0,1,0,0,0,0,0,1,0,0,0,1,0,0,0,0,0,1,0,0
38,1.0,29.16,46,13.99,0,5,0.62,0.0,0.0,1.0,0,0,0,1,0,0,0,0,0,0,1,0,1,0,0,0,0,0,0,1,0,0,0
30,0.0,12.11,25,8.99,0,4,0.47,1.0,0.0,0.0,0,0,0,0,1,0,0,0,0,1,0,0,0,0,1,0,0,0,0,0,0,1,0
35,2.0,14.42,30,17.99,0,2,0.47,1.0,0.0,0.0,0,0,0,0,0,1,0,0,0,1,0,0,0,0,1,0,1,0,0,0,0,0,0
35,1.0,1.91,38,13.99,1,2,0.05,0.0,1.0,0.0,0,1,0,0,0,0,1,0,0,0,0,0,0,1,0,0,0,0,0,1,0,0,0
59,2.0,9.49,42,17.99,1,2,0.22,0.0,1.0,0.0,0,0,0,0,1,0,1,0,0,0,0,0,0,1,0,0,1,0,0,0,0,0,0
27,2.0,2.83,37,17.99,1,2,0.07,0.0,1.0,0.0,0,0,0,0,1,0,0,0,0,0,1,0,0,0,1,0,1,0,0,0,0,0,0
22,1.0,0.72,49,13.99,1,5,0.01,0.0,0.0,1.0,1,0,0,0,0,0,1,0,0,0,0,0,0,0,1,0,0,0,0,0,1,0,0
23,2.0,5.48,16,17.99,0,1,0.32,1.0,0.0,0.0,0,0,1,0,0,0,0,0,0,0,1,0,0,1,0,0,0,0,0,1,0,0,0
24,0.0,5.28,55,8.99,1,4,0.09,0.0,0.0,1.0,0,0,0,0,0,1,0,0,0,0,1,1,0,0,0,0,0,0,0,0,1,0,0
20,1.0,8.96,34,13.99,1,1,0.26,0.0,0.0,1.0,1,0,0,0,0,0,0,0,0,0,1,0,0,0,1,0,0,1,0,0,0,0,0
19,2.0,14.47,27,17.99,0,2,0.52,0.0,1.0,0.0,0,1,0,0,0,0,0,0,1,0,0,0,1,0,0,0,1,0,0,0,0,0,0
27,2.0,1.44,48,17.99,1,1,0.03,0.0,0.0,1.0,0,1,0,0,0,0,0,1,0,0,0,1,0,0,0,0,0,0,0,0,0,0,1
33,1.0,16.3,11,13.99,0,2,1.36,0.0,0.0,1.0,0,0,1,0,0,0,0,0,0,0,1,0,0,0,1,0,0,0,0,0,0,0,1
21,0.0,8.58,44,8.99,1,2,0.19,0.0,1.0,0.0,0,0,0,0,0,1,0,0,0,1,0,0,1,0,0,0,0,0,0,0,0,0,1
61,1.0,6.67,6,13.99,0,1,0.95,1.0,0.0,0.0,0,0,0,0,0,1,0,0,0,0,1,0,0,0,1,0,0,0,0,0,0,0,1
67,0.0,35.37,27,8.99,0,4,1.26,1.0,0.0,0.0,0,0,0,0,0,1,1,0,0,0,0,0,0,1,0,0,0,0,0,0,0,0,1
18,1.0,3.57,50,13.99,1,4,0.07,0.0,1.0,0.0,1,0,0,0,0,0,1,0,0,0,0,0,0,1,0,0,0,0,0,0,1,0,0
25,2.0,33.04,37,17.99,0,2,0.87,1.0,0.0,0.0,0,1,0,0,0,0,0,0,0,0,1,0,1,0,0,0,0,0,0,0,1,0,0
48,0.0,6.44,40,8.99,1,5,0.16,0.0,1.0,0.0,0,1,0,0,0,0,1,0,0,0,0,0,1,0,0,0,0,0,1,0,0,0,0
60,1.0,10.1,28,13.99,0,5,0.35,0.0,0.0,1.0,0,0,0,1,0,0,0,0,1,0,0,0,1,0,0,0,0,0,0,0,0,1,0
50,0.0,3.37,3,8.99,0,3,0.84,0.0,0.0,1.0,0,0,0,0,0,1,0,0,1,0,0,1,0,0,0,0,0,0,1,0,0,0,0
43,1.0,16.44,60,13.99,1,4,0.27,0.0,1.0,0.0,1,0,0,0,0,0,0,1,0,0,0,0,0,0,1,0,0,0,0,1,0,0,0
26,1.0,11.12,2,13.99,0,4,3.71,0.0,1.0,0.0,0,1,0,0,0,0,0,0,0,1,0,0,0,1,0,0,0,0,0,0,1,0,0
25,2.0,11.67,17,17.99,0,4,0.65,1.0,0.0,0.0,1,0,0,0,0,0,1,0,0,0,0,0,0,0,1,0,0,0,0,0,0,0,1
26,0.0,10.54,27,8.99,1,1,0.38,0.0,1.0,0.0,0,0,0,0,1,0,0,0,0,1,0,0,0,0,0,1,0,0,0,0,1,0,0
67,1.0,17.13,42,13.99,0,4,0.4,0.0,0.0,1.0,0,0,0,1,0,0,0,0,0,0,1,0,0,0,0,1,0,0,0,1,0,0,0
47,2.0,33.79,52,17.99,0,3,0.64,0.0,0.0,1.0,0,1,0,0,0,0,0,0,0,0,1,0,0,1,0,0,0,0,0,1,0,0,0
33,2.0,32.7,47,17.99,0,2,0.68,0.0,1.0,0.0,0,1,0,0,0,0,0,0,0,1,0,0,0,1,0,0,0,1,0,0,0,0,0
41,1.0,3.59,41,13.99,1,5,0.09,0.0,0.0,1.0,1,0,0,0,0,0,0,1,0,0,0,0,0,0,1,0,0,1,0,0,0,0,0
47,2.0,22.31,6,17.99,0,3,3.19,0.0,1.0,0.0,1,0,0,0,0,0,0,0,0,1,0,0,0,0,1,0,0,1,0,0,0,0,0
50,0.0,7.45,2,8.99,0,3,2.48,1.0,0.0,0.0,0,0,1,0,0,0,0,1,0,0,0,0,0,0,1,0,0,0,0,0,0,0,1
56,2.0,3.41,53,17.99,1,4,0.06,0.0,0.0,1.0,0,1,0,0,0,0,0,0,0,0,1,0,0,0,0,1,0,0,0,0,1,0,0
26,0.0,14.85,26,8.99,0,4,0.55,1.0,0.0,0.0,0,0,0,1,0,0,0,0,1,0,0,0,1,0,0,0,1,0,0,0,0,0,0
24,0.0,17.04,23,8.99,0,4,0.71,0.0,0.0,1.0,0,0,1,0,0,0,0,0,1,0,0,1,0,0,0,0,0,0,0,0,0,1,0
51,2.0,0.19,20,17.99,0,4,0.01,0.0,1.0,0.0,1,0,0,0,0,0,0,0,0,1,0,0,0,1,0,0,0,0,0,0,0,1,0
50,2.0,13.05,31,17.99,0,4,0.41,0.0,1.0,0.0,0,1,0,0,0,0,0,0,0,0,1,0,0,1,0,0,0,0,0,0,1,0,0
35,0.0,0.87,58,8.99,1,5,0.01,0.0,0.0,1.0,0,0,0,1,0,0,0,0,0,0,1,0,0,1,0,0,1,0,0,0,0,0,0
53,2.0,1.83,15,17.99,1,3,0.11,0.0,1.0,0.0,0,0,0,1,0,0,0,0,0,0,1,0,0,0,0,1,0,0,0,1,0,0,0
32,1.0,52.67,34,13.99,0,3,1.5,1.0,0.0,0.0,0,1,0,0,0,0,0,1,0,0,0,0,0,0,1,0,0,0,0,0,0,0,1
34,0.0,37.61,50,8.99,0,5,0.74,1.0,0.0,0.0,0,1,0,0,0,0,0,0,0,1,0,1,0,0,0,0,1,0,0,0,0,0,0
69,1.0,11.83,7,13.99,0,4,1.48,0.0,1.0,0.0,0,0,0,0,1,0,0,0,0,1,0,0,0,1,0,0,0,0,1,0,0,0,0
31,2.0,2.62,34,17.99,1,4,0.07,0.0,1.0,0.0,0,0,0,0,1,0,1,0,0,0,0,0,1,0,0,0,0,1,0,0,0,0,0
58,2.0,25.6,55,17.99,0,1,0.46,1.0,0.0,0.0,0,1,0,0,0,0,0,0,0,0,1,0,0,0,0,1,1,0,0,0,0,0,0
42,0.0,9.75,48,8.99,1,5,0.2,1.0,0.0,0.0,0,0,0,0,0,1,0,1,0,0,0,0,1,0,0,0,0,0,0,0,0,0,1
35,0.0,0.03,5,8.99,1,3,0.01,0.0,0.0,1.0,0,1,0,0,0,0,0,0,0,1,0,0,0,0,0,1,0,0,0,0,1,0,0
61,2.0,16.44,22,17.99,0,2,0.71,1.0,0.0,0.0,0,0,1,0,0,0,0,0,1,0,0,1,0,0,0,0,0,0,0,0,0,0,1
19,1.0,2.38,19,13.99,1,3,0.12,1.0,0.0,0.0,0,0,1,0,0,0,1,0,0,0,0,0,1,0,0,0,1,0,0,0,0,0,0
65,1.0,19.08,52,13.99,1,2,0.36,0.0,1.0,0.0,0,1,0,0,0,0,0,0,0,0,1,0,0,0,0,1,0,0,0,1,0,0,0
24,1.0,19.5,44,13.99,1,5,0.43,0.0,1.0,0.0,1,0,0,0,0,0,1,0,0,0,0,0,1,0,0,0,0,0,0,0,0,0,1
25,2.0,11.65,18,17.99,0,3,0.61,0.0,0.0,1.0,1,0,0,0,0,0,1,0,0,0,0,1,0,0,0,0,0,1,0,0,0,0,0
20,0.0,10.81,22,8.99,1,2,0.47,0.0,1.0,0.0,0,0,0,0,0,1,0,0,0,0,1,0,0,0,1,0,0,0,0,1,0,0,0
37,1.0,21.24,41,13.99,0,4,0.51,0.0,1.0,0.0,0,0,0,0,1,0,0,0,1,0,0,0,0,1,0,0,0,0,0,1,0,0,0
30,0.0,19.21,22,8.99,0,4,0.84,1.0,0.0,0.0,0,1,0,0,0,0,0,0,1,0,0,0,0,0,0,1,0,0,0,0,0,1,0
44,1.0,7.64,35,13.99,0,4,0.21,0.0,0.0,1.0,1,0,0,0,0,0,0,1,0,0,0,1,0,0,0,0,0,1,0,0,0,0,0
62,0.0,1.8,4,8.99,1,5,0.36,1.0,0.0,0.0,0,0,0,0,0,1,0,0,1,0,0,0,1,0,0,0,0,0,0,1,0,0,0
46,0.0,8.48,34,8.99,1,5,0.24,0.0,0.0,1.0,0,0,0,0,0,1,0,0,0,1,0,0,0,1,0,0,0,1,0,0,0,0,0
63,2.0,20.27,57,17.99,0,4,0.35,0.0,0.0,1.0,0,0,0,0,0,1,0,0,1,0,0,0,0,0,0,1,0,0,1,0,0,0,0
41,0.0,17.87,6,8.99,0,1,2.55,0.0,1.0,0.0,0,0,0,1,0,0,0,0,0,0,1,0,0,0,0,1,0,0,0,1,0,0,0
63,1.0,3.82,31,13.99,1,4,0.12,0.0,1.0,0.0,0,0,0,0,1,0,0,0,0,0,1,0,0,0,0,1,1,0,0,0,0,0,0
52,0.0,41.33,41,8.99,1,1,0.98,1.0,0.0,0.0,0,0,0,1,0,0,0,1,0,0,0,0,0,0,1,0,0,0,0,0,0,0,1
50,2.0,25.98,37,17.99,0,5,0.68,0.0,1.0,0.0,0,0,0,0,1,0,0,0,0,0,1,0,0,0,0,1,0,0,0,1,0,0,0
30,1.0,1.87,28,13.99,0,4,0.06,0.0,1.0,0.0,0,0,0,1,0,0,1,0,0,0,0,0,0,1,0,0,0,0,0,0,0,0,1
50,0.0,2.85,22,8.99,1,1,0.12,0.0,0.0,1.0,0,0,1,0,0,0,1,0,0,0,0,0,0,1,0,0,0,0,0,1,0,0,0
61,1.0,5.84,58,13.99,0,5,0.1,1.0,0.0,0.0,0,0,0,1,0,0,1,0,0,0,0,0,0,0,0,1,0,0,0,0,1,0,0
30,0.0,1.07,35,8.99,1,3,0.03,0.0,1.0,0.0,0,0,0,0,1,0,0,0,0,0,1,1,0,0,0,0,0,0,0,0,1,0,0
43,0.0,12.52,26,8.99,0,2,0.46,1.0,0.0,0.0,0,0,1,0,0,0,0,0,0,1,0,1,0,0,0,0,0,0,0,0,1,0,0
56,2.0,2.04,27,17.99,1,1,0.07,0.0,0.0,1.0,0,0,0,0,1,0,0,0,0,1,0,0,0,1,0,0,0,0,0,0,0,1,0
35,0.0,7.06,14,8.99,0,5,0.47,1.0,0.0,0.0,1,0,0,0,0,0,0,0,0,0,1,0,0,0,1,0,0,0,1,0,0,0,0
61,1.0,12.41,10,13.99,0,2,1.13,0.0,0.0,1.0,0,0,1,0,0,0,0,0,0,1,0,0,1,0,0,0,0,0,0,0,0,1,0
40,0.0,75.99,9,8.99,0,1,7.6,0.0,0.0,1.0,1,0,0,0,0,0,0,0,1,0,0,1,0,0,0,0,0,1,0,0,0,0,0
57,1.0,4.99,9,13.99,0,5,0.5,0.0,0.0,1.0,0,0,0,1,0,0,0,0,0,0,1,0,1,0,0,0,0,0,0,0,0,1,0
19,1.0,12.97,36,13.99,0,4,0.35,0.0,0.0,1.0,0,0,0,0,0,1,1,0,0,0,0,0,0,1,0,0,0,0,0,0,0,1,0
55,2.0,9.52,15,17.99,0,2,0.59,1.0,0.0,0.0,0,1,0,0,0,0,0,0,0,0,1,0,0,0,0,1,0,1,0,0,0,0,0
41,0.0,2.09,52,8.99,1,3,0.04,0.0,0.0,1.0,0,1,0,0,0,0,0,1,0,0,0,0,1,0,0,0,0,1,0,0,0,0,0
22,1.0,19.19,29,13.99,0,1,0.64,1.0,0.0,0.0,0,1,0,0,0,0,0,0,0,1,0,0,0,1,0,0,0,0,0,0,0,0,1
35,1.0,0.45,7,13.99,0,5,0.06,1.0,0.0,0.0,0,0,0,0,1,0,0,1,0,0,0,0,0,1,0,0,0,0,1,0,0,0,0
35,2.0,5.39,54,17.99,1,1,0.1,0.0,0.0,1.0,0,0,0,0,0,1,0,0,0,1,0,0,0,1,0,0,0,1,0,0,0,0,0
70,2.0,15.73,56,17.99,1,3,0.28,0.0,1.0,0.0,0,0,0,1,0,0,0,0,1,0,0,0,1,0,0,0,0,0,0,1,0,0,0
32,2.0,14.36,0,17.99,0,2,14.36,1.0,0.0,0.0,0,0,0,0,0,1,1,0,0,0,0,0,0,0,0,1,0,0,0,0,0,1,0
25,0.0,15.26,34,8.99,1,4,0.44,0.0,0.0,1.0,0,1,0,0,0,0,0,1,0,0,0,1,0,0,0,0,0,1,0,0,0,0,0
49,0.0,1.58,29,8.99,1,4,0.05,1.0,0.0,0.0,0,0,0,1,0,0,0,0,0,0,1,1,0,0,0,0,0,1,0,0,0,0,0
49,1.0,2.76,20,13.99,0,4,0.13,0.0,0.0,1.0,0,0,1,0,0,0,0,0,1,0,0,0,0,1,0,0,1,0,0,0,0,0,0
67,0.0,6.88,44,8.99,1,4,0.15,1.0,0.0,0.0,1,0,0,0,0,0,0,1,0,0,0,0,0,0,1,0,0,0,0,0,1,0,0
39,2.0,4.22,33,17.99,1,2,0.12,0.0,1.0,0.0,0,1,0,0,0,0,1,0,0,0,0,0,0,0,0,1,0,0,0,1,0,0,0
34,0.0,4.43,33,8.99,1,2,0.13,0.0,0.0,1.0,0,0,0,0,1,0,0,1,0,0,0,0,0,0,1,0,0,0,0,0,0,1,0
27,2.0,5.05,47,17.99,1,5,0.11,0.0,0.0,1.0,0,0,0,0,0,1,0,0,0,0,1,0,1,0,0,0,0,0,0,0,0,1,0
53,1.0,3.47,38,13.99,1,1,0.09,1.0,0.0,0.0,0,1,0,0,0,0,0,0,1,0,0,0,1,0,0,0,0,0,0,0,1,0,0
31,2.0,8.88,25,17.99,0,4,0.34,0.0,1.0,0.0,0,1,0,0,0,0,0,0,0,1,0,0,0,1,0,0,1,0,0,0,0,0,0
46,0.0,19.72,47,8.99,1,1,0.41,0.0,0.0,1.0,0,0,0,0,1,0,1,0,0,0,0,1,0,0,0,0,0,0,0,0,1,0,0
30,1.0,28.52,28,13.99,0,4,0.98,1.0,0.0,0.0,1,0,0,0,0,0,0,0,0,1,0,1,0,0,0,0,0,0,1,0,0,0,0
65,1.0,3.26,41,13.99,1,5,0.08,0.0,0.0,1.0,0,1,0,0,0,0,1,0,0,0,0,0,0,0,0,1,1,0,0,0,0,0,0
64,1.0,1.24,9,13.99,0,4,0.12,0.0,1.0,0.0,1,0,0,0,0,0,0,0,1,0,0,1,0,0,0,0,0,0,0,0,0,0,1
38,1.0,32.73,21,13.99,0,5,1.49,0.0,0.0,1.0,0,1,0,0,0,0,0,0,1,0,0,0,0,1,0,0,0,0,1,0,0,0,0
56,0.0,20.91,35,8.99,0,4,0.58,1.0,0.0,0.0,0,0,0,1,0,0,0,0,0,0,1,1,0,0,0,0,0,0,1,0,0,0,0
34,1.0,8.59,17,13.99,0,3,0.48,0.0,1.0,0.0,0,0,0,0,0,1,0,0,0,1,0,0,0,0,1,0,0,0,0,1,0,0,0
35,0.0,7.37,9,8.99,0,4,0.74,1.0,0.0,0.0,0,1,0,0,0,0,0,0,0,0,1,0,0,0,0,1,0,0,0,0,1,0,0
27,2.0,18.7,29,17.99,0,4,0.62,0.0,1.0,0.0,0,0,1,0,0,0,0,0,1,0,0,1,0,0,0,0,1,0,0,0,0,0,0
52,0.0,2.11,46,8.99,1,5,0.04,0.0,0.0,1.0,0,1,0,0,0,0,0,0,1,0,0,0,0,0,0,1,1,0,0,0,0,0,0
46,2.0,21.11,48,17.99,0,4,0.43,0.0,1.0,0.0,1,0,0,0,0,0,0,0,0,0,1,0,0,0,1,0,0,0,0,0,1,0,0
56,0.0,2.19,35,8.99,1,5,0.06,0.0,0.0,1.0,0,1,0,0,0,0,0,1,0,0,0,1,0,0,0,0,0,0,1,0,0,0,0
44,2.0,30.04,56,17.99,0,5,0.53,0.0,1.0,0.0,0,1,0,0,0,0,0,0,1,0,0,0,0,1,0,0,0,0,0,0,0,1,0
36,0.0,12.52,6,8.99,0,4,1.79,0.0,1.0,0.0,0,1,0,0,0,0,0,1,0,0,0,1,0,0,0,0,0,0,1,0,0,0,0
62,1.0,21.13,36,13.99,0,2,0.57,0.0,1.0,0.0,0,1,0,0,0,0,0,0,1,0,0,0,0,0,0,1,0,0,1,0,0,0,0
60,1.0,13.86,8,13.99,0,1,1.54,0.0,0.0,1.0,0,0,1,0,0,0,1,0,0,0,0,0,0,1,0,0,0,0,1,0,0,0,0
21,1.0,12.52,46,13.99,1,5,0.27,1.0,0.0,0.0,1,0,0,0,0,0,0,1,0,0,0,0,1,0,0,0,0,0,0,0,1,0,0
53,2.0,2.27,38,17.99,1,4,0.06,0.0,1.0,0.0,0,0,0,1,0,0,0,0,0,0,1,0,1,0,0,0,0,0,0,1,0,0,0
70,0.0,1.69,23,8.99,1,3,0.07,0.0,1.0,0.0,0,0,0,0,1,0,0,0,0,0,1,0,1,0,0,0,0,0,0,0,0,0,1
32,2.0,0.53,23,17.99,1,3,0.02,0.0,1.0,0.0,0,0,0,1,0,0,0,0,1,0,0,0,1,0,0,0,1,0,0,0,0,0,0
39,0.0,6.52,54,8.99,1,4,0.12,1.0,0.0,0.0,0,1,0,0,0,0,0,0,0,1,0,0,0,0,0,1,0,0,0,0,0,1,0
35,1.0,2.19,57,13.99,1,2,0.04,1.0,0.0,0.0,0,0,0,0,1,0,0,0,0,0,1,0,0,0,1,0,0,1,0,0,0,0,0
26,1.0,4.42,55,13.99,1,4,0.08,0.0,0.0,1.0,0,1,0,0,0,0,0,1,0,0,0,0,0,0,0,1,0,0,0,0,1,0,0
38,1.0,3.79,32,13.99,1,3,0.11,1.0,0.0,0.0,1,0,0,0,0,0,0,0,0,0,1,0,1,0,0,0,0,0,0,1,0,0,0
31,0.0,0.42,43,8.99,1,3,0.01,1.0,0.0,0.0,0,0,0,0,1,0,0,0,0,0,1,1,0,0,0,0,0,0,1,0,0,0,0
43,2.0,0.05,33,17.99,1,4,0.0,0.0,1.0,0.0,0,0,1,0,0,0,0,0,0,0,1,0,0,1,0,0,0,0,0,0,0,0,1
62,0.0,6.72,19,8.99,0,5,0.34,0.0,0.0,1.0,0,0,0,0,1,0,0,0,0,0,1,0,0,1,0,0,0,0,0,0,0,1,0
28,1.0,1.05,26,13.99,0,4,0.04,0.0,1.0,0.0,0,0,1,0,0,0,0,1,0,0,0,0,0,0,0,1,1,0,0,0,0,0,0
19,2.0,4.06,7,17.99,0,3,0.51,1.0,0.0,0.0,1,0,0,0,0,0,0,1,0,0,0,0,0,0,0,1,1,0,0,0,0,0,0
34,2.0,9.67,7,17.99,0,1,1.21,0.0,0.0,1.0,0,0,0,0,1,0,0,0,1,0,0,1,0,0,0,0,0,0,0,1,0,0,0
59,2.0,6.27,12,17.99,0,3,0.48,0.0,1.0,0.0,0,0,0,1,0,0,0,0,1,0,0,0,0,1,0,0,0,0,0,0,0,1,0
27,0.0,2.58,6,8.99,1,3,0.37,0.0,0.0,1.0,0,0,0,0,0,1,0,0,0,0,1,0,0,1,0,0,0,0,0,0,0,1,0
65,1.0,10.07,20,13.99,0,1,0.48,0.0,0.0,1.0,1,0,0,0,0,0,0,0,1,0,0,1,0,0,0,0,0,0,0,0,0,1,0
22,1.0,2.12,58,13.99,1,1,0.04,0.0,0.0,1.0,0,0,1,0,0,0,0,0,1,0,0,0,0,0,1,0,1,0,0,0,0,0,0
51,1.0,11.48,15,13.99,0,2,0.72,0.0,1.0,0.0,0,1,0,0,0,0,0,1,0,0,0,0,1,0,0,0,0,0,0,0,0,1,0
28,0.0,4.82,31,8.99,1,5,0.15,0.0,0.0,1.0,0,0,0,1,0,0,1,0,0,0,0,0,1,0,0,0,0,0,0,1,0,0,0
27,0.0,46.09,3,8.99,0,4,11.52,0.0,1.0,0.0,0,0,0,0,1,0,0,0,0,1,0,0,1,0,0,0,0,0,1,0,0,0,0
60,2.0,15.94,4,17.99,0,3,3.19,1.0,0.0,0.0,0,0,0,0,0,1,1,0,0,0,0,0,0,0,0,1,1,0,0,0,0,0,0
47,1.0,20.83,58,13.99,0,3,0.35,1.0,0.0,0.0,0,1,0,0,0,0,0,0,0,1,0,0,0,1,0,0,0,0,0,0,1,0,0
40,2.0,2.66,52,17.99,1,1,0.05,1.0,0.0,0.0,0,0,0,0,0,1,0,1,0,0,0,0,0,0,0,1,0,0,0,0,0,1,0
45,0.0,31.15,22,8.99,0,5,1.35,1.0,0.0,0.0,0,1,0,0,0,0,0,0,0,0,1,1,0,0,0,0,0,0,0,1,0,0,0
64,1.0,12.5,33,13.99,0,5,0.37,1.0,0.0,0.0,0,1,0,0,0,0,0,0,0,1,0,0,0,1,0,0,0,0,0,0,0,1,0
22,2.0,2.15,30,17.99,1,3,0.07,0.0,0.0,1.0,0,0,0,0,0,1,0,0,0,0,1,0,0,1,0,0,0,0,0,1,0,0,0
55,2.0,17.76,49,17.99,1,3,0.36,1.0,0.0,0.0,0,0,1,0,0,0,0,0,0,0,1,1,0,0,0,0,0,0,0,1,0,0,0
21,1.0,12.34,5,13.99,0,2,2.06,0.0,1.0,0.0,1,0,0,0,0,0,0,0,0,0,1,0,0,0,0,1,0,0,0,0,0,0,1
37,0.0,18.86,42,8.99,1,5,0.44,1.0,0.0,0.0,0,0,1,0,0,0,0,0,0,0,1,0,0,0,0,1,0,1,0,0,0,0,0
21,2.0,13.66,36,17.99,1,3,0.37,0.0,0.0,1.0,0,0,0,0,1,0,0,0,0,0,1,1,0,0,0,0,0,0,0,0,1,0,0
32,2.0,13.09,51,17.99,1,2,0.25,0.0,1.0,0.0,0,0,0,1,0,0,0,0,0,0,1,0,1,0,0,0,1,0,0,0,0,0,0
37,1.0,10.87,1,13.99,0,5,5.43,0.0,0.0,1.0,0,0,0,0,1,0,0,0,1,0,0,0,0,0,1,0,0,0,1,0,0,0,0
42,1.0,33.48,16,13.99,0,2,1.97,1.0,0.0,0.0,0,0,1,0,0,0,1,0,0,0,0,0,0,1,0,0,1,0,0,0,0,0,0
46,0.0,5.07,0,8.99,0,1,5.07,0.0,1.0,0.0,1,0,0,0,0,0,1,0,0,0,0,0,0,1,0,0,0,1,0,0,0,0,0
59,2.0,26.54,33,17.99,0,3,0.78,1.0,0.0,0.0,0,0,0,0,1,0,0,1,0,0,0,0,1,0,0,0,0,0,0,0,0,0,1
24,0.0,0.19,49,8.99,1,3,0.0,1.0,0.0,0.0,0,0,0,0,1,0,0,0,0,0,1,0,1,0,0,0,0,0,0,0,0,1,0
30,0.0,4.21,13,8.99,1,4,0.3,1.0,0.0,0.0,0,0,0,0,1,0,1,0,0,0,0,0,0,1,0,0,0,0,0,1,0,0,0
63,1.0,5.11,18,13.99,0,1,0.27,0.0,0.0,1.0,0,1,0,0,0,0,0,0,0,0,1,0,1,0,0,0,0,0,0,0,1,0,0
51,2.0,3.41,46,17.99,1,2,0.07,0.0,1.0,0.0,0,1,0,0,0,0,1,0,0,0,0,0,0,0,1,0,0,1,0,0,0,0,0
47,2.0,7.42,47,17.99,1,4,0.15,0.0,1.0,0.0,1,0,0,0,0,0,0,0,0,0,1,0,1,0,0,0,0,0,0,0,1,0,0
32,1.0,2.74,8,13.99,1,1,0.3,1.0,0.0,0.0,0,1,0,0,0,0,0,0,0,1,0,1,0,0,0,0,1,0,0,0,0,0,0
60,2.0,2.56,22,17.99,1,2,0.11,0.0,0.0,1.0,0,1,0,0,0,0,0,0,1,0,0,0,1,0,0,0,0,0,0,0,0,0,1
40,2.0,2.28,37,17.99,1,2,0.06,0.0,0.0,1.0,1,0,0,0,0,0,0,1,0,0,0,0,0,0,1,0,1,0,0,0,0,0,0
46,0.0,6.46,35,8.99,1,4,0.18,0.0,0.0,1.0,0,0,1,0,0,0,1,0,0,0,0,0,0,0,1,0,0,0,0,0,0,0,1
33,2.0,11.3,7,17.99,0,1,1.41,1.0,0.0,0.0,0,0,0,1,0,0,0,0,0,0,1,0,0,0,1,0,0,0,0,1,0,0,0
31,2.0,3.13,7,17.99,0,5,0.39,1.0,0.0,0.0,0,0,0,1,0,0,0,0,1,0,0,0,0,1,0,0,0,0,1,0,0,0,0
39,0.0,9.89,45,8.99,1,4,0.22,0.0,0.0,1.0,1,0,0,0,0,0,0,0,1,0,0,0,0,0,1,0,0,0,1,0,0,0,0
19,2.0,0.6,26,17.99,1,1,0.02,1.0,0.0,0.0,0,0,0,0,1,0,0,0,1,0,0,0,0,0,1,0,0,0,0,0,0,0,1
25,2.0,44.46,33,17.99,0,1,1.31,0.0,1.0,0.0,0,0,0,0,1,0,0,0,0,0,1,0,0,0,0,1,0,0,0,1,0,0,0
49,0.0,9.67,57,8.99,1,1,0.17,0.0,1.0,0.0,0,0,1,0,0,0,0,0,1,0,0,1,0,0,0,0,0,0,0,0,1,0,0
67,0.0,10.17,18,8.99,0,2,0.54,0.0,0.0,1.0,0,0,0,1,0,0,0,0,0,0,1,0,0,0,1,0,1,0,0,0,0,0,0
55,1.0,1.88,44,13.99,1,4,0.04,0.0,1.0,0.0,0,0,1,0,0,0,0,0,0,0,1,0,0,0,0,1,1,0,0,0,0,0,0
19,2.0,0.36,28,17.99,1,1,0.01,0.0,1.0,0.0,0,0,0,0,1,0,1,0,0,0,0,1,0,0,0,0,0,1,0,0,0,0,0
59,2.0,0.61,17,17.99,0,5,0.03,1.0,0.0,0.0,1,0,0,0,0,0,0,0,0,0,1,0,0,1,0,0,0,0,1,0,0,0,0
26,0.0,23.33,27,8.99,0,1,0.83,0.0,0.0,1.0,0,0,0,1,0,0,0,0,1,0,0,0,0,0,1,0,1,0,0,0,0,0,0
58,1.0,76.29,5,13.99,0,5,12.72,1.0,0.0,0.0,0,0,1,0,0,0,0,0,1,0,0,0,1,0,0,0,0,0,0,0,0,0,1
18,2.0,10.08,33,17.99,1,2,0.3,0.0,1.0,0.0,0,0,0,0,1,0,0,0,1,0,0,1,0,0,0,0,0,0,1,0,0,0,0
59,0.0,8.48,24,8.99,1,1,0.34,0.0,0.0,1.0,0,0,0,1,0,0,0,0,0,1,0,0,1,0,0,0,0,0,0,1,0,0,0
41,2.0,16.13,44,17.99,0,4,0.36,0.0,1.0,0.0,0,1,0,0,0,0,1,0,0,0,0,0,0,1,0,0,0,0,0,0,1,0,0
28,0.0,0.43,6,8.99,1,3,0.06,0.0,1.0,0.0,0,0,0,0,0,1,0,0,0,1,0,1,0,0,0,0,0,0,0,1,0,0,0
35,0.0,43.84,24,8.99,0,4,1.75,0.0,1.0,0.0,0,0,0,0,0,1,0,0,0,1,0,0,0,0,1,0,1,0,0,0,0,0,0
56,1.0,3.62,22,13.99,1,1,0.16,0.0,0.0,1.0,0,1,0,0,0,0,0,0,0,1,0,0,1,0,0,0,0,0,0,0,1,0,0
34,2.0,1.67,29,17.99,1,1,0.06,1.0,0.0,0.0,1,0,0,0,0,0,0,0,0,0,1,1,0,0,0,0,0,1,0,0,0,0,0
41,1.0,7.91,41,13.99,0,4,0.19,1.0,0.0,0.0,0,1,0,0,0,0,1,0,0,0,0,0,0,0,0,1,0,0,0,0,0,1,0
43,2.0,7.18,5,17.99,0,5,1.2,0.0,0.0,1.0,0,0,0,1,0,0,1,0,0,0,0,0,1,0,0,0,0,0,0,0,0,0,1
56,1.0,30.05,14,13.99,0,1,2.0,1.0,0.0,0.0,1,0,0,0,0,0,0,0,1,0,0,0,0,0,1,0,0,0,0,0,1,0,0
31,2.0,0.57,60,17.99,1,3,0.01,1.0,0.0,0.0,0,0,0,0,1,0,0,0,1,0,0,0,1,0,0,0,1,0,0,0,0,0,0
46,1.0,28.66,37,13.99,0,1,0.75,0.0,0.0,1.0,1,0,0,0,0,0,0,1,0,0,0,0,0,0,0,1,0,1,0,0,0,0,0
45,2.0,18.07,4,17.99,0,1,3.61,0.0,1.0,0.0,0,1,0,0,0,0,0,0,0,0,1,0,0,0,1,0,0,0,0,0,0,1,0
68,1.0,36.44,49,13.99,0,3,0.73,1.0,0.0,0.0,0,0,0,0,1,0,0,0,1,0,0,0,0,0,1,0,0,0,0,0,0,0,1
29,1.0,4.09,59,13.99,1,2,0.07,0.0,1.0,0.0,0,0,1,0,0,0,0,0,0,1,0,1,0,0,0,0,0,0,0,0,0,0,1
45,2.0,8.95,16,17.99,0,3,0.53,0.0,0.0,1.0,0,0,1,0,0,0,0,1,0,0,0,1,0,0,0,0,0,0,0,0,0,0,1
64,0.0,1.84,30,8.99,1,4,0.06,0.0,1.0,0.0,0,0,0,0,1,0,0,0,0,0,1,1,0,0,0,0,0,0,0,0,0,0,1
57,1.0,2.93,35,13.99,1,5,0.08,0.0,0.0,1.0,0,0,0,0,0,1,0,1,0,0,0,0,0,0,0,1,0,0,0,1,0,0,0
27,0.0,3.36,22,8.99,1,3,0.15,0.0,1.0,0.0,0,1,0,0,0,0,0,0,1,0,0,0,0,0,0,1,0,0,0,0,0,1,0
30,2.0,1.84,2,17.99,0,2,0.61,0.0,1.0,0.0,0,0,0,0,1,0,0,0,0,0,1,0,0,0,0,1,1,0,0,0,0,0,0
69,1.0,5.7,27,13.99,0,1,0.2,1.0,0.0,0.0,0,0,0,0,0,1,0,1,0,0,0,0,1,0,0,0,0,0,0,0,1,0,0
33,0.0,4.44,28,8.99,1,1,0.15,0.0,0.0,1.0,0,1,0,0,0,0,0,0,1,0,0,0,1,0,0,0,0,0,0,0,1,0,0
66,1.0,32.75,41,13.99,0,1,0.78,1.0,0.0,0.0,1,0,0,0,0,0,0,0,0,0,1,1,0,0,0,0,0,0,0,0,0,1,0
24,2.0,15.52,33,17.99,1,1,0.46,1.0,0.0,0.0,0,0,1,0,0,0,0,0,0,1,0,0,1,0,0,0,0,0,0,0,0,1,0
45,0.0,0.29,45,8.99,1,2,0.01,0.0,1.0,0.0,0,0,0,0,1,0,0,0,0,0,1,0,0,1,0,0,0,0,1,0,0,0,0
19,2.0,1.68,18,17.99,0,4,0.09,0.0,0.0,1.0,1,0,0,0,0,0,0,0,0,0,1,0,0,0,0,1,0,0,0,0,1,0,0
33,2.0,22.26,35,17.99,0,3,0.62,0.0,1.0,0.0,0,0,1,0,0,0,0,0,0,0,1,0,0,1,0,0,0,0,0,1,0,0,0
43,1.0,26.79,6,13.99,0,3,3.83,0.0,1.0,0.0,1,0,0,0,0,0,0,0,0,1,0,1,0,0,0,0,0,1,0,0,0,0,0
19,0.0,48.49,7,8.99,0,4,6.06,1.0,0.0,0.0,0,0,1,0,0,0,0,0,0,1,0,0,0,1,0,0,1,0,0,0,0,0,0
64,2.0,1.83,0,17.99,0,1,1.83,0.0,0.0,1.0,1,0,0,0,0,0,0,0,0,0,1,0,0,0,0,1,0,0,0,0,0,1,0
42,1.0,6.91,21,13.99,0,4,0.31,0.0,0.0,1.0,0,1,0,0,0,0,0,0,1,0,0,0,0,0,1,0,0,0,0,1,0,0,0
63,2.0,50.34,16,17.99,0,5,2.96,0.0,1.0,0.0,0,0,1,0,0,0,0,0,0,1,0,0,1,0,0,0,0,0,0,0,0,1,0
37,0.0,11.16,23,8.99,0,2,0.47,0.0,0.0,1.0,0,0,0,1,0,0,0,0,0,0,1,0,0,0,0,1,0,0,1,0,0,0,0
60,0.0,5.34,18,8.99,0,2,0.28,0.0,1.0,0.0,0,1,0,0,0,0,0,0,0,1,0,1,0,0,0,0,0,0,0,1,0,0,0
64,0.0,19.1,30,8.99,0,4,0.62,0.0,1.0,0.0,0,0,1,0,0,0,0,0,0,0,1,1,0,0,0,0,0,0,1,0,0,0,0
18,0.0,1.97,46,8.99,1,2,0.04,1.0,0.0,0.0,0,0,0,0,0,1,0,0,0,1,0,0,1,0,0,0,1,0,0,0,0,0,0
61,1.0,2.54,49,13.99,1,3,0.05,1.0,0.0,0.0,0,0,0,0,0,1,0,0,0,1,0,0,0,0,1,0,0,0,0,1,0,0,0
70,0.0,13.09,13,8.99,0,2,0.93,0.0,0.0,1.0,0,1,0,0,0,0,0,0,0,0,1,0,0,1,0,0,0,1,0,0,0,0,0
43,1.0,3.16,7,13.99,1,2,0.4,1.0,0.0,0.0,0,1,0,0,0,0,0,0,1,0,0,0,0,0,0,1,0,0,0,0,0,0,1
20,0.0,3.38,34,8.99,1,5,0.1,0.0,1.0,0.0,0,0,1,0,0,0,0,0,0,1,0,1,0,0,0,0,0,0,0,0,0,1,0
49,0.0,1.17,46,8.99,1,1,0.02,0.0,0.0,1.0,0,0,0,0,0,1,0,1,0,0,0,0,0,1,0,0,0,0,0,0,0,1,0
40,0.0,4.92,30,8.99,1,5,0.16,0.0,1.0,0.0,0,0,0,1,0,0,0,0,0,0,1,1,0,0,0,0,0,0,1,0,0,0,0
63,0.0,2.24,27,8.99,1,4,0.08,0.0,1.0,0.0,1,0,0,0,0,0,0,0,1,0,0,1,0,0,0,0,0,0,0,1,0,0,0
30,2.0,4.45,43,17.99,1,4,0.1,0.0,0.0,1.0,0,0,1,0,0,0,0,0,1,0,0,0,0,0,1,0,1,0,0,0,0,0,0
53,2.0,11.18,19,17.99,0,4,0.56,0.0,1.0,0.0,0,0,0,0,0,1,0,0,0,0,1,0,0,0,0,1,0,1,0,0,0,0,0
18,2.0,9.52,5,17.99,0,2,1.59,0.0,0.0,1.0,0,0,0,0,1,0,1,0,0,0,0,0,0,0,1,0,0,0,0,1,0,0,0
39,1.0,0.75,27,13.99,1,4,0.03,0.0,0.0,1.0,1,0,0,0,0,0,0,1,0,0,0,0,1,0,0,0,0,0,0,0,0,1,0
70,1.0,13.92,57,13.99,1,1,0.24,0.0,1.0,0.0,0,0,0,1,0,0,0,1,0,0,0,0,1,0,0,0,1,0,0,0,0,0,0
19,2.0,5.34,0,17.99,0,3,5.34,0.0,1.0,0.0,0,0,1,0,0,0,0,0,0,0,1,1,0,0,0,0,0,0,1,0,0,0,0
48,0.0,10.9,26,8.99,1,2,0.4,0.0,0.0,1.0,0,0,0,0,1,0,0,0,1,0,0,0,1,0,0,0,0,0,0,0,1,0,0
26,2.0,8.13,12,17.99,0,4,0.63,0.0,1.0,0.0,0,0,0,0,0,1,0,1,0,0,0,1,0,0,0,0,0,0,0,0,0,0,1
48,1.0,17.03,57,13.99,0,5,0.29,1.0,0.0,0.0,0,0,1,0,0,0,0,0,0,1,0,0,0,1,0,0,1,0,0,0,0,0,0
19,2.0,4.73,41,17.99,1,2,0.11,1.0,0.0,0.0,0,1,0,0,0,0,0,0,0,0,1,0,1,0,0,0,0,0,0,1,0,0,0
70,0.0,110.4,33,8.99,0,5,3.25,0.0,1.0,0.0,1,0,0,0,0,0,1,0,0,0,0,0,0,0,0,1,0,0,0,0,1,0,0
18,1.0,5.32,18,13.99,0,3,0.28,1.0,0.0,0.0,0,1,0,0,0,0,1,0,0,0,0,0,0,0,1,0,0,0,0,0,0,0,1
58,1.0,2.51,31,13.99,1,5,0.08,1.0,0.0,0.0,0,0,0,1,0,0,1,0,0,0,0,0,0,0,0,1,0,0,0,1,0,0,0
57,2.0,44.65,52,17.99,0,5,0.84,0.0,1.0,0.0,0,0,0,0,1,0,0,0,0,0,1,1,0,0,0,0,0,1,0,0,0,0,0
47,1.0,1.59,34,13.99,1,1,0.05,0.0,0.0,1.0,0,0,0,0,1,0,0,0,1,0,0,0,0,0,1,0,0,1,0,0,0,0,0
22,2.0,32.25,30,17.99,0,2,1.04,0.0,0.0,1.0,1,0,0,0,0,0,0,0,0,1,0,0,0,0,1,0,0,0,0,0,0,1,0
52,2.0,1.42,45,17.99,1,5,0.03,0.0,0.0,1.0,0,0,0,1,0,0,0,0,0,0,1,0,0,0,0,1,0,0,0,0,1,0,0
53,1.0,3.68,55,13.99,1,1,0.07,0.0,0.0,1.0,0,0,0,0,1,0,0,0,0,0,1,0,0,0,0,1,0,0,1,0,0,0,0
34,2.0,1.41,20,17.99,0,4,0.07,0.0,0.0,1.0,0,0,0,0,0,1,0,0,0,1,0,1,0,0,0,0,1,0,0,0,0,0,0
46,0.0,1.6,31,8.99,1,3,0.05,0.0,1.0,0.0,0,0,0,1,0,0,1,0,0,0,0,0,1,0,0,0,0,0,0,1,0,0,0
33,2.0,12.0,18,17.99,0,3,0.63,0.0,1.0,0.0,1,0,0,0,0,0,0,1,0,0,0,0,0,1,0,0,0,1,0,0,0,0,0
59,0.0,10.68,13,8.99,0,1,0.76,0.0,0.0,1.0,0,1,0,0,0,0,0,0,0,1,0,0,0,1,0,0,0,0,0,0,0,1,0
51,1.0,1.23,4,13.99,0,4,0.25,0.0,0.0,1.0,0,0,1,0,0,0,0,0,0,0,1,1,0,0,0,0,0,1,0,0,0,0,0
36,0.0,0.38,44,8.99,1,2,0.01,0.0,1.0,0.0,0,0,0,0,1,0,0,1,0,0,0,0,1,0,0,0,0,1,0,0,0,0,0
31,0.0,9.38,9,8.99,0,1,0.94,1.0,0.0,0.0,1,0,0,0,0,0,0,0,0,1,0,0,1,0,0,0,0,0,0,0,1,0,0
22,2.0,10.69,7,17.99,0,2,1.34,0.0,0.0,1.0,1,0,0,0,0,0,0,0,0,1,0,0,0,0,1,0,0,0,0,1,0,0,0
27,0.0,8.88,46,8.99,1,2,0.19,0.0,0.0,1.0,0,1,0,0,0,0,0,0,0,1,0,0,0,1,0,0,1,0,0,0,0,0,0
26,0.0,2.18,37,8.99,1,5,0.06,0.0,1.0,0.0,0,0,1,0,0,0,0,0,1,0,0,0,0,0,0,1,0,1,0,0,0,0,0
54,0.0,30.0,9,8.99,0,4,3.0,0.0,1.0,0.0,0,1,0,0,0,0,0,0,0,0,1,1,0,0,0,0,0,0,0,1,0,0,0
45,2.0,17.57,37,17.99,0,4,0.46,0.0,1.0,0.0,1,0,0,0,0,0,0,0,0,1,0,0,0,0,0,1,0,0,0,0,1,0,0
44,0.0,6.0,44,8.99,1,4,0.13,1.0,0.0,0.0,0,0,1,0,0,0,0,1,0,0,0,0,1,0,0,0,0,0,0,0,1,0,0
24,1.0,0.72,56,13.99,1,2,0.01,0.0,0.0,1.0,0,0,0,0,0,1,0,0,0,1,0,0,1,0,0,0,0,0,0,0,0,1,0
64,2.0,2.66,57,17.99,1,2,0.05,0.0,1.0,0.0,0,0,0,1,0,0,1,0,0,0,0,1,0,0,0,0,0,0,0,0,0,1,0
41,1.0,4.13,26,13.99,1,3,0.15,1.0,0.0,0.0,0,1,0,0,0,0,0,0,0,1,0,0,0,0,0,1,0,0,0,0,1,0,0
42,2.0,0.15,5,17.99,0,4,0.02,0.0,0.0,1.0,0,0,0,0,0,1,0,0,0,0,1,0,0,1,0,0,0,0,0,0,0,0,1
30,2.0,6.24,29,17.99,0,3,0.21,1.0,0.0,0.0,0,0,0,0,1,0,0,0,0,0,1,0,0,0,1,0,0,0,0,0,0,0,1
28,1.0,10.69,51,13.99,1,3,0.21,0.0,1.0,0.0,0,1,0,0,0,0,0,1,0,0,0,0,1,0,0,0,0,1,0,0,0,0,0
24,0.0,26.07,27,8.99,0,2,0.93,1.0,0.0,0.0,0,1,0,0,0,0,0,1,0,0,0,1,0,0,0,0,0,0,0,0,0,0,1
23,2.0,12.51,11,17.99,0,4,1.04,0.0,0.0,1.0,0,0,1,0,0,0,0,0,1,0,0,0,1,0,0,0,0,0,1,0,0,0,0
30,0.0,1.6,56,8.99,1,2,0.03,1.0,0.0,0.0,0,0,1,0,0,0,1,0,0,0,0,0,0,1,0,0,0,0,0,0,1,0,0
35,0.0,1.1,25,8.99,1,2,0.04,1.0,0.0,0.0,0,0,0,1,0,0,0,1,0,0,0,0,0,0,0,1,0,0,0,0,1,0,0
22,2.0,17.85,46,17.99,1,2,0.38,0.0,0.0,1.0,0,0,0,0,0,1,0,0,0,1,0,0,0,0,0,1,0,0,0,0,0,1,0
35,0.0,1.1,35,8.99,1,2,0.03,1.0,0.0,0.0,1,0,0,0,0,0,0,0,0,1,0,0,0,0,0,1,0,0,0,0,0,0,1
35,0.0,37.93,14,8.99,0,4,2.53,1.0,0.0,0.0,1,0,0,0,0,0,1,0,0,0,0,0,1,0,0,0,0,0,0,0,0,1,0
22,0.0,0.68,21,8.99,1,1,0.03,1.0,0.0,0.0,0,0,0,0,1,0,0,0,0,1,0,0,0,1,0,0,1,0,0,0,0,0,0
43,2.0,13.49,8,17.99,0,4,1.5,0.0,1.0,0.0,0,0,1,0,0,0,1,0,0,0,0,0,0,0,1,0,0,0,1,0,0,0,0
33,2.0,0.69,13,17.99,1,4,0.05,0.0,1.0,0.0,0,1,0,0,0,0,0,0,0,0,1,0,1,0,0,0,0,0,1,0,0,0,0
48,2.0,10.54,19,17.99,0,1,0.53,1.0,0.0,0.0,0,0,1,0,0,0,0,0,1,0,0,1,0,0,0,0,0,0,0,0,0,0,1
68,2.0,1.85,3,17.99,0,5,0.46,1.0,0.0,0.0,0,0,1,0,0,0,0,0,0,0,1,0,0,0,1,0,0,0,0,0,0,1,0
58,1.0,1.32,29,13.99,1,2,0.04,0.0,0.0,1.0,0,0,0,0,1,0,0,0,1,0,0,0,0,0,0,1,0,0,1,0,0,0,0
49,0.0,10.47,43,8.99,1,5,0.24,0.0,0.0,1.0,1,0,0,0,0,0,0,1,0,0,0,0,0,1,0,0,0,0,1,0,0,0,0
24,0.0,2.59,24,8.99,1,3,0.1,0.0,0.0,1.0,0,0,0,1,0,0,0,0,1,0,0,0,0,0,1,0,0,0,0,0,1,0,0
66,1.0,26.89,17,13.99,0,1,1.49,0.0,0.0,1.0,1,0,0,0,0,0,1,0,0,0,0,0,0,0,1,0,0,0,1,0,0,0,0
26,2.0,1.87,26,17.99,1,3,0.07,0.0,1.0,0.0,0,0,0,0,0,1,0,0,0,1,0,0,1,0,0,0,0,1,0,0,0,0,0
32,0.0,6.82,42,8.99,1,5,0.16,1.0,0.0,0.0,1,0,0,0,0,0,0,0,1,0,0,1,0,0,0,0,0,1,0,0,0,0,0
54,0.0,6.76,52,8.99,1,5,0.13,1.0,0.0,0.0,0,1,0,0,0,0,0,0,0,0,1,0,0,0,0,1,0,0,0,1,0,0,0
45,2.0,1.85,23,17.99,1,5,0.08,1.0,0.0,0.0,0,1,0,0,0,0,0,0,0,1,0,0,1,0,0,0,0,0,0,0,0,0,1
59,2.0,8.88,16,17.99,0,1,0.52,0.0,0.0,1.0,0,0,0,0,0,1,0,0,1,0,0,0,0,1,0,0,0,0,0,0,0,1,0
67,0.0,17.08,33,8.99,0,5,0.5,0.0,0.0,1.0,0,0,0,0,0,1,0,0,0,1,0,1,0,0,0,0,0,0,0,1,0,0,0
61,0.0,12.55,8,8.99,0,3,1.39,1.0,0.0,0.0,1,0,0,0,0,0,0,0,0,1,0,0,0,0,0,1,0,0,0,0,0,1,0
22,1.0,3.05,48,13.99,1,4,0.06,1.0,0.0,0.0,0,0,0,0,0,1,1,0,0,0,0,0,1,0,0,0,0,0,1,0,0,0,0
23,0.0,14.42,2,8.99,0,2,4.81,0.0,0.0,1.0,1,0,0,0,0,0,0,0,0,0,1,0,1,0,0,0,0,0,0,0,0,1,0
61,1.0,16.83,46,13.99,0,5,0.36,1.0,0.0,0.0,0,0,0,0,0,1,0,0,1,0,0,0,0,0,0,1,0,0,0,0,0,1,0
66,1.0,1.65,44,13.99,1,2,0.04,0.0,1.0,0.0,1,0,0,0,0,0,0,0,0,1,0,0,0,0,0,1,0,0,0,0,0,1,0
39,1.0,2.76,1,13.99,0,3,1.38,1.0,0.0,0.0,0,0,0,0,0,1,0,0,1,0,0,0,0,0,0,1,0,0,1,0,0,0,0
68,2.0,1.23,12,17.99,1,5,0.09,0.0,0.0,1.0,0,1,0,0,0,0,0,0,1,0,0,0,1,0,0,0,0,0,0,0,1,0,0
52,2.0,3.1,6,17.99,0,3,0.44,0.0,0.0,1.0,0,0,1,0,0,0,0,0,0,0,1,1,0,0,0,0,0,0,1,0,0,0,0
21,2.0,34.18,47,17.99,0,1,0.71,1.0,0.0,0.0,0,0,1,0,0,0,0,0,1,0,0,0,0,0,1,0,0,1,0,0,0,0,0
53,1.0,16.06,57,13.99,1,4,0.28,0.0,1.0,0.0,0,0,0,1,0,0,0,0,0,0,1,0,0,0,1,0,1,0,0,0,0,0,0
68,0.0,5.26,45,8.99,1,1,0.11,0.0,1.0,0.0,0,1,0,0,0,0,1,0,0,0,0,0,0,0,1,0,1,0,0,0,0,0,0
46,1.0,4.76,43,13.99,1,5,0.11,1.0,0.0,0.0,0,0,1,0,0,0,1,0,0,0,0,0,0,0,0,1,0,0,0,0,0,1,0
20,2.0,1.78,34,17.99,1,5,0.05,0.0,0.0,1.0,0,1,0,0,0,0,1,0,0,0,0,1,0,0,0,0,1,0,0,0,0,0,0
34,0.0,10.48,60,8.99,1,5,0.17,0.0,1.0,0.0,0,0,1,0,0,0,1,0,0,0,0,0,1,0,0,0,0,0,0,0,0,1,0
31,0.0,1.61,41,8.99,1,2,0.04,0.0,1.0,0.0,0,0,0,1,0,0,0,0,0,0,1,0,0,0,1,0,0,0,0,0,0,0,1
31,2.0,4.0,10,17.99,0,5,0.36,0.0,1.0,0.0,0,0,0,0,0,1,0,0,1,0,0,0,0,1,0,0,0,1,0,0,0,0,0
24,0.0,6.65,41,8.99,1,2,0.16,1.0,0.0,0.0,0,0,1,0,0,0,1,0,0,0,0,0,1,0,0,0,0,0,0,0,0,1,0
66,0.0,12.76,0,8.99,0,1,12.76,0.0,0.0,1.0,0,0,0,1,0,0,0,0,0,0,1,1,0,0,0,0,0,0,0,0,0,0,1
26,0.0,7.83,1,8.99,0,1,3.92,1.0,0.0,0.0,0,0,0,1,0,0,0,0,0,0,1,1,0,0,0,0,0,0,1,0,0,0,0
53,1.0,2.34,46,13.99,1,1,0.05,1.0,0.0,0.0,0,1,0,0,0,0,1,0,0,0,0,0,0,0,0,1,0,0,0,0,0,1,0
32,0.0,8.18,16,8.99,0,4,0.48,0.0,0.0,1.0,0,0,0,0,1,0,1,0,0,0,0,0,0,1,0,0,0,0,0,0,0,0,1
33,2.0,9.1,26,17.99,0,2,0.34,0.0,0.0,1.0,0,0,0,0,0,1,0,1,0,0,0,0,0,0,1,0,0,0,0,1,0,0,0
49,2.0,15.64,1,17.99,0,4,7.82,1.0,0.0,0.0,1,0,0,0,0,0,0,0,0,0,1,0,0,0,0,1,0,0,0,0,1,0,0
46,1.0,8.72,8,13.99,0,5,0.97,0.0,1.0,0.0,0,0,1,0,0,0,1,0,0,0,0,0,0,1,0,0,0,0,1,0,0,0,0
29,0.0,3.75,49,8.99,1,1,0.07,0.0,1.0,0.0,0,0,0,0,0,1,0,0,0,0,1,0,1,0,0,0,0,0,0,0,0,1,0
69,0.0,2.86,1,8.99,0,4,1.43,0.0,0.0,1.0,0,0,0,0,0,1,0,1,0,0,0,0,0,0,1,0,1,0,0,0,0,0,0
54,0.0,1.29,49,8.99,1,4,0.03,0.0,1.0,0.0,0,0,1,0,0,0,0,1,0,0,0,1,0,0,0,0,0,0,0,0,0,0,1
59,1.0,4.14,55,13.99,1,5,0.07,0.0,1.0,0.0,0,0,0,0,0,1,1,0,0,0,0,0,1,0,0,0,0,0,0,0,1,0,0
18,2.0,2.53,38,17.99,1,3,0.06,0.0,1.0,0.0,0,1,0,0,0,0,0,0,1,0,0,0,0,1,0,0,0,0,0,0,0,0,1
42,2.0,22.19,6,17.99,0,2,3.17,0.0,1.0,0.0,0,1,0,0,0,0,1,0,0,0,0,0,0,0,0,1,0,0,0,0,0,0,1
47,1.0,2.92,56,13.99,1,5,0.05,0.0,0.0,1.0,0,0,0,0,0,1,0,0,1,0,0,0,0,1,0,0,0,0,0,1,0,0,0
23,0.0,10.62,52,8.99,1,4,0.2,0.0,0.0,1.0,0,0,0,1,0,0,0,0,1,0,0,0,0,0,1,0,0,1,0,0,0,0,0
51,1.0,18.0,60,13.99,0,4,0.3,0.0,1.0,0.0,0,0,0,0,0,1,1,0,0,0,0,0,0,1,0,0,0,0,0,0,0,1,0
30,0.0,8.52,11,8.99,0,4,0.71,1.0,0.0,0.0,0,1,0,0,0,0,0,1,0,0,0,0,0,0,1,0,1,0,0,0,0,0,0
65,0.0,9.95,8,8.99,0,5,1.11,0.0,0.0,1.0,0,0,0,1,0,0,0,1,0,0,0,0,1,0,0,0,0,1,0,0,0,0,0
70,2.0,9.25,8,17.99,0,5,1.03,1.0,0.0,0.0,0,0,0,0,0,1,0,0,0,0,1,0,0,0,0,1,0,0,1,0,0,0,0
49,0.0,9.65,8,8.99,0,3,1.07,1.0,0.0,0.0,0,1,0,0,0,0,0,1,0,0,0,0,1,0,0,0,0,0,0,0,0,1,0
37,2.0,0.64,10,17.99,1,5,0.06,0.0,1.0,0.0,0,0,1,0,0,0,1,0,0,0,0,0,0,0,1,0,0,1,0,0,0,0,0
70,1.0,1.34,0,13.99,0,1,1.34,0.0,0.0,1.0,0,1,0,0,0,0,0,0,0,1,0,0,0,1,0,0,0,0,1,0,0,0,0
26,2.0,10.65,37,17.99,1,3,0.28,0.0,1.0,0.0,0,0,0,0,0,1,0,0,0,1,0,1,0,0,0,0,0,0,0,0,1,0,0
64,2.0,3.74,32,17.99,1,3,0.11,0.0,1.0,0.0,0,0,0,1,0,0,0,0,0,0,1,0,0,0,0,1,0,0,0,1,0,0,0
43,2.0,12.51,47,17.99,1,1,0.26,1.0,0.0,0.0,0,0,0,0,1,0,0,0,0,1,0,1,0,0,0,0,1,0,0,0,0,0,0
59,2.0,32.81,0,17.99,0,3,32.81,0.0,0.0,1.0,0,0,0,1,0,0,0,1,0,0,0,0,0,1,0,0,0,0,0,0,0,0,1
60,2.0,6.91,46,17.99,1,1,0.15,0.0,1.0,0.0,0,0,0,1,0,0,0,0,0,0,1,0,0,1,0,0,1,0,0,0,0,0,0
60,0.0,4.46,10,8.99,1,5,0.41,1.0,0.0,0.0,0,0,1,0,0,0,0,1,0,0,0,0,0,0,1,0,1,0,0,0,0,0,0
69,0.0,2.16,57,8.99,1,2,0.04,0.0,0.0,1.0,0,0,1,0,0,0,0,0,0,0,1,0,1,0,0,0,1,0,0,0,0,0,0
42,2.0,6.34,28,17.99,0,1,0.22,0.0,0.0,1.0,0,1,0,0,0,0,0,0,0,1,0,0,0,0,1,0,0,0,1,0,0,0,0
47,2.0,12.5,18,17.99,0,1,0.66,0.0,0.0,1.0,1,0,0,0,0,0,0,0,1,0,0,1,0,0,0,0,0,0,0,1,0,0,0
54,2.0,5.37,35,17.99,1,4,0.15,0.0,0.0,1.0,0,0,0,0,1,0,1,0,0,0,0,0,1,0,0,0,0,0,0,0,0,1,0
35,1.0,32.86,25,13.99,0,4,1.26,0.0,1.0,0.0,0,0,0,0,1,0,0,0,0,1,0,0,0,0,1,0,0,0,0,0,0,1,0
50,2.0,12.5,56,17.99,0,5,0.22,0.0,0.0,1.0,0,1,0,0,0,0,0,0,0,0,1,1,0,0,0,0,1,0,0,0,0,0,0
69,2.0,1.75,6,17.99,0,5,0.25,1.0,0.0,0.0,0,0,0,0,1,0,0,0,1,0,0,0,0,0,0,1,0,0,0,0,0,1,0
25,0.0,19.31,5,8.99,0,2,3.22,0.0,0.0,1.0,1,0,0,0,0,0,0,0,1,0,0,0,0,0,0,1,0,0,1,0,0,0,0
51,0.0,17.62,55,8.99,1,4,0.31,1.0,0.0,0.0,0,1,0,0,0,0,0,1,0,0,0,0,0,1,0,0,0,1,0,0,0,0,0
23,1.0,3.7,6,13.99,0,3,0.53,1.0,0.0,0.0,1,0,0,0,0,0,0,0,1,0,0,0,0,0,0,1,0,0,0,1,0,0,0
39,2.0,7.99,50,17.99,1,3,0.16,0.0,0.0,1.0,0,1,0,0,0,0,0,0,1,0,0,0,0,0,0,1,0,0,0,1,0,0,0
22,2.0,8.18,29,17.99,0,2,0.27,0.0,0.0,1.0,0,0,0,0,1,0,1,0,0,0,0,0,0,0,1,0,0,0,0,0,1,0,0
51,2.0,12.41,53,17.99,1,3,0.23,0.0,0.0,1.0,0,1,0,0,0,0,0,1,0,0,0,0,0,0,1,0,0,0,0,0,0,1,0
52,0.0,28.04,11,8.99,0,2,2.34,0.0,0.0,1.0,0,0,1,0,0,0,0,1,0,0,0,0,0,1,0,0,1,0,0,0,0,0,0
51,1.0,5.05,24,13.99,0,3,0.2,0.0,1.0,0.0,0,0,0,1,0,0,0,0,0,0,1,0,0,0,1,0,1,0,0,0,0,0,0
68,2.0,10.0,60,17.99,1,4,0.16,0.0,1.0,0.0,0,0,0,1,0,0,1,0,0,0,0,0,1,0,0,0,0,0,0,0,1,0,0
46,0.0,2.04,26,8.99,1,4,0.08,0.0,0.0,1.0,0,0,0,1,0,0,0,0,1,0,0,0,0,0,1,0,1,0,0,0,0,0,0
55,2.0,2.69,37,17.99,1,2,0.07,0.0,0.0,1.0,1,0,0,0,0,0,0,0,0,1,0,0,0,1,0,0,0,0,0,0,0,0,1
70,1.0,17.8,48,13.99,1,2,0.36,0.0,1.0,0.0,0,0,0,1,0,0,0,0,1,0,0,0,0,0,1,0,0,0,0,1,0,0,0
56,2.0,36.2,3,17.99,0,5,9.05,0.0,0.0,1.0,0,0,1,0,0,0,0,0,1,0,0,0,0,0,1,0,0,0,0,0,0,0,1
24,1.0,0.49,2,13.99,0,2,0.16,0.0,1.0,0.0,0,0,0,0,1,0,0,1,0,0,0,0,0,1,0,0,0,0,0,0,0,1,0
68,1.0,0.88,32,13.99,1,3,0.03,0.0,1.0,0.0,0,0,1,0,0,0,0,1,0,0,0,1,0,0,0,0,0,0,1,0,0,0,0
59,0.0,12.02,4,8.99,0,2,2.4,0.0,0.0,1.0,0,0,0,1,0,0,0,0,1,0,0,0,1,0,0,0,1,0,0,0,0,0,0
28,1.0,11.94,1,13.99,0,2,5.97,1.0,0.0,0.0,0,0,0,0,1,0,0,0,0,0,1,0,1,0,0,0,0,1,0,0,0,0,0
36,2.0,3.28,15,17.99,1,3,0.2,0.0,1.0,0.0,0,0,0,0,0,1,0,0,0,0,1,0,0,0,0,1,0,0,0,0,1,0,0
31,0.0,7.46,45,8.99,1,2,0.16,0.0,0.0,1.0,0,0,0,0,1,0,0,0,1,0,0,1,0,0,0,0,1,0,0,0,0,0,0
18,1.0,25.19,11,13.99,0,1,2.1,1.0,0.0,0.0,0,0,0,1,0,0,0,0,0,1,0,0,0,0,0,1,0,0,0,0,1,0,0
30,0.0,2.99,51,8.99,1,4,0.06,1.0,0.0,0.0,0,0,1,0,0,0,0,1,0,0,0,1,0,0,0,0,0,0,0,0,1,0,0
58,0.0,14.69,30,8.99,1,2,0.47,0.0,1.0,0.0,0,0,1,0,0,0,0,0,0,1,0,0,1,0,0,0,0,0,0,0,1,0,0
24,0.0,9.34,17,8.99,0,4,0.52,0.0,1.0,0.0,0,1,0,0,0,0,0,0,0,1,0,0,0,0,0,1,0,0,0,0,0,0,1
62,2.0,6.03,49,17.99,1,2,0.12,1.0,0.0,0.0,0,0,0,0,1,0,0,0,0,1,0,0,0,1,0,0,0,0,0,0,1,0,0
35,2.0,1.45,12,17.99,1,2,0.11,0.0,0.0,1.0,1,0,0,0,0,0,0,1,0,0,0,1,0,0,0,0,0,0,1,0,0,0,0
54,0.0,29.19,28,8.99,0,2,1.01,0.0,0.0,1.0,0,1,0,0,0,0,0,0,0,0,1,0,0,0,1,0,0,0,0,0,0,1,0
42,0.0,8.18,15,8.99,0,2,0.51,0.0,0.0,1.0,0,0,0,0,0,1,0,1,0,0,0,0,0,0,1,0,0,0,0,0,1,0,0
36,1.0,7.28,2,13.99,0,4,2.43,1.0,0.0,0.0,0,0,0,1,0,0,0,0,0,0,1,0,0,1,0,0,0,0,0,0,0,0,1
47,2.0,5.41,10,17.99,0,3,0.49,0.0,0.0,1.0,0,0,0,0,1,0,0,0,0,0,1,0,0,1,0,0,0,0,0,0,1,0,0
45,1.0,4.13,4,13.99,0,2,0.83,0.0,0.0,1.0,0,0,0,0,0,1,0,0,0,0,1,0,0,1,0,0,0,1,0,0,0,0,0
36,2.0,5.09,26,17.99,0,4,0.19,0.0,0.0,1.0,0,0,1,0,0,0,0,1,0,0,0,0,0,1,0,0,0,0,1,0,0,0,0
23,1.0,22.05,53,13.99,0,3,0.41,0.0,1.0,0.0,0,0,0,0,0,1,0,1,0,0,0,0,0,1,0,0,1,0,0,0,0,0,0
58,1.0,14.37,1,13.99,0,3,7.18,0.0,0.0,1.0,0,0,0,1,0,0,0,0,0,1,0,0,0,1,0,0,1,0,0,0,0,0,0
27,1.0,2.62,10,13.99,1,4,0.24,1.0,0.0,0.0,0,0,0,0,0,1,1,0,0,0,0,0,1,0,0,0,1,0,0,0,0,0,0
40,2.0,2.78,12,17.99,1,2,0.21,0.0,0.0,1.0,0,0,0,1,0,0,0,1,0,0,0,0,0,0,0,1,0,0,0,1,0,0,0
47,1.0,3.3,51,13.99,1,5,0.06,0.0,0.0,1.0,0,0,1,0,0,0,0,0,0,0,1,0,0,1,0,0,0,0,0,0,1,0,0
57,2.0,13.72,29,17.99,0,1,0.46,0.0,0.0,1.0,0,0,0,0,0,1,1,0,0,0,0,1,0,0,0,0,0,0,0,0,0,0,1
52,1.0,12.96,40,13.99,1,4,0.32,0.0,0.0,1.0,0,0,0,0,0,1,0,0,1,0,0,0,0,0,1,0,0,1,0,0,0,0,0
25,1.0,1.7,21,13.99,1,3,0.08,0.0,0.0,1.0,0,0,0,0,1,0,0,0,0,1,0,0,0,0,0,1,0,0,0,1,0,0,0
32,2.0,30.07,24,17.99,0,3,1.2,0.0,1.0,0.0,0,0,0,0,0,1,0,0,1,0,0,0,0,1,0,0,0,0,1,0,0,0,0
32,0.0,8.94,24,8.99,1,3,0.36,0.0,0.0,1.0,0,0,0,0,1,0,0,0,0,0,1,0,1,0,0,0,0,0,0,1,0,0,0
44,1.0,5.3,29,13.99,0,1,0.18,0.0,0.0,1.0,1,0,0,0,0,0,0,0,1,0,0,0,0,0,1,0,0,0,1,0,0,0,0
20,0.0,1.98,2,8.99,1,1,0.66,1.0,0.0,0.0,0,1,0,0,0,0,0,0,0,0,1,0,1,0,0,0,0,0,0,0,0,0,1
51,1.0,20.53,1,13.99,0,4,10.27,0.0,1.0,0.0,0,0,1,0,0,0,0,1,0,0,0,0,0,1,0,0,0,1,0,0,0,0,0
64,0.0,0.95,50,8.99,1,2,0.02,0.0,0.0,1.0,1,0,0,0,0,0,0,0,0,0,1,1,0,0,0,0,1,0,0,0,0,0,0
47,2.0,3.3,24,17.99,1,4,0.13,0.0,0.0,1.0,0,0,0,1,0,0,1,0,0,0,0,0,1,0,0,0,1,0,0,0,0,0,0
25,0.0,2.2,55,8.99,1,4,0.04,0.0,0.0,1.0,0,0,0,1,0,0,0,0,0,0,1,0,0,0,1,0,0,0,0,0,0,1,0
56,1.0,34.8,2,13.99,0,4,11.6,0.0,0.0,1.0,0,0,0,0,1,0,1,0,0,0,0,0,0,1,0,0,0,0,0,1,0,0,0
59,2.0,10.17,14,17.99,0,3,0.68,0.0,0.0,1.0,0,0,0,0,0,1,0,1,0,0,0,0,0,1,0,0,1,0,0,0,0,0,0
45,1.0,43.5,7,13.99,0,5,5.44,0.0,1.0,0.0,0,0,0,1,0,0,1,0,0,0,0,0,0,0,1,0,0,0,0,1,0,0,0
68,2.0,13.82,44,17.99,1,4,0.31,0.0,0.0,1.0,0,0,0,0,1,0,0,0,0,1,0,0,0,0,1,0,0,1,0,0,0,0,0
50,2.0,13.02,51,17.99,1,2,0.25,0.0,0.0,1.0,0,0,0,0,0,1,1,0,0,0,0,0,1,0,0,0,0,0,0,0,0,1,0
20,1.0,2.0,24,13.99,1,2,0.08,0.0,0.0,1.0,0,0,1,0,0,0,0,0,0,0,1,1,0,0,0,0,1,0,0,0,0,0,0
23,0.0,3.03,45,8.99,1,3,0.07,1.0,0.0,0.0,1,0,0,0,0,0,0,1,0,0,0,0,0,1,0,0,0,0,0,1,0,0,0
45,0.0,11.67,16,8.99,0,1,0.69,0.0,0.0,1.0,0,0,0,1,0,0,0,0,0,0,1,0,0,0,0,1,0,0,0,0,0,0,1
19,2.0,3.81,45,17.99,1,3,0.08,0.0,0.0,1.0,0,0,0,0,1,0,0,0,0,1,0,0,0,1,0,0,0,0,1,0,0,0,0
34,1.0,12.44,59,13.99,0,4,0.21,0.0,0.0,1.0,0,1,0,0,0,0,0,0,0,1,0,1,0,0,0,0,0,0,0,1,0,0,0
54,0.0,14.95,44,8.99,1,1,0.33,0.0,1.0,0.0,0,0,1,0,0,0,1,0,0,0,0,0,0,1,0,0,0,0,0,0,1,0,0
47,1.0,1.23,54,13.99,1,1,0.02,1.0,0.0,0.0,0,1,0,0,0,0,0,0,0,1,0,0,1,0,0,0,0,0,1,0,0,0,0
32,0.0,24.51,50,8.99,1,3,0.48,0.0,1.0,0.0,1,0,0,0,0,0,0,1,0,0,0,0,0,0,0,1,0,0,0,0,0,1,0
30,2.0,5.12,59,17.99,1,1,0.09,0.0,1.0,0.0,0,0,1,0,0,0,0,0,1,0,0,0,0,0,0,1,1,0,0,0,0,0,0
59,1.0,19.18,20,13.99,0,2,0.91,0.0,0.0,1.0,0,0,0,0,1,0,1,0,0,0,0,0,1,0,0,0,0,0,0,0,1,0,0
54,1.0,25.32,57,13.99,0,3,0.44,0.0,0.0,1.0,0,1,0,0,0,0,0,0,1,0,0,1,0,0,0,0,0,0,0,1,0,0,0
44,0.0,4.99,57,8.99,1,3,0.09,0.0,1.0,0.0,0,0,1,0,0,0,0,1,0,0,0,1,0,0,0,0,0,0,0,1,0,0,0
35,1.0,1.75,41,13.99,1,1,0.04,0.0,1.0,0.0,0,0,1,0,0,0,0,0,0,1,0,0,0,0,0,1,0,0,0,0,0,1,0
56,2.0,42.86,41,17.99,0,3,1.02,0.0,1.0,0.0,0,0,1,0,0,0,0,0,0,1,0,0,0,0,0,1,1,0,0,0,0,0,0
18,2.0,4.12,47,17.99,1,3,0.09,0.0,0.0,1.0,0,0,1,0,0,0,0,0,1,0,0,0,0,1,0,0,0,0,0,0,0,1,0
63,1.0,1.38,0,13.99,0,4,1.38,0.0,0.0,1.0,0,0,0,0,1,0,1,0,0,0,0,0,0,0,1,0,0,0,0,0,0,0,1
38,2.0,7.13,60,17.99,1,1,0.12,0.0,0.0,1.0,0,0,1,0,0,0,1,0,0,0,0,0,0,0,0,1,0,0,0,1,0,0,0
39,1.0,7.27,31,13.99,1,1,0.23,0.0,0.0,1.0,0,1,0,0,0,0,0,0,1,0,0,0,1,0,0,0,0,0,0,1,0,0,0
52,2.0,34.96,50,17.99,0,3,0.69,0.0,0.0,1.0,0,0,0,1,0,0,1,0,0,0,0,1,0,0,0,0,0,0,0,0,1,0,0
57,2.0,7.31,53,17.99,1,3,0.14,0.0,0.0,1.0,0,0,0,0,1,0,0,0,0,0,1,0,0,0,0,1,0,0,0,0,0,1,0
37,1.0,3.66,5,13.99,0,1,0.61,0.0,1.0,0.0,1,0,0,0,0,0,0,0,0,0,1,0,0,0,0,1,0,0,0,0,0,0,1
53,1.0,0.51,30,13.99,0,5,0.02,0.0,0.0,1.0,0,0,0,0,0,1,0,0,1,0,0,0,0,1,0,0,0,0,0,0,1,0,0
58,0.0,31.06,38,8.99,0,2,0.8,1.0,0.0,0.0,0,0,0,1,0,0,0,0,1,0,0,0,0,0,0,1,0,0,0,0,0,0,1
31,1.0,0.68,58,13.99,1,5,0.01,0.0,0.0,1.0,0,0,0,0,0,1,0,0,0,1,0,0,0,0,1,0,0,0,0,1,0,0,0
38,2.0,8.93,57,17.99,0,4,0.15,0.0,0.0,1.0,0,0,0,0,0,1,0,0,1,0,0,0,0,1,0,0,0,0,0,1,0,0,0
58,0.0,3.41,34,8.99,1,2,0.1,1.0,0.0,0.0,0,0,0,0,1,0,0,0,0,0,1,0,0,0,1,0,0,0,0,0,0,0,1
20,0.0,24.77,55,8.99,0,4,0.44,0.0,1.0,0.0,0,0,0,1,0,0,0,0,1,0,0,0,0,1,0,0,0,0,1,0,0,0,0
69,0.0,16.43,10,8.99,0,1,1.49,1.0,0.0,0.0,0,0,0,0,1,0,0,0,0,0,1,0,0,1,0,0,1,0,0,0,0,0,0
55,0.0,11.13,24,8.99,0,4,0.45,0.0,0.0,1.0,0,1,0,0,0,0,0,1,0,0,0,0,1,0,0,0,0,0,0,0,0,1,0
21,0.0,0.54,36,8.99,1,2,0.01,0.0,0.0,1.0,0,1,0,0,0,0,0,0,0,1,0,1,0,0,0,0,0,0,0,0,0,0,1
60,1.0,5.02,26,13.99,0,3,0.19,1.0,0.0,0.0,0,0,0,0,1,0,0,0,0,0,1,0,1,0,0,0,0,0,0,0,1,0,0
34,1.0,1.34,28,13.99,1,3,0.05,0.0,0.0,1.0,1,0,0,0,0,0,1,0,0,0,0,0,1,0,0,0,0,0,1,0,0,0,0
27,2.0,5.07,33,17.99,1,3,0.15,0.0,0.0,1.0,0,1,0,0,0,0,1,0,0,0,0,0,0,0,1,0,1,0,0,0,0,0,0
44,0.0,5.7,18,8.99,0,2,0.3,1.0,0.0,0.0,0,0,0,1,0,0,0,0,0,0,1,0,0,0,0,1,0,0,0,1,0,0,0
36,2.0,12.97,18,17.99,0,2,0.68,1.0,0.0,0.0,0,0,1,0,0,0,0,0,0,0,1,1,0,0,0,0,0,0,1,0,0,0,0
63,1.0,15.51,9,13.99,0,1,1.55,0.0,1.0,0.0,0,0,0,0,0,1,0,1,0,0,0,0,0,0,0,1,1,0,0,0,0,0,0
36,1.0,48.9,23,13.99,0,1,2.04,1.0,0.0,0.0,0,0,0,1,0,0,0,1,0,0,0,0,0,0,0,1,0,0,0,1,0,0,0
34,1.0,6.79,2,13.99,0,2,2.26,0.0,1.0,0.0,0,0,0,0,1,0,0,0,1,0,0,0,0,0,0,1,0,0,0,0,0,1,0
43,1.0,2.08,45,13.99,1,3,0.05,0.0,0.0,1.0,0,1,0,0,0,0,0,0,0,1,0,0,0,1,0,0,1,0,0,0,0,0,0
42,0.0,5.67,2,8.99,0,3,1.89,1.0,0.0,0.0,0,1,0,0,0,0,0,0,1,0,0,0,0,1,0,0,0,0,0,0,1,0,0
46,2.0,36.23,16,17.99,0,4,2.13,0.0,1.0,0.0,0,0,0,0,0,1,1,0,0,0,0,1,0,0,0,0,0,0,0,0,0,0,1
37,0.0,5.35,2,8.99,0,2,1.78,1.0,0.0,0.0,0,0,0,1,0,0,0,0,0,0,1,0,0,0,1,0,0,0,0,1,0,0,0
58,0.0,11.9,36,8.99,1,3,0.32,1.0,0.0,0.0,0,1,0,0,0,0,0,0,0,0,1,0,0,0,0,1,0,0,1,0,0,0,0
19,0.0,8.23,34,8.99,1,3,0.24,0.0,0.0,1.0,0,1,0,0,0,0,0,0,0,1,0,0,1,0,0,0,0,1,0,0,0,0,0
53,1.0,21.38,53,13.99,0,5,0.4,1.0,0.0,0.0,0,0,0,0,1,0,0,0,0,0,1,1,0,0,0,0,0,0,1,0,0,0,0
61,1.0,4.19,30,13.99,1,2,0.14,1.0,0.0,0.0,0,0,0,0,0,1,0,0,0,1,0,0,1,0,0,0,0,1,0,0,0,0,0
37,2.0,10.86,47,17.99,1,3,0.23,0.0,1.0,0.0,1,0,0,0,0,0,1,0,0,0,0,0,1,0,0,0,0,0,0,0,0,1,0
56,1.0,3.8,26,13.99,1,2,0.14,1.0,0.0,0.0,1,0,0,0,0,0,1,0,0,0,0,1,0,0,0,0,0,0,0,0,0,1,0
65,1.0,50.15,13,13.99,0,3,3.58,1.0,0.0,0.0,0,0,0,0,0,1,0,1,0,0,0,1,0,0,0,0,0,0,0,0,0,0,1
33,2.0,7.79,17,17.99,0,3,0.43,0.0,0.0,1.0,0,1,0,0,0,0,1,0,0,0,0,0,0,0,1,0,1,0,0,0,0,0,0
36,1.0,15.28,54,13.99,1,4,0.28,1.0,0.0,0.0,0,0,0,1,0,0,0,0,0,0,1,0,1,0,0,0,0,0,0,1,0,0,0
65,1.0,9.15,30,13.99,0,4,0.3,0.0,0.0,1.0,0,0,1,0,0,0,0,1,0,0,0,0,0,0,1,0,0,0,0,0,1,0,0
44,1.0,14.25,25,13.99,0,1,0.55,0.0,0.0,1.0,0,0,0,0,0,1,0,1,0,0,0,0,1,0,0,0,0,1,0,0,0,0,0
36,1.0,9.1,2,13.99,0,2,3.03,0.0,1.0,0.0,0,0,0,1,0,0,0,0,0,0,1,0,0,1,0,0,0,0,0,1,0,0,0
38,0.0,0.32,16,8.99,1,3,0.02,1.0,0.0,0.0,0,0,0,0,0,1,0,0,0,0,1,0,0,1,0,0,0,1,0,0,0,0,0
44,0.0,1.03,15,8.99,1,3,0.06,1.0,0.0,0.0,0,1,0,0,0,0,0,0,0,0,1,0,0,0,1,0,0,0,0,1,0,0,0
20,2.0,60.37,8,17.99,0,3,6.71,1.0,0.0,0.0,0,1,0,0,0,0,0,1,0,0,0,0,0,1,0,0,0,0,0,0,0,0,1
31,0.0,7.32,23,8.99,0,5,0.3,0.0,0.0,1.0,0,1,0,0,0,0,0,0,1,0,0,0,0,0,1,0,0,0,1,0,0,0,0
33,2.0,3.8,38,17.99,1,2,0.1,0.0,0.0,1.0,0,0,0,0,1,0,0,0,1,0,0,0,1,0,0,0,0,0,0,0,0,0,1
50,2.0,18.62,25,17.99,0,5,0.72,1.0,0.0,0.0,1,0,0,0,0,0,0,0,0,0,1,0,0,0,1,0,0,0,1,0,0,0,0
64,2.0,16.62,58,17.99,0,5,0.28,0.0,1.0,0.0,0,1,0,0,0,0,0,0,0,0,1,1,0,0,0,0,0,0,1,0,0,0,0
40,2.0,25.5,24,17.99,0,5,1.02,1.0,0.0,0.0,0,1,0,0,0,0,0,0,0,1,0,0,1,0,0,0,1,0,0,0,0,0,0
67,0.0,4.62,33,8.99,1,5,0.14,0.0,0.0,1.0,0,0,0,1,0,0,0,0,1,0,0,0,1,0,0,0,0,0,0,0,1,0,0
61,1.0,4.12,0,13.99,0,1,4.12,0.0,0.0,1.0,1,0,0,0,0,0,1,0,0,0,0,0,1,0,0,0,0,0,0,0,0,1,0
67,1.0,0.08,20,13.99,1,2,0.0,0.0,1.0,0.0,0,0,0,1,0,0,0,0,1,0,0,0,0,0,1,0,0,0,0,1,0,0,0
53,0.0,5.96,46,8.99,1,1,0.13,0.0,0.0,1.0,0,0,0,0,0,1,0,0,0,0,1,1,0,0,0,0,0,0,0,1,0,0,0
32,2.0,3.32,12,17.99,0,4,0.26,0.0,1.0,0.0,0,1,0,0,0,0,0,1,0,0,0,0,0,0,0,1,0,0,0,0,1,0,0
31,1.0,6.08,25,13.99,0,2,0.23,1.0,0.0,0.0,0,0,1,0,0,0,0,0,0,1,0,0,0,0,1,0,0,0,0,0,0,1,0
69,2.0,5.48,54,17.99,1,5,0.1,1.0,0.0,0.0,0,0,0,1,0,0,0,1,0,0,0,0,0,0,1,0,1,0,0,0,0,0,0
55,0.0,28.25,23,8.99,0,1,1.18,0.0,0.0,1.0,1,0,0,0,0,0,0,0,0,1,0,1,0,0,0,0,1,0,0,0,0,0,0
70,2.0,5.62,25,17.99,0,3,0.22,0.0,1.0,0.0,0,0,1,0,0,0,1,0,0,0,0,1,0,0,0,0,0,1,0,0,0,0,0
70,1.0,15.52,12,13.99,0,5,1.19,0.0,1.0,0.0,1,0,0,0,0,0,0,0,1,0,0,0,0,0,1,0,0,0,0,1,0,0,0
70,1.0,3.06,57,13.99,1,4,0.05,1.0,0.0,0.0,0,0,0,1,0,0,0,0,0,1,0,1,0,0,0,0,0,1,0,0,0,0,0
27,0.0,17.34,16,8.99,0,4,1.02,1.0,0.0,0.0,0,0,0,0,0,1,0,1,0,0,0,1,0,0,0,0,0,0,0,0,0,0,1
19,0.0,9.09,56,8.99,1,3,0.16,0.0,1.0,0.0,0,0,0,0,0,1,0,1,0,0,0,1,0,0,0,0,0,0,0,0,0,1,0
63,0.0,36.14,53,8.99,0,4,0.67,0.0,0.0,1.0,0,0,1,0,0,0,0,0,1,0,0,1,0,0,0,0,0,0,0,1,0,0,0
47,0.0,3.92,40,8.99,1,5,0.1,0.0,1.0,0.0,0,0,0,0,1,0,0,0,0,0,1,0,0,0,0,1,0,0,0,1,0,0,0
27,2.0,17.29,11,17.99,0,2,1.44,0.0,1.0,0.0,0,0,1,0,0,0,0,1,0,0,0,0,1,0,0,0,0,1,0,0,0,0,0
33,0.0,11.53,3,8.99,0,5,2.88,1.0,0.0,0.0,0,0,1,0,0,0,0,0,0,1,0,0,0,1,0,0,0,0,1,0,0,0,0
58,2.0,8.53,48,17.99,0,4,0.17,1.0,0.0,0.0,0,0,0,0,1,0,0,1,0,0,0,0,0,0,0,1,0,0,0,0,1,0,0
66,2.0,1.02,15,17.99,1,5,0.06,0.0,0.0,1.0,0,0,1,0,0,0,0,0,1,0,0,0,0,0,1,0,0,1,0,0,0,0,0
55,1.0,3.81,2,13.99,0,1,1.27,1.0,0.0,0.0,0,0,0,0,1,0,0,0,0,1,0,0,0,0,1,0,0,0,0,0,0,0,1
30,1.0,9.58,35,13.99,1,3,0.27,0.0,1.0,0.0,0,0,0,0,0,1,0,0,0,0,1,0,0,1,0,0,0,0,0,0,1,0,0
70,1.0,4.66,43,13.99,1,2,0.11,0.0,0.0,1.0,0,0,0,1,0,0,0,0,0,1,0,0,0,1,0,0,0,0,0,0,1,0,0
70,2.0,18.46,8,17.99,0,4,2.05,0.0,1.0,0.0,0,0,0,1,0,0,0,0,0,1,0,1,0,0,0,0,0,0,1,0,0,0,0
33,2.0,11.79,15,17.99,0,4,0.74,1.0,0.0,0.0,0,0,0,0,1,0,0,0,0,0,1,0,0,1,0,0,0,0,0,0,0,0,1
57,1.0,9.9,45,13.99,0,4,0.22,0.0,0.0,1.0,0,0,0,1,0,0,0,0,1,0,0,0,0,1,0,0,0,0,1,0,0,0,0
54,2.0,9.8,56,17.99,1,4,0.17,0.0,0.0,1.0,0,0,0,1,0,0,0,0,0,0,1,0,1,0,0,0,0,0,0,0,0,1,0
30,1.0,4.72,14,13.99,1,3,0.31,1.0,0.0,0.0,1,0,0,0,0,0,0,0,0,1,0,1,0,0,0,0,0,0,0,0,1,0,0
31,1.0,9.41,39,13.99,0,4,0.24,0.0,1.0,0.0,0,0,1,0,0,0,0,0,0,0,1,0,0,0,0,1,0,0,1,0,0,0,0
18,2.0,0.24,9,17.99,1,1,0.02,1.0,0.0,0.0,0,0,0,0,0,1,0,0,0,1,0,1,0,0,0,0,0,0,0,1,0,0,0
52,2.0,3.12,9,17.99,1,1,0.31,0.0,1.0,0.0,0,0,0,0,0,1,0,0,0,1,0,0,0,0,0,1,0,1,0,0,0,0,0
36,2.0,19.03,1,17.99,0,2,9.52,1.0,0.0,0.0,0,1,0,0,0,0,1,0,0,0,0,0,1,0,0,0,0,0,0,0,0,0,1
49,1.0,8.43,2,13.99,0,1,2.81,1.0,0.0,0.0,0,0,0,0,1,0,0,0,0,1,0,0,0,0,1,0,0,1,0,0,0,0,0
49,0.0,7.02,55,8.99,1,3,0.13,1.0,0.0,0.0,0,0,0,0,0,1,0,0,1,0,0,0,0,0,1,0,0,0,0,1,0,0,0
40,0.0,6.58,3,8.99,0,1,1.65,0.0,0.0,1.0,0,1,0,0,0,0,1,0,0,0,0,0,0,0,0,1,0,0,0,1,0,0,0
58,2.0,14.52,42,17.99,1,1,0.34,1.0,0.0,0.0,0,1,0,0,0,0,1,0,0,0,0,0,0,0,0,1,0,0,0,0,1,0,0
56,1.0,35.01,2,13.99,0,4,11.67,1.0,0.0,0.0,0,1,0,0,0,0,1,0,0,0,0,0,1,0,0,0,0,0,0,0,0,0,1
20,1.0,5.85,15,13.99,0,2,0.37,0.0,0.0,1.0,0,0,1,0,0,0,0,1,0,0,0,0,1,0,0,0,0,0,1,0,0,0,0
67,1.0,9.09,37,13.99,1,4,0.24,0.0,0.0,1.0,0,0,0,0,0,1,0,1,0,0,0,0,1,0,0,0,0,0,0,0,1,0,0
18,0.0,7.7,33,8.99,1,2,0.23,1.0,0.0,0.0,0,0,0,1,0,0,0,1,0,0,0,0,1,0,0,0,1,0,0,0,0,0,0
68,1.0,7.02,58,13.99,0,4,0.12,0.0,1.0,0.0,0,0,0,0,1,0,1,0,0,0,0,0,0,1,0,0,0,0,0,0,0,1,0
57,2.0,4.83,3,17.99,0,4,1.21,1.0,0.0,0.0,0,0,0,0,1,0,1,0,0,0,0,1,0,0,0,0,0,1,0,0,0,0,0
23,0.0,17.3,22,8.99,0,2,0.75,1.0,0.0,0.0,1,0,0,0,0,0,0,0,0,0,1,0,0,0,0,1,0,0,1,0,0,0,0
29,2.0,6.93,13,17.99,0,1,0.49,0.0,1.0,0.0,1,0,0,0,0,0,0,1,0,0,0,1,0,0,0,0,0,0,0,1,0,0,0
41,1.0,3.35,57,13.99,1,3,0.06,1.0,0.0,0.0,0,0,0,0,1,0,0,0,0,0,1,0,1,0,0,0,0,0,0,0,1,0,0
37,1.0,3.94,2,13.99,0,2,1.31,1.0,0.0,0.0,0,0,0,0,1,0,0,0,1,0,0,0,0,1,0,0,0,1,0,0,0,0,0
45,2.0,0.12,14,17.99,0,5,0.01,1.0,0.0,0.0,0,0,1,0,0,0,0,0,0,1,0,0,0,1,0,0,0,0,1,0,0,0,0
47,2.0,0.64,43,17.99,1,2,0.01,0.0,1.0,0.0,1,0,0,0,0,0,1,0,0,0,0,0,1,0,0,0,0,0,0,0,0,1,0
55,2.0,7.53,8,17.99,0,2,0.84,0.0,0.0,1.0,0,0,0,0,1,0,0,0,0,1,0,0,1,0,0,0,0,0,0,0,1,0,0
70,0.0,11.44,3,8.99,0,4,2.86,0.0,0.0,1.0,0,1,0,0,0,0,0,0,0,1,0,0,0,0,0,1,0,0,0,0,0,1,0
42,0.0,3.47,36,8.99,1,5,0.09,0.0,0.0,1.0,0,0,0,0,0,1,0,0,0,0,1,1,0,0,0,0,0,0,1,0,0,0,0
33,1.0,17.89,32,13.99,0,4,0.54,0.0,1.0,0.0,0,1,0,0,0,0,0,0,1,0,0,0,0,0,1,0,0,0,0,0,0,0,1
57,0.0,28.44,41,8.99,0,1,0.68,0.0,1.0,0.0,0,0,0,1,0,0,0,0,1,0,0,1,0,0,0,0,0,1,0,0,0,0,0
64,1.0,12.66,36,13.99,1,2,0.34,1.0,0.0,0.0,0,0,0,1,0,0,0,0,1,0,0,0,1,0,0,0,0,0,0,0,1,0,0
69,2.0,3.05,57,17.99,1,4,0.05,0.0,0.0,1.0,0,0,1,0,0,0,0,0,0,1,0,0,0,0,0,1,0,1,0,0,0,0,0
27,0.0,0.03,2,8.99,1,3,0.01,1.0,0.0,0.0,1,0,0,0,0,0,0,0,1,0,0,0,0,1,0,0,0,0,0,1,0,0,0
39,2.0,7.64,40,17.99,1,1,0.19,0.0,1.0,0.0,0,0,0,0,1,0,1,0,0,0,0,0,0,0,0,1,1,0,0,0,0,0,0
65,2.0,5.02,51,17.99,1,3,0.1,0.0,1.0,0.0,1,0,0,0,0,0,0,1,0,0,0,0,1,0,0,0,0,1,0,0,0,0,0
39,0.0,12.17,18,8.99,0,5,0.64,0.0,0.0,1.0,0,0,0,0,0,1,0,0,0,1,0,1,0,0,0,0,0,0,0,0,0,0,1
52,1.0,8.93,38,13.99,1,1,0.23,1.0,0.0,0.0,1,0,0,0,0,0,1,0,0,0,0,0,1,0,0,0,0,0,0,0,1,0,0
62,0.0,30.35,29,8.99,0,2,1.01,0.0,0.0,1.0,0,0,0,0,1,0,0,0,0,0,1,0,0,1,0,0,0,0,0,1,0,0,0
52,0.0,0.4,54,8.99,1,1,0.01,0.0,0.0,1.0,0,0,1,0,0,0,1,0,0,0,0,0,0,1,0,0,0,0,0,0,0,1,0
43,1.0,0.24,3,13.99,1,3,0.06,0.0,1.0,0.0,0,0,1,0,0,0,0,0,1,0,0,0,0,0,1,0,0,0,0,0,0,1,0
32,1.0,0.38,10,13.99,0,5,0.03,0.0,0.0,1.0,0,1,0,0,0,0,1,0,0,0,0,1,0,0,0,0,0,1,0,0,0,0,0
18,2.0,9.88,11,17.99,0,4,0.82,1.0,0.0,0.0,0,0,0,0,0,1,0,1,0,0,0,0,0,1,0,0,0,0,0,0,0,0,1
45,0.0,25.86,36,8.99,0,3,0.7,1.0,0.0,0.0,0,0,0,1,0,0,0,0,0,0,1,0,0,0,0,1,0,1,0,0,0,0,0
21,0.0,28.27,26,8.99,0,5,1.05,0.0,1.0,0.0,0,1,0,0,0,0,0,1,0,0,0,0,0,0,1,0,0,0,1,0,0,0,0
63,0.0,6.79,46,8.99,1,1,0.14,0.0,1.0,0.0,0,1,0,0,0,0,0,0,0,0,1,1,0,0,0,0,0,1,0,0,0,0,0
57,2.0,14.69,12,17.99,0,5,1.13,0.0,1.0,0.0,1,0,0,0,0,0,1,0,0,0,0,0,1,0,0,0,0,0,0,0,0,0,1
24,1.0,7.75,25,13.99,0,5,0.3,0.0,1.0,0.0,0,0,1,0,0,0,0,1,0,0,0,0,1,0,0,0,1,0,0,0,0,0,0
56,2.0,8.83,10,17.99,0,1,0.8,1.0,0.0,0.0,0,0,1,0,0,0,0,0,0,0,1,0,0,1,0,0,0,0,1,0,0,0,0
39,2.0,18.98,37,17.99,0,3,0.5,0.0,0.0,1.0,0,1,0,0,0,0,0,1,0,0,0,0,0,0,1,0,0,1,0,0,0,0,0
66,0.0,31.95,12,8.99,0,4,2.46,0.0,0.0,1.0,1,0,0,0,0,0,0,0,1,0,0,0,0,1,0,0,0,0,0,0,1,0,0
38,2.0,15.01,31,17.99,0,5,0.47,1.0,0.0,0.0,1,0,0,0,0,0,1,0,0,0,0,0,0,1,0,0,0,0,0,0,0,0,1
49,0.0,15.49,18,8.99,0,3,0.82,0.0,0.0,1.0,0,0,0,1,0,0,0,0,0,0,1,1,0,0,0,0,0,0,1,0,0,0,0
25,0.0,2.78,0,8.99,1,1,2.78,1.0,0.0,0.0,0,0,0,0,1,0,0,0,0,1,0,0,0,1,0,0,0,0,0,1,0,0,0
64,1.0,28.71,15,13.99,0,4,1.79,0.0,1.0,0.0,0,0,0,0,0,1,0,0,1,0,0,0,0,0,0,1,0,0,1,0,0,0,0
70,2.0,12.08,16,17.99,0,5,0.71,0.0,0.0,1.0,0,0,0,0,1,0,0,1,0,0,0,0,0,0,1,0,0,1,0,0,0,0,0
46,1.0,12.26,45,13.99,1,3,0.27,0.0,1.0,0.0,1,0,0,0,0,0,0,0,0,0,1,0,0,0,0,1,0,0,1,0,0,0,0
62,0.0,0.98,36,8.99,1,4,0.03,0.0,0.0,1.0,0,0,1,0,0,0,1,0,0,0,0,0,0,0,1,0,0,1,0,0,0,0,0
56,0.0,2.98,37,8.99,1,4,0.08,1.0,0.0,0.0,0,0,0,0,0,1,1,0,0,0,0,0,0,0,1,0,0,0,0,0,0,0,1
66,0.0,16.19,25,8.99,0,4,0.62,0.0,1.0,0.0,1,0,0,0,0,0,0,0,0,1,0,0,0,0,1,0,0,0,0,1,0,0,0
25,0.0,4.02,19,8.99,1,3,0.2,0.0,1.0,0.0,0,0,1,0,0,0,0,1,0,0,0,0,0,0,1,0,0,0,0,0,1,0,0
45,0.0,39.96,41,8.99,0,5,0.95,0.0,0.0,1.0,0,0,0,0,1,0,0,1,0,0,0,0,0,0,0,1,0,0,0,0,0,1,0
29,1.0,54.53,1,13.99,0,2,27.27,1.0,0.0,0.0,0,0,0,0,0,1,0,0,1,0,0,0,0,1,0,0,0,0,0,0,0,0,1
68,2.0,3.15,1,17.99,0,3,1.57,0.0,0.0,1.0,1,0,0,0,0,0,0,0,0,0,1,1,0,0,0,0,0,0,0,0,1,0,0
56,2.0,24.37,26,17.99,0,3,0.9,0.0,1.0,0.0,0,0,1,0,0,0,0,1,0,0,0,0,0,0,0,1,0,0,0,0,0,1,0
35,2.0,9.97,13,17.99,0,5,0.71,1.0,0.0,0.0,1,0,0,0,0,0,0,0,0,1,0,0,0,1,0,0,0,0,0,1,0,0,0
51,2.0,8.68,8,17.99,0,4,0.96,1.0,0.0,0.0,1,0,0,0,0,0,0,0,0,1,0,0,0,0,0,1,0,0,1,0,0,0,0
24,2.0,77.9,12,17.99,0,1,5.99,0.0,1.0,0.0,0,0,0,1,0,0,0,0,0,1,0,0,0,0,0,1,0,1,0,0,0,0,0
32,2.0,28.61,22,17.99,0,4,1.24,0.0,1.0,0.0,0,0,0,1,0,0,0,0,0,0,1,1,0,0,0,0,0,0,0,0,0,1,0
38,0.0,6.95,17,8.99,0,5,0.39,0.0,1.0,0.0,0,0,0,0,0,1,0,0,0,0,1,1,0,0,0,0,0,0,1,0,0,0,0
27,1.0,1.04,54,13.99,1,3,0.02,1.0,0.0,0.0,0,0,0,0,0,1,0,0,0,0,1,0,1,0,0,0,0,0,0,0,0,1,0
49,1.0,10.66,38,13.99,1,3,0.27,0.0,1.0,0.0,0,1,0,0,0,0,0,0,0,1,0,0,0,0,0,1,0,0,0,1,0,0,0
47,2.0,20.61,56,17.99,0,1,0.36,0.0,1.0,0.0,0,0,0,0,1,0,1,0,0,0,0,1,0,0,0,0,0,0,0,0,0,1,0
59,2.0,12.39,29,17.99,0,2,0.41,0.0,1.0,0.0,0,0,0,0,1,0,0,0,0,0,1,1,0,0,0,0,1,0,0,0,0,0,0
64,0.0,2.11,31,8.99,1,4,0.07,1.0,0.0,0.0,1,0,0,0,0,0,0,0,0,0,1,0,0,1,0,0,0,0,1,0,0,0,0
56,2.0,3.93,27,17.99,0,4,0.14,0.0,1.0,0.0,0,1,0,0,0,0,0,0,0,1,0,0,0,0,0,1,0,0,0,1,0,0,0
41,2.0,1.34,4,17.99,0,2,0.27,0.0,1.0,0.0,0,0,1,0,0,0,0,1,0,0,0,0,0,0,0,1,1,0,0,0,0,0,0
65,0.0,4.85,45,8.99,1,4,0.11,0.0,1.0,0.0,1,0,0,0,0,0,0,1,0,0,0,0,1,0,0,0,0,0,0,0,0,1,0
59,2.0,7.26,30,17.99,0,4,0.23,0.0,0.0,1.0,0,1,0,0,0,0,0,0,1,0,0,0,0,0,1,0,0,0,0,1,0,0,0
64,2.0,31.16,47,17.99,0,5,0.65,0.0,1.0,0.0,0,0,0,0,1,0,0,0,1,0,0,1,0,0,0,0,0,0,0,0,0,1,0
55,2.0,9.76,37,17.99,1,2,0.26,1.0,0.0,0.0,0,0,1,0,0,0,1,0,0,0,0,0,0,0,1,0,0,0,0,1,0,0,0
51,1.0,24.3,38,13.99,0,2,0.62,0.0,1.0,0.0,0,0,0,0,0,1,1,0,0,0,0,0,0,1,0,0,0,0,0,0,1,0,0
54,2.0,2.1,50,17.99,1,1,0.04,0.0,1.0,0.0,0,0,0,0,1,0,0,0,0,0,1,0,0,0,1,0,0,0,0,0,1,0,0
21,1.0,6.2,4,13.99,0,5,1.24,1.0,0.0,0.0,0,0,0,0,1,0,0,0,1,0,0,0,0,1,0,0,1,0,0,0,0,0,0
22,0.0,5.12,27,8.99,0,4,0.18,1.0,0.0,0.0,0,0,0,1,0,0,0,1,0,0,0,0,0,0,0,1,0,0,0,0,0,1,0
21,2.0,27.5,26,17.99,0,2,1.02,1.0,0.0,0.0,0,0,0,0,0,1,0,0,0,0,1,0,1,0,0,0,0,0,0,0,1,0,0
49,1.0,10.34,20,13.99,0,3,0.49,1.0,0.0,0.0,0,0,1,0,0,0,0,0,1,0,0,0,0,0,1,0,0,0,0,0,0,0,1
53,2.0,4.37,48,17.99,1,3,0.09,1.0,0.0,0.0,0,0,1,0,0,0,0,0,0,0,1,0,0,0,0,1,0,1,0,0,0,0,0
33,1.0,10.71,25,13.99,0,1,0.41,0.0,0.0,1.0,0,0,0,1,0,0,0,1,0,0,0,1,0,0,0,0,0,0,0,0,1,0,0
58,0.0,1.03,50,8.99,1,4,0.02,0.0,0.0,1.0,1,0,0,0,0,0,0,0,1,0,0,1,0,0,0,0,0,0,0,1,0,0,0
43,2.0,5.78,11,17.99,0,5,0.48,0.0,0.0,1.0,1,0,0,0,0,0,1,0,0,0,0,0,0,0,0,1,0,0,0,0,0,0,1
52,0.0,5.2,20,8.99,0,3,0.25,1.0,0.0,0.0,0,0,0,0,0,1,0,0,0,1,0,0,0,0,0,1,0,0,0,0,1,0,0
33,1.0,3.76,16,13.99,0,5,0.22,0.0,0.0,1.0,0,0,0,1,0,0,0,0,0,1,0,0,0,1,0,0,0,1,0,0,0,0,0
70,2.0,7.61,1,17.99,0,5,3.81,0.0,0.0,1.0,0,0,0,0,0,1,0,1,0,0,0,1,0,0,0,0,0,0,0,1,0,0,0
33,1.0,2.53,30,13.99,1,3,0.08,0.0,1.0,0.0,0,1,0,0,0,0,0,0,0,1,0,0,0,1,0,0,0,1,0,0,0,0,0
52,0.0,4.47,7,8.99,1,3,0.56,1.0,0.0,0.0,0,0,0,1,0,0,0,0,0,0,1,0,0,1,0,0,1,0,0,0,0,0,0
49,1.0,9.01,31,13.99,1,3,0.28,0.0,0.0,1.0,0,0,1,0,0,0,0,1,0,0,0,0,0,0,0,1,1,0,0,0,0,0,0
55,0.0,12.56,46,8.99,1,1,0.27,0.0,1.0,0.0,0,1,0,0,0,0,0,1,0,0,0,0,0,0,0,1,0,0,0,0,1,0,0
54,0.0,8.46,41,8.99,1,2,0.2,0.0,1.0,0.0,0,0,0,0,1,0,0,1,0,0,0,0,0,0,0,1,0,0,0,0,0,1,0
60,0.0,49.16,11,8.99,0,3,4.1,1.0,0.0,0.0,0,0,1,0,0,0,0,0,0,1,0,0,0,1,0,0,0,0,1,0,0,0,0
47,0.0,0.29,10,8.99,1,4,0.03,0.0,0.0,1.0,1,0,0,0,0,0,0,0,1,0,0,0,0,1,0,0,0,0,0,0,1,0,0
26,1.0,2.87,50,13.99,1,3,0.06,0.0,1.0,0.0,1,0,0,0,0,0,1,0,0,0,0,0,0,0,0,1,0,0,0,1,0,0,0
50,0.0,18.3,25,8.99,0,1,0.7,1.0,0.0,0.0,0,0,0,1,0,0,0,0,1,0,0,0,0,0,1,0,0,0,0,0,0,0,1
44,0.0,5.85,5,8.99,0,1,0.97,0.0,0.0,1.0,0,1,0,0,0,0,0,0,0,0,1,0,0,0,0,1,1,0,0,0,0,0,0
60,1.0,15.15,37,13.99,1,2,0.4,0.0,1.0,0.0,0,0,1,0,0,0,0,0,0,1,0,0,1,0,0,0,0,0,0,0,0,1,0
41,2.0,2.49,26,17.99,1,2,0.09,0.0,0.0,1.0,0,0,1,0,0,0,0,0,0,1,0,0,1,0,0,0,1,0,0,0,0,0,0
40,0.0,14.79,15,8.99,0,1,0.92,0.0,1.0,0.0,0,0,1,0,0,0,0,0,0,1,0,1,0,0,0,0,0,0,0,0,0,0,1
42,0.0,0.33,43,8.99,1,2,0.01,0.0,0.0,1.0,0,0,0,0,1,0,0,0,0,1,0,0,0,0,1,0,0,0,1,0,0,0,0
34,2.0,1.56,8,17.99,1,3,0.17,1.0,0.0,0.0,0,0,0,1,0,0,0,0,0,0,1,0,0,0,0,1,0,0,0,0,1,0,0
24,0.0,2.42,24,8.99,1,3,0.1,0.0,0.0,1.0,1,0,0,0,0,0,0,0,0,0,1,0,0,0,0,1,0,0,0,0,1,0,0
24,2.0,6.65,7,17.99,0,4,0.83,0.0,1.0,0.0,0,0,1,0,0,0,0,0,1,0,0,0,1,0,0,0,0,0,0,0,1,0,0
70,1.0,18.5,54,13.99,0,4,0.34,0.0,0.0,1.0,0,0,0,0,1,0,0,0,1,0,0,0,0,1,0,0,1,0,0,0,0,0,0
52,0.0,2.61,51,8.99,1,5,0.05,0.0,1.0,0.0,0,0,0,1,0,0,1,0,0,0,0,0,1,0,0,0,0,0,0,0,1,0,0
36,2.0,17.33,21,17.99,0,4,0.79,1.0,0.0,0.0,0,0,0,0,0,1,0,0,1,0,0,0,1,0,0,0,0,0,0,1,0,0,0
25,0.0,0.05,52,8.99,1,1,0.0,1.0,0.0,0.0,1,0,0,0,0,0,0,0,0,0,1,0,0,1,0,0,1,0,0,0,0,0,0
38,0.0,76.2,12,8.99,0,5,5.86,1.0,0.0,0.0,1,0,0,0,0,0,0,1,0,0,0,0,1,0,0,0,0,0,0,0,0,1,0
58,2.0,17.93,7,17.99,0,1,2.24,1.0,0.0,0.0,0,0,1,0,0,0,0,1,0,0,0,1,0,0,0,0,0,0,1,0,0,0,0
19,2.0,17.12,11,17.99,0,1,1.43,1.0,0.0,0.0,0,0,1,0,0,0,0,0,0,1,0,1,0,0,0,0,0,0,0,0,0,0,1
54,0.0,11.19,27,8.99,1,1,0.4,0.0,0.0,1.0,0,0,0,0,0,1,0,0,0,1,0,0,0,0,1,0,0,1,0,0,0,0,0
26,1.0,9.6,18,13.99,0,4,0.51,0.0,0.0,1.0,0,0,0,0,1,0,1,0,0,0,0,0,1,0,0,0,0,0,0,0,1,0,0
23,2.0,30.22,27,17.99,0,1,1.08,0.0,0.0,1.0,0,0,0,0,0,1,1,0,0,0,0,0,0,0,1,0,0,0,0,0,0,0,1
25,0.0,12.69,39,8.99,1,3,0.32,0.0,1.0,0.0,0,0,1,0,0,0,0,0,1,0,0,1,0,0,0,0,0,0,0,0,0,0,1
18,0.0,29.27,45,8.99,1,1,0.64,0.0,1.0,0.0,0,1,0,0,0,0,0,1,0,0,0,0,1,0,0,0,0,0,0,0,0,0,1
44,0.0,40.75,9,8.99,0,1,4.08,1.0,0.0,0.0,0,0,0,0,0,1,1,0,0,0,0,0,0,0,1,0,0,0,1,0,0,0,0
56,0.0,15.94,12,8.99,0,2,1.23,0.0,1.0,0.0,0,0,0,1,0,0,0,0,0,1,0,0,0,0,1,0,0,0,1,0,0,0,0
63,0.0,27.89,30,8.99,0,4,0.9,0.0,1.0,0.0,0,1,0,0,0,0,1,0,0,0,0,0,0,1,0,0,0,0,0,0,0,1,0
70,1.0,24.78,19,13.99,0,1,1.24,0.0,1.0,0.0,0,0,0,1,0,0,0,1,0,0,0,0,0,0,1,0,0,0,0,0,0,0,1
53,2.0,27.97,35,17.99,0,1,0.78,0.0,1.0,0.0,1,0,0,0,0,0,1,0,0,0,0,0,1,0,0,0,0,0,1,0,0,0,0
61,2.0,16.07,32,17.99,1,5,0.49,1.0,0.0,0.0,0,1,0,0,0,0,1,0,0,0,0,0,0,0,1,0,1,0,0,0,0,0,0
59,1.0,0.32,29,13.99,0,4,0.01,1.0,0.0,0.0,1,0,0,0,0,0,0,0,1,0,0,0,0,1,0,0,0,0,0,0,1,0,0
31,0.0,2.85,5,8.99,1,5,0.48,0.0,1.0,0.0,0,0,0,0,1,0,0,0,1,0,0,0,0,1,0,0,0,0,0,0,1,0,0
44,2.0,6.78,6,17.99,0,5,0.97,0.0,0.0,1.0,1,0,0,0,0,0,0,1,0,0,0,0,0,0,0,1,1,0,0,0,0,0,0
18,2.0,12.95,39,17.99,1,4,0.32,1.0,0.0,0.0,0,0,0,1,0,0,0,0,0,1,0,0,0,0,1,0,0,0,0,0,0,1,0
64,0.0,1.74,20,8.99,1,5,0.08,1.0,0.0,0.0,0,0,1,0,0,0,0,1,0,0,0,0,0,1,0,0,1,0,0,0,0,0,0
59,0.0,1.36,57,8.99,1,1,0.02,0.0,0.0,1.0,0,0,0,1,0,0,0,0,0,0,1,0,0,0,1,0,0,0,0,0,0,0,1
27,1.0,3.46,42,13.99,1,5,0.08,1.0,0.0,0.0,0,0,1,0,0,0,0,1,0,0,0,0,0,0,1,0,0,1,0,0,0,0,0
36,1.0,16.29,48,13.99,1,4,0.33,1.0,0.0,0.0,0,0,0,1,0,0,0,0,1,0,0,0,1,0,0,0,0,0,1,0,0,0,0
28,0.0,12.94,40,8.99,1,3,0.32,0.0,0.0,1.0,0,0,1,0,0,0,0,0,1,0,0,0,0,0,0,1,0,1,0,0,0,0,0
66,0.0,5.27,6,8.99,0,5,0.75,1.0,0.0,0.0,0,0,0,0,0,1,0,0,1,0,0,1,0,0,0,0,0,0,1,0,0,0,0
24,2.0,16.17,33,17.99,1,2,0.48,1.0,0.0,0.0,0,0,0,0,0,1,0,0,0,0,1,0,0,0,1,0,0,0,0,0,0,1,0
66,2.0,10.41,1,17.99,0,5,5.21,0.0,1.0,0.0,0,0,0,1,0,0,0,1,0,0,0,1,0,0,0,0,0,1,0,0,0,0,0
60,0.0,20.76,8,8.99,0,4,2.31,1.0,0.0,0.0,0,1,0,0,0,0,0,1,0,0,0,1,0,0,0,0,1,0,0,0,0,0,0
45,2.0,0.45,44,17.99,1,3,0.01,0.0,1.0,0.0,0,1,0,0,0,0,0,0,1,0,0,0,0,1,0,0,0,1,0,0,0,0,0
54,0.0,11.9,49,8.99,1,5,0.24,1.0,0.0,0.0,0,0,0,0,0,1,1,0,0,0,0,0,0,0,0,1,0,0,0,0,1,0,0
33,0.0,43.55,4,8.99,0,1,8.71,0.0,1.0,0.0,0,0,0,0,0,1,0,0,0,1,0,0,0,0,1,0,0,0,1,0,0,0,0
69,2.0,5.4,14,17.99,0,3,0.36,0.0,1.0,0.0,1,0,0,0,0,0,0,0,0,1,0,0,1,0,0,0,0,0,0,0,0,0,1
44,1.0,12.56,53,13.99,1,3,0.23,0.0,0.0,1.0,0,0,0,1,0,0,0,1,0,0,0,0,1,0,0,0,1,0,0,0,0,0,0
39,0.0,34.56,39,8.99,0,1,0.86,0.0,1.0,0.0,0,0,1,0,0,0,0,0,1,0,0,0,0,1,0,0,0,1,0,0,0,0,0
53,2.0,3.41,50,17.99,1,1,0.07,1.0,0.0,0.0,0,0,0,0,1,0,0,1,0,0,0,0,0,1,0,0,0,0,0,0,0,1,0
33,1.0,5.76,40,13.99,1,5,0.14,0.0,1.0,0.0,0,0,1,0,0,0,1,0,0,0,0,0,0,0,1,0,0,1,0,0,0,0,0
36,0.0,1.11,39,8.99,1,1,0.03,0.0,0.0,1.0,0,0,0,0,1,0,0,0,0,1,0,1,0,0,0,0,0,0,1,0,0,0,0
65,0.0,3.84,3,8.99,0,3,0.96,0.0,0.0,1.0,0,0,0,0,1,0,1,0,0,0,0,1,0,0,0,0,0,1,0,0,0,0,0
23,2.0,15.27,27,17.99,0,1,0.55,0.0,0.0,1.0,0,1,0,0,0,0,0,0,0,0,1,0,0,0,0,1,0,0,0,1,0,0,0
22,2.0,7.28,43,17.99,0,5,0.17,1.0,0.0,0.0,0,0,0,1,0,0,1,0,0,0,0,0,0,1,0,0,0,0,0,0,0,0,1
51,1.0,0.73,46,13.99,1,5,0.02,0.0,0.0,1.0,0,0,0,1,0,0,0,1,0,0,0,0,1,0,0,0,0,0,1,0,0,0,0
69,2.0,21.64,27,17.99,0,5,0.77,0.0,1.0,0.0,0,0,1,0,0,0,0,0,1,0,0,0,0,0,1,0,0,1,0,0,0,0,0
57,0.0,4.12,10,8.99,1,1,0.37,1.0,0.0,0.0,0,0,0,0,0,1,0,0,0,1,0,0,0,1,0,0,0,0,0,0,0,0,1
28,2.0,0.77,21,17.99,1,2,0.04,0.0,0.0,1.0,0,0,0,1,0,0,0,0,1,0,0,0,1,0,0,0,1,0,0,0,0,0,0
65,0.0,13.42,52,8.99,1,3,0.25,1.0,0.0,0.0,0,1,0,0,0,0,0,0,0,0,1,0,0,0,0,1,0,0,0,0,1,0,0
31,2.0,4.03,24,17.99,1,5,0.16,1.0,0.0,0.0,0,0,0,0,1,0,0,0,1,0,0,0,0,0,1,0,0,0,0,1,0,0,0
54,1.0,4.41,9,13.99,1,2,0.44,1.0,0.0,0.0,0,0,0,1,0,0,0,1,0,0,0,0,0,0,1,0,0,0,0,0,0,0,1
46,0.0,14.86,47,8.99,1,4,0.31,0.0,1.0,0.0,0,0,0,0,0,1,0,0,0,1,0,0,0,0,0,1,0,0,0,0,0,1,0
39,2.0,11.04,60,17.99,1,4,0.18,0.0,0.0,1.0,0,0,1,0,0,0,0,0,0,0,1,0,1,0,0,0,0,0,0,0,1,0,0
29,2.0,15.36,31,17.99,1,1,0.48,0.0,1.0,0.0,0,0,0,0,0,1,0,0,1,0,0,0,1,0,0,0,0,0,0,0,0,0,1
50,0.0,9.54,38,8.99,1,3,0.24,0.0,0.0,1.0,0,0,1,0,0,0,0,1,0,0,0,0,0,0,0,1,1,0,0,0,0,0,0
54,0.0,14.18,45,8.99,1,5,0.31,0.0,1.0,0.0,1,0,0,0,0,0,0,0,1,0,0,0,0,0,0,1,0,0,1,0,0,0,0
32,1.0,1.52,10,13.99,1,3,0.14,0.0,1.0,0.0,0,1,0,0,0,0,1,0,0,0,0,0,0,0,0,1,1,0,0,0,0,0,0
25,2.0,0.82,22,17.99,1,1,0.04,1.0,0.0,0.0,0,0,0,0,1,0,0,0,0,0,1,0,1,0,0,0,0,0,0,0,0,1,0
64,2.0,0.34,1,17.99,1,3,0.17,0.0,0.0,1.0,0,0,1,0,0,0,1,0,0,0,0,0,0,0,1,0,0,1,0,0,0,0,0
44,1.0,1.01,13,13.99,0,4,0.07,0.0,1.0,0.0,0,0,1,0,0,0,0,1,0,0,0,0,0,0,0,1,1,0,0,0,0,0,0
44,2.0,7.47,19,17.99,0,1,0.37,1.0,0.0,0.0,0,0,1,0,0,0,1,0,0,0,0,0,0,1,0,0,1,0,0,0,0,0,0
18,0.0,6.57,50,8.99,1,3,0.13,0.0,1.0,0.0,1,0,0,0,0,0,0,1,0,0,0,0,0,0,0,1,0,0,1,0,0,0,0
38,0.0,39.29,54,8.99,0,5,0.71,1.0,0.0,0.0,0,0,0,1,0,0,0,0,0,1,0,1,0,0,0,0,0,0,0,0,0,1,0
36,1.0,3.16,23,13.99,1,5,0.13,1.0,0.0,0.0,0,0,0,0,1,0,0,0,0,0,1,0,1,0,0,0,0,1,0,0,0,0,0
18,0.0,0.75,11,8.99,1,5,0.06,1.0,0.0,0.0,1,0,0,0,0,0,0,1,0,0,0,0,1,0,0,0,0,0,0,0,0,1,0
21,0.0,5.57,21,8.99,0,3,0.25,0.0,0.0,1.0,0,0,0,0,1,0,0,0,0,1,0,0,0,0,0,1,0,0,0,0,0,1,0
37,1.0,3.72,31,13.99,1,2,0.12,0.0,1.0,0.0,1,0,0,0,0,0,0,0,1,0,0,0,0,1,0,0,0,0,0,0,0,1,0
34,2.0,1.94,39,17.99,1,5,0.05,0.0,0.0,1.0,0,0,0,0,0,1,0,0,0,1,0,0,0,0,1,0,0,0,0,1,0,0,0
36,2.0,1.46,60,17.99,1,5,0.02,1.0,0.0,0.0,0,0,1,0,0,0,1,0,0,0,0,0,0,0,1,0,0,0,0,0,0,0,1
51,0.0,2.29,51,8.99,1,3,0.04,0.0,0.0,1.0,0,0,0,1,0,0,0,1,0,0,0,1,0,0,0,0,0,0,0,0,0,0,1
54,0.0,6.72,47,8.99,1,4,0.14,1.0,0.0,0.0,0,0,1,0,0,0,0,1,0,0,0,0,0,1,0,0,0,0,0,1,0,0,0
37,2.0,2.44,8,17.99,1,2,0.27,0.0,1.0,0.0,0,0,1,0,0,0,0,0,1,0,0,0,1,0,0,0,0,1,0,0,0,0,0
20,1.0,5.46,59,13.99,1,2,0.09,0.0,0.0,1.0,0,0,0,0,0,1,0,0,1,0,0,0,0,0,1,0,0,0,0,0,0,1,0
20,0.0,5.64,24,8.99,0,2,0.23,0.0,0.0,1.0,1,0,0,0,0,0,0,0,0,0,1,0,0,1,0,0,1,0,0,0,0,0,0
51,1.0,3.38,40,13.99,1,3,0.08,0.0,0.0,1.0,0,1,0,0,0,0,1,0,0,0,0,0,0,0,1,0,0,0,0,0,0,0,1
39,2.0,1.86,55,17.99,1,3,0.03,1.0,0.0,0.0,0,0,0,0,1,0,0,1,0,0,0,0,0,1,0,0,0,0,1,0,0,0,0
52,2.0,4.12,1,17.99,0,4,2.06,1.0,0.0,0.0,0,0,0,0,0,1,0,1,0,0,0,0,1,0,0,0,0,0,0,0,0,0,1
34,1.0,7.32,57,13.99,1,1,0.13,0.0,0.0,1.0,0,0,1,0,0,0,0,0,0,0,1,0,1,0,0,0,0,0,0,0,0,0,1
35,1.0,34.3,18,13.99,0,1,1.81,1.0,0.0,0.0,0,0,0,0,1,0,0,0,1,0,0,1,0,0,0,0,0,0,0,1,0,0,0
47,2.0,3.78,56,17.99,1,3,0.07,0.0,1.0,0.0,0,0,0,0,1,0,0,1,0,0,0,0,0,1,0,0,0,0,1,0,0,0,0
42,1.0,10.89,15,13.99,0,5,0.68,0.0,1.0,0.0,1,0,0,0,0,0,0,0,0,0,1,0,0,0,1,0,0,0,0,0,0,1,0
34,2.0,5.24,20,17.99,0,3,0.25,1.0,0.0,0.0,0,0,1,0,0,0,1,0,0,0,0,0,0,1,0,0,0,0,0,0,0,1,0
44,2.0,46.8,46,17.99,0,4,1.0,0.0,0.0,1.0,0,0,0,0,1,0,0,0,1,0,0,0,1,0,0,0,0,0,0,0,0,1,0
34,2.0,22.76,59,17.99,0,3,0.38,0.0,0.0,1.0,0,0,0,1,0,0,0,1,0,0,0,1,0,0,0,0,1,0,0,0,0,0,0
68,2.0,5.61,41,17.99,1,1,0.13,0.0,0.0,1.0,1,0,0,0,0,0,0,0,0,1,0,0,0,0,0,1,1,0,0,0,0,0,0
20,0.0,2.16,28,8.99,1,1,0.07,0.0,1.0,0.0,0,0,1,0,0,0,1,0,0,0,0,1,0,0,0,0,0,0,1,0,0,0,0
55,1.0,13.16,57,13.99,1,5,0.23,0.0,1.0,0.0,1,0,0,0,0,0,0,0,1,0,0,0,1,0,0,0,0,0,0,0,0,0,1
68,2.0,10.16,25,17.99,0,3,0.39,1.0,0.0,0.0,1,0,0,0,0,0,0,0,0,0,1,0,0,1,0,0,0,0,0,0,1,0,0
24,1.0,35.74,48,13.99,0,1,0.73,1.0,0.0,0.0,0,0,0,0,0,1,1,0,0,0,0,1,0,0,0,0,0,1,0,0,0,0,0
48,0.0,0.91,38,8.99,1,4,0.02,0.0,1.0,0.0,0,0,0,0,0,1,0,0,0,0,1,0,0,1,0,0,0,0,0,0,0,1,0
46,1.0,7.78,37,13.99,1,4,0.2,1.0,0.0,0.0,1,0,0,0,0,0,0,0,0,1,0,0,0,0,1,0,0,0,1,0,0,0,0
70,2.0,4.55,22,17.99,1,1,0.2,0.0,0.0,1.0,0,0,0,0,1,0,0,0,1,0,0,0,0,1,0,0,0,0,0,0,0,0,1
25,0.0,22.21,57,8.99,1,3,0.38,0.0,1.0,0.0,0,0,0,0,0,1,0,0,0,1,0,0,0,1,0,0,0,0,0,0,1,0,0
41,1.0,1.2,49,13.99,1,4,0.02,0.0,0.0,1.0,1,0,0,0,0,0,0,1,0,0,0,1,0,0,0,0,0,0,0,0,0,1,0
22,0.0,3.76,59,8.99,1,3,0.06,0.0,1.0,0.0,0,0,1,0,0,0,0,0,0,1,0,0,0,0,0,1,0,0,1,0,0,0,0
24,0.0,10.15,9,8.99,0,2,1.02,0.0,0.0,1.0,0,1,0,0,0,0,0,0,0,1,0,0,0,1,0,0,1,0,0,0,0,0,0
24,0.0,2.28,43,8.99,1,5,0.05,0.0,0.0,1.0,0,0,0,1,0,0,0,0,1,0,0,0,0,0,1,0,0,0,0,1,0,0,0
25,2.0,6.08,19,17.99,0,3,0.3,0.0,0.0,1.0,1,0,0,0,0,0,0,0,0,0,1,1,0,0,0,0,0,0,1,0,0,0,0
29,0.0,25.31,15,8.99,0,4,1.58,1.0,0.0,0.0,0,0,0,0,0,1,0,0,1,0,0,0,0,0,1,0,0,0,1,0,0,0,0
62,0.0,19.11,21,8.99,0,5,0.87,1.0,0.0,0.0,0,0,1,0,0,0,0,1,0,0,0,0,0,0,1,0,1,0,0,0,0,0,0
35,0.0,21.25,46,8.99,1,3,0.45,1.0,0.0,0.0,0,0,0,0,1,0,1,0,0,0,0,1,0,0,0,0,0,0,0,1,0,0,0
41,0.0,6.0,26,8.99,0,4,0.22,0.0,1.0,0.0,1,0,0,0,0,0,0,1,0,0,0,0,0,1,0,0,1,0,0,0,0,0,0
66,2.0,7.68,52,17.99,1,2,0.14,0.0,1.0,0.0,0,0,1,0,0,0,0,0,1,0,0,0,0,1,0,0,0,0,0,0,0,0,1
38,0.0,10.9,45,8.99,1,4,0.24,0.0,0.0,1.0,0,0,0,0,0,1,0,0,0,0,1,1,0,0,0,0,0,0,0,0,0,0,1
48,2.0,23.03,54,17.99,0,4,0.42,0.0,1.0,0.0,0,0,0,1,0,0,1,0,0,0,0,1,0,0,0,0,0,0,1,0,0,0,0
50,0.0,6.59,6,8.99,0,2,0.94,0.0,0.0,1.0,0,1,0,0,0,0,0,0,0,0,1,1,0,0,0,0,0,0,0,0,1,0,0
51,0.0,1.56,55,8.99,1,3,0.03,0.0,1.0,0.0,0,0,0,1,0,0,0,0,1,0,0,0,1,0,0,0,1,0,0,0,0,0,0
24,0.0,1.59,42,8.99,1,5,0.04,0.0,1.0,0.0,0,1,0,0,0,0,0,0,1,0,0,0,0,0,1,0,1,0,0,0,0,0,0
44,0.0,3.91,2,8.99,0,4,1.3,0.0,1.0,0.0,0,0,0,0,0,1,0,1,0,0,0,1,0,0,0,0,0,0,0,1,0,0,0
65,0.0,2.96,33,8.99,1,1,0.09,0.0,1.0,0.0,1,0,0,0,0,0,0,0,1,0,0,0,0,0,0,1,0,0,0,0,0,0,1
35,2.0,9.88,10,17.99,0,3,0.9,0.0,1.0,0.0,0,0,0,0,0,1,0,0,1,0,0,0,0,1,0,0,0,0,0,0,0,0,1
62,0.0,7.43,49,8.99,1,4,0.15,0.0,0.0,1.0,1,0,0,0,0,0,0,0,1,0,0,0,0,0,1,0,0,0,0,0,1,0,0
26,2.0,25.0,12,17.99,0,2,1.92,0.0,0.0,1.0,0,0,0,0,1,0,0,0,1,0,0,0,0,0,1,0,0,0,0,0,1,0,0
22,2.0,42.86,54,17.99,0,4,0.78,0.0,0.0,1.0,0,0,0,0,0,1,0,0,1,0,0,0,0,0,1,0,1,0,0,0,0,0,0
33,0.0,3.05,28,8.99,1,5,0.11,1.0,0.0,0.0,1,0,0,0,0,0,0,1,0,0,0,0,0,0,0,1,0,0,0,0,0,1,0
25,0.0,9.7,4,8.99,0,2,1.94,0.0,1.0,0.0,0,0,0,1,0,0,1,0,0,0,0,0,0,0,0,1,0,0,0,0,1,0,0
61,1.0,2.36,6,13.99,1,1,0.34,1.0,0.0,0.0,0,1,0,0,0,0,0,0,0,1,0,0,1,0,0,0,0,0,0,1,0,0,0
61,0.0,5.83,20,8.99,0,5,0.28,1.0,0.0,0.0,0,0,0,1,0,0,0,0,0,0,1,1,0,0,0,0,1,0,0,0,0,0,0
50,1.0,20.95,18,13.99,0,4,1.1,0.0,1.0,0.0,0,1,0,0,0,0,0,0,0,0,1,0,0,0,1,0,0,0,0,1,0,0,0
26,0.0,1.54,20,8.99,1,4,0.07,0.0,1.0,0.0,0,0,0,1,0,0,0,0,0,0,1,0,0,0,0,1,0,0,0,0,1,0,0
46,1.0,4.56,14,13.99,1,2,0.3,1.0,0.0,0.0,0,0,0,0,0,1,0,1,0,0,0,0,0,0,1,0,0,0,0,0,1,0,0
63,1.0,3.98,20,13.99,1,3,0.19,0.0,1.0,0.0,0,0,1,0,0,0,0,1,0,0,0,0,1,0,0,0,0,0,0,0,1,0,0
54,2.0,0.48,59,17.99,1,4,0.01,0.0,0.0,1.0,0,1,0,0,0,0,1,0,0,0,0,0,1,0,0,0,0,0,0,0,0,1,0
40,0.0,0.28,37,8.99,1,2,0.01,0.0,1.0,0.0,0,0,0,0,0,1,1,0,0,0,0,0,0,0,1,0,0,0,0,0,0,1,0
18,1.0,20.23,36,13.99,0,4,0.55,0.0,1.0,0.0,0,0,1,0,0,0,0,0,1,0,0,1,0,0,0,0,0,0,0,0,0,1,0
63,2.0,0.67,9,17.99,0,5,0.07,0.0,1.0,0.0,1,0,0,0,0,0,0,0,0,0,1,1,0,0,0,0,0,0,0,0,1,0,0
62,1.0,18.27,41,13.99,1,3,0.43,0.0,0.0,1.0,0,0,1,0,0,0,0,0,0,1,0,0,0,0,1,0,0,0,0,0,0,1,0
42,2.0,1.87,20,17.99,1,3,0.09,0.0,1.0,0.0,1,0,0,0,0,0,0,0,1,0,0,0,0,1,0,0,0,0,0,1,0,0,0
29,1.0,23.05,36,13.99,0,4,0.62,0.0,1.0,0.0,1,0,0,0,0,0,0,0,1,0,0,0,0,0,1,0,0,0,1,0,0,0,0
66,0.0,2.61,44,8.99,1,1,0.06,1.0,0.0,0.0,0,0,0,0,1,0,0,0,0,1,0,1,0,0,0,0,1,0,0,0,0,0,0
57,2.0,15.52,13,17.99,0,5,1.11,0.0,1.0,0.0,0,0,0,0,1,0,0,0,0,0,1,0,1,0,0,0,1,0,0,0,0,0,0
56,0.0,38.59,10,8.99,0,2,3.51,1.0,0.0,0.0,0,0,0,0,1,0,0,0,1,0,0,0,0,0,1,0,0,0,0,0,0,0,1
32,0.0,14.22,48,8.99,1,3,0.29,0.0,1.0,0.0,0,0,0,1,0,0,0,0,0,1,0,0,1,0,0,0,0,1,0,0,0,0,0
69,1.0,3.46,60,13.99,1,5,0.06,0.0,1.0,0.0,0,0,0,1,0,0,1,0,0,0,0,0,1,0,0,0,1,0,0,0,0,0,0
30,2.0,5.97,2,17.99,0,3,1.99,1.0,0.0,0.0,0,0,0,0,0,1,0,0,0,0,1,1,0,0,0,0,0,0,0,0,1,0,0
56,0.0,6.94,27,8.99,1,3,0.25,0.0,1.0,0.0,0,0,0,0,0,1,0,0,1,0,0,0,0,0,1,0,0,1,0,0,0,0,0
35,0.0,22.39,45,8.99,1,1,0.49,0.0,1.0,0.0,0,0,1,0,0,0,0,0,1,0,0,0,0,0,1,0,0,0,0,0,0,0,1
41,1.0,3.61,29,13.99,0,5,0.12,0.0,0.0,1.0,0,1,0,0,0,0,0,0,0,0,1,0,0,1,0,0,1,0,0,0,0,0,0
43,0.0,0.37,16,8.99,1,5,0.02,0.0,0.0,1.0,1,0,0,0,0,0,0,0,0,1,0,0,0,1,0,0,0,0,1,0,0,0,0
60,0.0,6.3,3,8.99,0,2,1.57,1.0,0.0,0.0,0,0,0,1,0,0,0,0,1,0,0,0,0,1,0,0,0,1,0,0,0,0,0
22,2.0,15.39,58,17.99,1,2,0.26,1.0,0.0,0.0,1,0,0,0,0,0,1,0,0,0,0,1,0,0,0,0,0,0,0,0,0,0,1
18,0.0,3.19,16,8.99,1,4,0.19,1.0,0.0,0.0,0,0,0,1,0,0,0,1,0,0,0,0,0,0,1,0,1,0,0,0,0,0,0
41,0.0,19.33,6,8.99,0,5,2.76,0.0,1.0,0.0,0,0,1,0,0,0,0,1,0,0,0,0,0,0,1,0,0,0,0,0,1,0,0
53,0.0,40.81,17,8.99,0,1,2.27,1.0,0.0,0.0,1,0,0,0,0,0,0,0,1,0,0,0,0,0,1,0,0,1,0,0,0,0,0
37,0.0,7.26,57,8.99,1,4,0.13,0.0,0.0,1.0,0,0,0,0,1,0,0,0,0,1,0,0,0,0,1,0,0,0,0,0,1,0,0
37,1.0,18.92,0,13.99,0,1,18.92,0.0,1.0,0.0,0,0,0,1,0,0,0,0,0,1,0,0,1,0,0,0,1,0,0,0,0,0,0
41,2.0,8.26,57,17.99,1,4,0.14,0.0,1.0,0.0,0,0,0,1,0,0,0,0,1,0,0,0,1,0,0,0,0,0,1,0,0,0,0
59,0.0,8.85,16,8.99,0,3,0.52,0.0,1.0,0.0,0,1,0,0,0,0,0,0,0,0,1,1,0,0,0,0,0,0,1,0,0,0,0
28,2.0,4.14,37,17.99,1,2,0.11,1.0,0.0,0.0,0,0,0,0,0,1,0,0,0,0,1,0,0,0,1,0,0,0,1,0,0,0,0
70,2.0,20.54,19,17.99,0,4,1.03,0.0,0.0,1.0,0,0,1,0,0,0,0,0,0,1,0,0,1,0,0,0,0,0,0,0,1,0,0
50,1.0,9.9,10,13.99,0,2,0.9,0.0,0.0,1.0,0,0,0,1,0,0,1,0,0,0,0,0,0,1,0,0,0,0,0,1,0,0,0
62,2.0,4.03,50,17.99,1,4,0.08,0.0,0.0,1.0,0,0,1,0,0,0,0,0,1,0,0,0,0,0,1,0,0,0,0,0,1,0,0
51,2.0,1.67,28,17.99,1,4,0.06,0.0,0.0,1.0,1,0,0,0,0,0,0,0,0,0,1,0,1,0,0,0,1,0,0,0,0,0,0
27,0.0,12.8,43,8.99,1,2,0.29,0.0,0.0,1.0,0,0,0,1,0,0,0,0,0,1,0,0,0,1,0,0,0,0,0,0,1,0,0
63,1.0,17.51,12,13.99,0,1,1.35,0.0,0.0,1.0,0,0,0,0,0,1,0,0,0,0,1,0,0,0,0,1,0,0,0,0,0,1,0
56,2.0,45.06,6,17.99,0,5,6.44,0.0,0.0,1.0,1,0,0,0,0,0,0,0,1,0,0,0,0,0,1,0,1,0,0,0,0,0,0
56,1.0,21.77,51,13.99,0,2,0.42,0.0,0.0,1.0,0,1,0,0,0,0,0,0,0,1,0,1,0,0,0,0,0,0,0,1,0,0,0
57,2.0,12.13,24,17.99,0,1,0.49,0.0,1.0,0.0,1,0,0,0,0,0,0,1,0,0,0,0,1,0,0,0,0,0,0,0,0,1,0
64,1.0,3.68,55,13.99,1,5,0.07,0.0,0.0,1.0,0,0,0,0,0,1,0,0,1,0,0,0,1,0,0,0,0,1,0,0,0,0,0
50,2.0,0.73,24,17.99,1,2,0.03,0.0,0.0,1.0,0,0,0,1,0,0,0,0,0,0,1,0,1,0,0,0,1,0,0,0,0,0,0
63,0.0,2.37,28,8.99,1,5,0.08,0.0,0.0,1.0,0,0,0,0,0,1,0,1,0,0,0,0,0,1,0,0,0,1,0,0,0,0,0
47,1.0,13.83,54,13.99,1,3,0.25,0.0,0.0,1.0,1,0,0,0,0,0,0,0,1,0,0,0,0,0,1,0,0,0,1,0,0,0,0
27,2.0,15.99,37,17.99,1,2,0.42,1.0,0.0,0.0,1,0,0,0,0,0,0,0,0,0,1,0,0,0,1,0,0,0,0,1,0,0,0
21,0.0,21.57,47,8.99,1,3,0.45,0.0,1.0,0.0,0,0,0,1,0,0,0,0,1,0,0,0,0,1,0,0,0,1,0,0,0,0,0
52,2.0,6.62,56,17.99,1,1,0.12,0.0,0.0,1.0,0,1,0,0,0,0,1,0,0,0,0,0,0,0,1,0,0,1,0,0,0,0,0
27,1.0,20.06,45,13.99,0,4,0.44,0.0,0.0,1.0,0,0,1,0,0,0,0,1,0,0,0,0,0,1,0,0,1,0,0,0,0,0,0
28,0.0,0.79,40,8.99,1,1,0.02,0.0,0.0,1.0,0,1,0,0,0,0,0,1,0,0,0,0,0,0,1,0,1,0,0,0,0,0,0
18,1.0,3.49,54,13.99,1,3,0.06,0.0,1.0,0.0,0,0,0,0,1,0,0,1,0,0,0,0,1,0,0,0,0,0,0,0,0,0,1
19,2.0,8.12,2,17.99,0,1,2.71,0.0,0.0,1.0,0,0,1,0,0,0,0,1,0,0,0,0,0,0,0,1,1,0,0,0,0,0,0
34,2.0,28.39,41,17.99,0,2,0.68,0.0,1.0,0.0,1,0,0,0,0,0,0,1,0,0,0,0,1,0,0,0,0,0,0,0,1,0,0
63,0.0,1.3,20,8.99,1,5,0.06,0.0,1.0,0.0,1,0,0,0,0,0,0,1,0,0,0,0,1,0,0,0,0,0,0,0,1,0,0
60,2.0,7.31,21,17.99,0,3,0.33,0.0,1.0,0.0,1,0,0,0,0,0,1,0,0,0,0,0,0,0,1,0,0,0,0,0,1,0,0
24,1.0,3.05,9,13.99,1,1,0.3,0.0,1.0,0.0,0,0,0,1,0,0,0,0,0,1,0,0,1,0,0,0,1,0,0,0,0,0,0
34,2.0,8.64,8,17.99,0,4,0.96,0.0,0.0,1.0,0,0,0,0,1,0,0,0,0,1,0,0,0,0,1,0,1,0,0,0,0,0,0
55,0.0,17.61,35,8.99,1,1,0.49,1.0,0.0,0.0,0,0,0,0,0,1,1,0,0,0,0,0,0,0,1,0,0,1,0,0,0,0,0
31,2.0,5.68,49,17.99,1,2,0.11,1.0,0.0,0.0,0,1,0,0,0,0,0,1,0,0,0,0,1,0,0,0,0,1,0,0,0,0,0
28,2.0,10.53,23,17.99,0,2,0.44,1.0,0.0,0.0,0,1,0,0,0,0,1,0,0,0,0,1,0,0,0,0,0,0,0,0,1,0,0
58,2.0,22.17,40,17.99,0,4,0.54,0.0,0.0,1.0,0,0,1,0,0,0,0,1,0,0,0,0,0,0,0,1,0,1,0,0,0,0,0
44,0.0,58.4,26,8.99,0,1,2.16,1.0,0.0,0.0,0,0,0,0,1,0,1,0,0,0,0,0,0,0,1,0,0,0,0,0,0,0,1
69,2.0,5.8,26,17.99,0,5,0.21,1.0,0.0,0.0,0,0,0,1,0,0,0,0,0,0,1,0,0,0,0,1,0,0,0,0,0,1,0
42,2.0,9.08,17,17.99,0,1,0.5,1.0,0.0,0.0,1,0,0,0,0,0,1,0,0,0,0,0,1,0,0,0,0,0,1,0,0,0,0
52,0.0,17.09,42,8.99,1,2,0.4,1.0,0.0,0.0,0,0,0,0,0,1,0,0,0,1,0,0,1,0,0,0,1,0,0,0,0,0,0
50,2.0,12.33,16,17.99,0,5,0.73,0.0,1.0,0.0,0,0,0,0,0,1,0,0,1,0,0,0,0,0,0,1,0,1,0,0,0,0,0
20,1.0,12.93,14,13.99,0,1,0.86,0.0,1.0,0.0,0,0,0,0,0,1,0,1,0,0,0,0,1,0,0,0,0,0,0,1,0,0,0
37,2.0,8.96,42,17.99,1,1,0.21,0.0,1.0,0.0,0,0,0,0,0,1,0,1,0,0,0,0,0,0,1,0,0,1,0,0,0,0,0
51,1.0,1.1,29,13.99,1,3,0.04,0.0,0.0,1.0,0,0,0,0,0,1,0,0,0,0,1,0,0,0,1,0,0,0,1,0,0,0,0
49,2.0,3.03,39,17.99,1,2,0.08,1.0,0.0,0.0,1,0,0,0,0,0,0,0,0,1,0,0,0,1,0,0,0,0,0,0,1,0,0
40,0.0,9.07,11,8.99,0,1,0.76,0.0,1.0,0.0,0,1,0,0,0,0,0,0,1,0,0,1,0,0,0,0,0,0,0,0,1,0,0
60,2.0,9.22,45,17.99,1,2,0.2,0.0,0.0,1.0,0,0,0,0,1,0,1,0,0,0,0,0,1,0,0,0,0,0,1,0,0,0,0
44,2.0,5.79,8,17.99,0,3,0.64,1.0,0.0,0.0,0,0,0,0,0,1,0,0,0,1,0,0,0,0,1,0,0,0,1,0,0,0,0
29,0.0,8.55,40,8.99,1,1,0.21,1.0,0.0,0.0,0,0,0,1,0,0,0,0,0,0,1,0,0,0,0,1,0,0,0,0,0,1,0
30,2.0,1.87,6,17.99,0,2,0.27,0.0,1.0,0.0,0,1,0,0,0,0,1,0,0,0,0,1,0,0,0,0,0,1,0,0,0,0,0
20,2.0,12.02,23,17.99,0,1,0.5,0.0,0.0,1.0,0,1,0,0,0,0,1,0,0,0,0,0,0,0,0,1,0,0,0,0,0,1,0
55,0.0,6.2,45,8.99,1,4,0.13,0.0,0.0,1.0,0,1,0,0,0,0,0,1,0,0,0,0,1,0,0,0,0,0,0,0,0,1,0
21,0.0,11.16,58,8.99,1,3,0.19,0.0,1.0,0.0,0,0,0,0,0,1,0,0,0,0,1,0,1,0,0,0,0,0,0,0,0,1,0
29,1.0,3.2,54,13.99,1,2,0.06,0.0,0.0,1.0,0,1,0,0,0,0,0,1,0,0,0,0,0,0,1,0,0,0,1,0,0,0,0
41,2.0,8.44,36,17.99,1,4,0.23,1.0,0.0,0.0,0,0,0,0,0,1,0,0,1,0,0,0,1,0,0,0,0,0,0,1,0,0,0
28,1.0,8.87,39,13.99,1,1,0.22,0.0,0.0,1.0,1,0,0,0,0,0,1,0,0,0,0,0,0,0,0,1,0,0,1,0,0,0,0
25,2.0,2.9,29,17.99,1,2,0.1,0.0,0.0,1.0,0,0,0,1,0,0,0,0,0,0,1,1,0,0,0,0,0,0,0,0,0,0,1
25,0.0,0.17,58,8.99,1,4,0.0,1.0,0.0,0.0,1,0,0,0,0,0,0,0,0,0,1,0,0,0,0,1,0,0,1,0,0,0,0
41,2.0,5.24,49,17.99,1,2,0.1,1.0,0.0,0.0,0,0,0,1,0,0,0,0,0,1,0,0,1,0,0,0,0,1,0,0,0,0,0
67,1.0,10.24,11,13.99,0,2,0.85,0.0,0.0,1.0,0,0,0,0,0,1,1,0,0,0,0,0,0,1,0,0,0,0,0,0,0,1,0
49,0.0,9.68,10,8.99,0,2,0.88,0.0,1.0,0.0,0,0,0,1,0,0,0,0,1,0,0,0,0,0,0,1,0,0,0,0,1,0,0
58,0.0,15.28,42,8.99,1,1,0.36,1.0,0.0,0.0,0,0,0,0,1,0,0,0,0,1,0,0,0,1,0,0,0,0,0,0,0,1,0
66,1.0,4.96,4,13.99,0,1,0.99,1.0,0.0,0.0,0,0,0,1,0,0,0,1,0,0,0,0,0,0,1,0,0,0,0,0,0,0,1
50,0.0,0.3,43,8.99,1,3,0.01,0.0,1.0,0.0,1,0,0,0,0,0,0,1,0,0,0,0,0,0,1,0,0,0,0,0,0,0,1
64,1.0,3.38,38,13.99,1,2,0.09,1.0,0.0,0.0,0,0,0,1,0,0,0,1,0,0,0,0,0,0,0,1,0,0,0,0,0,1,0
55,2.0,11.61,21,17.99,0,4,0.53,0.0,1.0,0.0,0,0,0,0,0,1,1,0,0,0,0,0,0,1,0,0,0,0,0,0,0,1,0
40,2.0,2.65,21,17.99,0,5,0.12,1.0,0.0,0.0,1,0,0,0,0,0,0,0,0,1,0,0,0,1,0,0,0,1,0,0,0,0,0
33,1.0,16.27,2,13.99,0,2,5.42,0.0,1.0,0.0,1,0,0,0,0,0,1,0,0,0,0,0,1,0,0,0,0,1,0,0,0,0,0
35,0.0,2.55,26,8.99,1,2,0.09,0.0,0.0,1.0,0,0,0,0,1,0,0,0,0,0,1,0,0,0,1,0,1,0,0,0,0,0,0
67,0.0,101.06,19,8.99,0,2,5.05,0.0,1.0,0.0,0,1,0,0,0,0,0,0,0,1,0,1,0,0,0,0,0,0,1,0,0,0,0
62,1.0,3.95,54,13.99,1,4,0.07,0.0,1.0,0.0,0,0,0,0,1,0,0,0,0,1,0,0,0,1,0,0,0,0,0,1,0,0,0
61,1.0,13.1,45,13.99,0,4,0.28,0.0,1.0,0.0,0,0,0,0,0,1,1,0,0,0,0,1,0,0,0,0,0,1,0,0,0,0,0
68,2.0,8.28,47,17.99,1,1,0.17,1.0,0.0,0.0,0,0,1,0,0,0,0,1,0,0,0,0,0,1,0,0,0,0,0,0,0,1,0
39,1.0,0.12,3,13.99,0,3,0.03,1.0,0.0,0.0,0,0,0,0,0,1,0,0,0,0,1,0,0,1,0,0,0,0,0,0,0,0,1
66,2.0,6.15,39,17.99,0,4,0.15,0.0,0.0,1.0,0,1,0,0,0,0,0,0,1,0,0,1,0,0,0,0,0,1,0,0,0,0,0
30,1.0,3.18,27,13.99,1,1,0.11,0.0,1.0,0.0,0,0,0,0,1,0,1,0,0,0,0,1,0,0,0,0,0,1,0,0,0,0,0
40,2.0,18.01,14,17.99,0,2,1.2,1.0,0.0,0.0,0,1,0,0,0,0,1,0,0,0,0,0,0,1,0,0,0,0,0,0,0,1,0
40,0.0,15.45,58,8.99,1,2,0.26,1.0,0.0,0.0,0,0,0,1,0,0,0,1,0,0,0,0,0,0,0,1,0,1,0,0,0,0,0
23,1.0,5.52,9,13.99,0,4,0.55,0.0,0.0,1.0,0,0,0,0,1,0,0,0,1,0,0,0,0,0,1,0,0,0,0,0,1,0,0
70,1.0,19.11,28,13.99,0,4,0.66,1.0,0.0,0.0,1,0,0,0,0,0,0,1,0,0,0,0,0,0,0,1,0,0,0,0,0,1,0
55,2.0,1.08,46,17.99,1,3,0.02,0.0,1.0,0.0,0,0,1,0,0,0,0,0,0,0,1,0,0,0,1,0,1,0,0,0,0,0,0
64,1.0,1.29,9,13.99,1,1,0.13,0.0,1.0,0.0,1,0,0,0,0,0,0,0,1,0,0,0,1,0,0,0,0,0,0,0,0,0,1
29,0.0,27.02,9,8.99,0,3,2.7,0.0,0.0,1.0,0,0,0,0,0,1,0,0,1,0,0,0,1,0,0,0,0,1,0,0,0,0,0
67,0.0,12.0,20,8.99,0,4,0.57,0.0,1.0,0.0,0,0,0,0,0,1,0,0,0,0,1,0,0,0,0,1,0,1,0,0,0,0,0
29,0.0,4.84,49,8.99,1,3,0.1,1.0,0.0,0.0,0,0,0,1,0,0,1,0,0,0,0,0,1,0,0,0,0,0,0,0,0,1,0
53,2.0,19.37,40,17.99,1,4,0.47,1.0,0.0,0.0,0,0,1,0,0,0,0,0,0,0,1,0,1,0,0,0,0,0,0,0,0,0,1
67,1.0,23.1,59,13.99,0,3,0.39,0.0,1.0,0.0,1,0,0,0,0,0,0,0,1,0,0,1,0,0,0,0,0,0,0,0,0,0,1
30,1.0,4.99,17,13.99,0,5,0.28,0.0,1.0,0.0,0,1,0,0,0,0,0,0,0,0,1,0,0,0,0,1,1,0,0,0,0,0,0
37,0.0,28.01,35,8.99,0,1,0.78,1.0,0.0,0.0,0,0,1,0,0,0,1,0,0,0,0,0,0,0,0,1,0,0,0,0,0,0,1
25,1.0,12.66,25,13.99,0,5,0.49,0.0,1.0,0.0,0,0,0,0,0,1,1,0,0,0,0,0,0,0,0,1,0,0,1,0,0,0,0
19,1.0,43.11,9,13.99,0,1,4.31,0.0,1.0,0.0,0,0,1,0,0,0,1,0,0,0,0,0,0,1,0,0,0,1,0,0,0,0,0
23,2.0,8.41,29,17.99,0,4,0.28,0.0,1.0,0.0,0,1,0,0,0,0,0,0,0,0,1,0,0,1,0,0,0,1,0,0,0,0,0
53,1.0,28.91,27,13.99,0,3,1.03,0.0,1.0,0.0,1,0,0,0,0,0,0,0,1,0,0,0,0,1,0,0,0,0,0,0,0,1,0
58,2.0,0.14,54,17.99,1,3,0.0,1.0,0.0,0.0,0,1,0,0,0,0,0,1,0,0,0,0,0,1,0,0,0,0,0,0,1,0,0
27,2.0,9.6,60,17.99,1,1,0.16,0.0,1.0,0.0,0,0,0,1,0,0,0,0,0,0,1,1,0,0,0,0,0,0,0,0,0,1,0
36,1.0,17.04,31,13.99,0,2,0.53,0.0,0.0,1.0,0,0,0,0,0,1,0,0,1,0,0,0,0,1,0,0,0,0,0,0,0,0,1
44,0.0,2.84,12,8.99,1,2,0.22,0.0,1.0,0.0,0,0,0,0,1,0,0,0,0,0,1,0,0,1,0,0,0,0,0,0,1,0,0
55,2.0,0.15,0,17.99,0,4,0.15,1.0,0.0,0.0,0,0,0,0,0,1,0,0,0,1,0,0,0,0,0,1,0,0,1,0,0,0,0
38,1.0,7.44,34,13.99,1,2,0.21,0.0,1.0,0.0,0,0,0,0,0,1,0,0,1,0,0,1,0,0,0,0,0,0,1,0,0,0,0
29,0.0,10.93,59,8.99,1,3,0.18,0.0,1.0,0.0,0,1,0,0,0,0,1,0,0,0,0,0,1,0,0,0,0,0,0,1,0,0,0
32,2.0,18.58,18,17.99,0,5,0.98,1.0,0.0,0.0,0,0,0,1,0,0,0,0,0,0,1,0,0,0,1,0,0,0,0,0,0,1,0
70,1.0,32.59,7,13.99,0,4,4.07,0.0,1.0,0.0,0,1,0,0,0,0,0,0,1,0,0,0,0,0,0,1,0,1,0,0,0,0,0
30,2.0,46.55,48,17.99,0,3,0.95,0.0,1.0,0.0,0,0,0,1,0,0,1,0,0,0,0,0,1,0,0,0,0,0,0,0,0,1,0
65,2.0,15.52,0,17.99,0,4,15.52,0.0,1.0,0.0,0,0,0,0,0,1,0,0,1,0,0,0,0,0,1,0,0,0,0,1,0,0,0
50,0.0,25.08,53,8.99,0,5,0.46,0.0,0.0,1.0,0,0,0,0,0,1,1,0,0,0,0,1,0,0,0,0,0,0,0,1,0,0,0
61,1.0,14.2,35,13.99,0,4,0.39,0.0,1.0,0.0,0,0,0,1,0,0,0,0,1,0,0,0,0,0,0,1,0,0,0,0,1,0,0
39,2.0,15.64,24,17.99,0,4,0.63,0.0,0.0,1.0,0,0,0,0,1,0,1,0,0,0,0,1,0,0,0,0,0,0,0,0,0,1,0
25,0.0,22.29,54,8.99,0,5,0.41,1.0,0.0,0.0,1,0,0,0,0,0,0,0,1,0,0,1,0,0,0,0,0,0,1,0,0,0,0
29,0.0,8.06,13,8.99,0,2,0.58,0.0,1.0,0.0,0,0,0,1,0,0,0,0,1,0,0,1,0,0,0,0,0,0,0,0,0,1,0
57,0.0,4.76,58,8.99,1,1,0.08,0.0,1.0,0.0,1,0,0,0,0,0,0,0,0,0,1,1,0,0,0,0,1,0,0,0,0,0,0
29,1.0,7.29,44,13.99,1,3,0.16,0.0,0.0,1.0,0,0,0,1,0,0,1,0,0,0,0,0,0,0,1,0,0,0,0,0,0,1,0
44,1.0,4.2,39,13.99,1,3,0.11,0.0,1.0,0.0,0,1,0,0,0,0,0,1,0,0,0,0,0,0,0,1,1,0,0,0,0,0,0
22,0.0,0.91,39,8.99,1,1,0.02,0.0,0.0,1.0,0,0,0,0,0,1,0,0,0,0,1,0,1,0,0,0,0,0,0,1,0,0,0
33,0.0,3.15,42,8.99,1,1,0.07,0.0,1.0,0.0,0,0,0,1,0,0,0,0,1,0,0,0,1,0,0,0,0,0,0,1,0,0,0
25,0.0,5.78,45,8.99,1,4,0.13,1.0,0.0,0.0,0,0,1,0,0,0,0,0,0,0,1,1,0,0,0,0,0,0,0,0,0,0,1
54,2.0,19.95,59,17.99,1,1,0.33,0.0,0.0,1.0,0,1,0,0,0,0,0,0,1,0,0,0,0,0,0,1,0,0,0,0,1,0,0
21,0.0,5.49,31,8.99,1,2,0.17,1.0,0.0,0.0,0,1,0,0,0,0,0,0,1,0,0,0,0,0,0,1,0,1,0,0,0,0,0
19,2.0,1.87,6,17.99,1,1,0.27,0.0,0.0,1.0,0,0,0,0,0,1,0,1,0,0,0,0,0,1,0,0,1,0,0,0,0,0,0
23,0.0,15.3,49,8.99,1,3,0.31,0.0,0.0,1.0,0,1,0,0,0,0,0,0,0,0,1,0,0,0,1,0,0,0,0,0,0,1,0
19,1.0,0.82,39,13.99,1,5,0.02,1.0,0.0,0.0,0,0,0,0,0,1,0,0,0,0,1,0,0,1,0,0,0,0,0,1,0,0,0
40,1.0,4.87,19,13.99,1,1,0.24,0.0,1.0,0.0,0,0,1,0,0,0,0,0,1,0,0,0,0,1,0,0,0,0,0,1,0,0,0
31,2.0,2.2,43,17.99,1,5,0.05,1.0,0.0,0.0,0,0,1,0,0,0,1,0,0,0,0,0,0,1,0,0,0,0,0,1,0,0,0
38,0.0,2.7,49,8.99,1,1,0.05,1.0,0.0,0.0,0,0,0,1,0,0,0,0,1,0,0,0,0,1,0,0,0,0,1,0,0,0,0
25,2.0,5.75,7,17.99,0,3,0.72,0.0,0.0,1.0,0,0,0,1,0,0,0,1,0,0,0,1,0,0,0,0,0,0,1,0,0,0,0
39,2.0,9.28,39,17.99,1,3,0.23,0.0,1.0,0.0,0,0,1,0,0,0,0,0,0,0,1,0,1,0,0,0,0,0,0,0,1,0,0
64,0.0,5.01,49,8.99,1,5,0.1,0.0,1.0,0.0,0,0,0,1,0,0,0,0,0,1,0,0,0,1,0,0,1,0,0,0,0,0,0
21,1.0,8.27,53,13.99,1,3,0.15,0.0,0.0,1.0,0,0,0,0,1,0,0,0,1,0,0,1,0,0,0,0,0,0,1,0,0,0,0
32,1.0,3.37,19,13.99,1,1,0.17,0.0,0.0,1.0,0,0,1,0,0,0,1,0,0,0,0,0,1,0,0,0,1,0,0,0,0,0,0
62,0.0,1.71,13,8.99,1,4,0.12,0.0,1.0,0.0,0,0,0,0,1,0,0,1,0,0,0,0,0,0,0,1,0,0,0,1,0,0,0
69,1.0,2.48,55,13.99,1,1,0.04,1.0,0.0,0.0,0,0,0,0,0,1,0,1,0,0,0,0,0,0,1,0,0,0,0,0,0,1,0
63,2.0,7.58,25,17.99,0,1,0.29,1.0,0.0,0.0,0,0,0,0,0,1,0,0,1,0,0,0,0,0,0,1,0,0,0,0,1,0,0
23,2.0,18.15,16,17.99,0,2,1.07,1.0,0.0,0.0,0,0,0,0,1,0,0,1,0,0,0,0,0,1,0,0,1,0,0,0,0,0,0
68,2.0,15.56,53,17.99,1,3,0.29,1.0,0.0,0.0,1,0,0,0,0,0,0,1,0,0,0,0,1,0,0,0,0,0,1,0,0,0,0
60,2.0,2.0,32,17.99,1,5,0.06,0.0,0.0,1.0,0,0,0,1,0,0,0,0,1,0,0,1,0,0,0,0,0,0,1,0,0,0,0
38,1.0,8.79,17,13.99,0,5,0.49,0.0,1.0,0.0,0,0,0,1,0,0,0,0,0,1,0,0,0,0,0,1,0,0,0,1,0,0,0
61,2.0,13.17,40,17.99,1,3,0.32,0.0,1.0,0.0,0,0,0,0,1,0,0,0,0,1,0,0,1,0,0,0,0,0,0,0,1,0,0
56,0.0,9.9,41,8.99,1,5,0.24,0.0,1.0,0.0,0,0,0,1,0,0,0,1,0,0,0,0,0,0,0,1,0,0,0,1,0,0,0
33,0.0,8.92,48,8.99,1,5,0.18,0.0,0.0,1.0,0,0,0,1,0,0,1,0,0,0,0,0,1,0,0,0,0,1,0,0,0,0,0
58,0.0,6.35,23,8.99,0,2,0.26,0.0,1.0,0.0,1,0,0,0,0,0,0,1,0,0,0,1,0,0,0,0,0,1,0,0,0,0,0
41,2.0,0.57,52,17.99,1,4,0.01,1.0,0.0,0.0,0,0,0,1,0,0,0,0,1,0,0,0,0,0,0,1,0,0,1,0,0,0,0
45,2.0,15.41,6,17.99,0,3,2.2,1.0,0.0,0.0,1,0,0,0,0,0,0,1,0,0,0,1,0,0,0,0,0,0,0,0,0,0,1
59,1.0,4.17,57,13.99,1,4,0.07,1.0,0.0,0.0,0,1,0,0,0,0,0,0,0,0,1,0,0,0,0,1,0,0,0,0,1,0,0
24,0.0,11.85,0,8.99,0,3,11.85,0.0,0.0,1.0,0,1,0,0,0,0,0,0,1,0,0,0,0,1,0,0,0,0,0,0,0,0,1
38,1.0,32.31,11,13.99,0,3,2.69,1.0,0.0,0.0,0,0,0,0,1,0,0,0,1,0,0,0,0,0,0,1,0,0,0,0,1,0,0
59,0.0,12.4,43,8.99,1,3,0.28,0.0,0.0,1.0,0,0,0,0,0,1,1,0,0,0,0,0,0,1,0,0,0,0,0,0,1,0,0
40,0.0,6.86,1,8.99,0,4,3.43,0.0,0.0,1.0,0,0,0,0,1,0,0,0,0,0,1,0,1,0,0,0,0,0,0,0,0,0,1
53,2.0,17.99,0,17.99,0,3,17.99,1.0,0.0,0.0,0,0,1,0,0,0,0,0,1,0,0,0,1,0,0,0,0,0,0,0,1,0,0
31,0.0,7.64,46,8.99,1,4,0.16,0.0,0.0,1.0,0,0,0,1,0,0,0,0,0,1,0,1,0,0,0,0,0,0,0,1,0,0,0
59,0.0,35.89,11,8.99,0,4,2.99,0.0,0.0,1.0,0,0,0,0,1,0,0,1,0,0,0,1,0,0,0,0,0,0,0,1,0,0,0
58,0.0,8.53,8,8.99,0,2,0.95,1.0,0.0,0.0,0,0,0,1,0,0,0,1,0,0,0,0,0,0,0,1,0,1,0,0,0,0,0
18,2.0,27.6,11,17.99,0,5,2.3,0.0,0.0,1.0,1,0,0,0,0,0,0,1,0,0,0,0,0,1,0,0,0,0,0,0,0,1,0
20,2.0,8.87,24,17.99,0,1,0.35,0.0,1.0,0.0,0,0,0,0,1,0,0,1,0,0,0,0,1,0,0,0,1,0,0,0,0,0,0
59,0.0,12.03,33,8.99,1,1,0.35,1.0,0.0,0.0,0,1,0,0,0,0,0,0,0,1,0,0,0,1,0,0,1,0,0,0,0,0,0
28,2.0,16.69,47,17.99,1,3,0.35,1.0,0.0,0.0,0,0,0,0,0,1,0,0,1,0,0,0,0,1,0,0,0,0,0,0,0,1,0
48,2.0,1.54,22,17.99,1,5,0.07,0.0,0.0,1.0,0,1,0,0,0,0,0,1,0,0,0,0,1,0,0,0,0,0,0,0,0,0,1
35,2.0,25.2,48,17.99,0,4,0.51,1.0,0.0,0.0,0,1,0,0,0,0,0,0,0,0,1,0,0,1,0,0,0,0,0,0,0,0,1
46,0.0,4.11,16,8.99,1,4,0.24,0.0,0.0,1.0,0,0,0,0,0,1,0,0,0,0,1,1,0,0,0,0,1,0,0,0,0,0,0
57,1.0,4.81,21,13.99,1,2,0.22,0.0,0.0,1.0,0,1,0,0,0,0,1,0,0,0,0,0,0,1,0,0,0,0,0,0,1,0,0
67,1.0,1.93,48,13.99,1,5,0.04,0.0,0.0,1.0,0,1,0,0,0,0,0,0,1,0,0,0,0,1,0,0,0,0,0,0,1,0,0
67,1.0,0.01,1,13.99,0,4,0.01,0.0,1.0,0.0,0,0,0,0,0,1,1,0,0,0,0,0,1,0,0,0,0,0,0,0,1,0,0
49,1.0,19.77,54,13.99,0,4,0.36,0.0,1.0,0.0,0,0,0,1,0,0,0,0,0,1,0,0,0,1,0,0,1,0,0,0,0,0,0
48,2.0,2.98,6,17.99,0,2,0.43,0.0,1.0,0.0,0,0,0,0,0,1,0,0,0,1,0,0,0,1,0,0,0,1,0,0,0,0,0
23,0.0,27.77,21,8.99,0,2,1.26,1.0,0.0,0.0,0,1,0,0,0,0,0,1,0,0,0,0,0,0,0,1,0,1,0,0,0,0,0
43,0.0,6.86,41,8.99,1,4,0.16,0.0,0.0,1.0,0,0,0,0,0,1,1,0,0,0,0,0,0,0,0,1,0,0,1,0,0,0,0
49,0.0,10.85,27,8.99,0,4,0.39,0.0,1.0,0.0,0,1,0,0,0,0,0,1,0,0,0,0,0,0,0,1,0,0,0,0,0,1,0
65,1.0,10.44,58,13.99,1,2,0.18,0.0,1.0,0.0,0,0,0,0,1,0,0,1,0,0,0,0,0,0,1,0,0,0,1,0,0,0,0
59,0.0,24.62,21,8.99,0,3,1.12,1.0,0.0,0.0,0,0,0,1,0,0,0,0,0,1,0,1,0,0,0,0,0,0,0,1,0,0,0
48,0.0,6.94,52,8.99,1,1,0.13,1.0,0.0,0.0,0,1,0,0,0,0,1,0,0,0,0,0,0,1,0,0,1,0,0,0,0,0,0
21,1.0,4.52,3,13.99,0,3,1.13,0.0,1.0,0.0,0,0,0,0,1,0,0,0,1,0,0,0,1,0,0,0,0,0,0,1,0,0,0
61,2.0,1.63,36,17.99,1,5,0.04,0.0,1.0,0.0,1,0,0,0,0,0,0,0,1,0,0,0,1,0,0,0,0,0,0,1,0,0,0
34,0.0,12.42,28,8.99,0,2,0.43,1.0,0.0,0.0,0,0,0,1,0,0,1,0,0,0,0,1,0,0,0,0,0,0,1,0,0,0,0
51,1.0,38.31,4,13.99,0,5,7.66,0.0,1.0,0.0,1,0,0,0,0,0,0,0,0,1,0,0,1,0,0,0,1,0,0,0,0,0,0
23,1.0,14.9,40,13.99,1,1,0.36,0.0,1.0,0.0,0,1,0,0,0,0,0,0,0,0,1,0,0,0,0,1,0,0,0,0,0,0,1
30,2.0,7.13,49,17.99,1,3,0.14,0.0,0.0,1.0,0,0,0,0,0,1,1,0,0,0,0,0,0,1,0,0,0,0,0,0,0,1,0
20,2.0,7.81,53,17.99,1,4,0.14,0.0,1.0,0.0,0,0,0,0,1,0,0,0,0,1,0,0,0,0,1,0,0,0,0,0,0,1,0
42,1.0,0.48,5,13.99,0,5,0.08,1.0,0.0,0.0,0,0,0,1,0,0,1,0,0,0,0,1,0,0,0,0,1,0,0,0,0,0,0
62,1.0,6.55,52,13.99,0,5,0.12,1.0,0.0,0.0,0,1,0,0,0,0,1,0,0,0,0,0,0,1,0,0,0,0,0,0,0,0,1
49,2.0,29.41,14,17.99,0,1,1.96,0.0,1.0,0.0,0,0,0,0,1,0,1,0,0,0,0,0,0,0,1,0,0,1,0,0,0,0,0
41,0.0,32.8,32,8.99,0,2,0.99,1.0,0.0,0.0,0,0,1,0,0,0,0,0,1,0,0,1,0,0,0,0,0,0,0,1,0,0,0
65,0.0,0.24,28,8.99,1,5,0.01,1.0,0.0,0.0,0,1,0,0,0,0,0,0,0,0,1,0,0,0,0,1,0,0,0,0,0,0,1
34,1.0,33.38,53,13.99,0,5,0.62,0.0,0.0,1.0,1,0,0,0,0,0,0,0,0,1,0,0,0,1,0,0,0,0,0,0,0,1,0
32,1.0,14.18,59,13.99,1,1,0.24,0.0,0.0,1.0,0,0,0,0,0,1,0,1,0,0,0,0,0,1,0,0,0,1,0,0,0,0,0
33,1.0,6.97,44,13.99,1,3,0.15,0.0,0.0,1.0,0,1,0,0,0,0,0,0,0,0,1,0,0,0,0,1,0,0,0,0,0,1,0
47,0.0,6.39,54,8.99,1,4,0.12,1.0,0.0,0.0,0,1,0,0,0,0,0,0,0,1,0,0,1,0,0,0,0,0,1,0,0,0,0
33,2.0,6.35,30,17.99,0,5,0.2,0.0,0.0,1.0,0,1,0,0,0,0,0,0,0,0,1,1,0,0,0,0,0,0,0,0,0,0,1
67,1.0,2.79,53,13.99,1,4,0.05,0.0,0.0,1.0,0,0,1,0,0,0,0,1,0,0,0,0,0,0,0,1,0,0,1,0,0,0,0
20,0.0,47.0,25,8.99,0,4,1.81,1.0,0.0,0.0,0,0,0,0,0,1,0,0,0,0,1,0,0,1,0,0,0,0,0,0,0,1,0
43,1.0,38.84,56,13.99,0,4,0.68,0.0,0.0,1.0,0,0,1,0,0,0,0,0,1,0,0,0,0,1,0,0,0,0,0,0,0,1,0
36,1.0,2.56,6,13.99,0,5,0.37,1.0,0.0,0.0,1,0,0,0,0,0,0,0,0,0,1,0,0,1,0,0,0,1,0,0,0,0,0
54,0.0,13.25,49,8.99,1,3,0.27,1.0,0.0,0.0,0,0,1,0,0,0,0,0,1,0,0,0,0,1,0,0,1,0,0,0,0,0,0
26,1.0,12.76,54,13.99,0,4,0.23,0.0,0.0,1.0,0,1,0,0,0,0,1,0,0,0,0,1,0,0,0,0,0,0,0,0,0,1,0
25,1.0,26.47,60,13.99,0,1,0.43,0.0,1.0,0.0,0,0,0,1,0,0,0,0,0,1,0,0,0,0,0,1,1,0,0,0,0,0,0
37,1.0,1.33,60,13.99,1,5,0.02,0.0,1.0,0.0,0,0,1,0,0,0,1,0,0,0,0,0,0,0,1,0,0,1,0,0,0,0,0
43,0.0,10.02,50,8.99,1,1,0.2,0.0,1.0,0.0,0,0,1,0,0,0,0,0,0,1,0,1,0,0,0,0,0,0,0,1,0,0,0
69,0.0,7.66,46,8.99,1,3,0.16,0.0,1.0,0.0,1,0,0,0,0,0,0,0,0,1,0,0,0,0,0,1,0,0,0,0,1,0,0
32,1.0,22.99,31,13.99,0,1,0.72,1.0,0.0,0.0,1,0,0,0,0,0,0,0,1,0,0,0,0,1,0,0,0,0,0,0,0,0,1
35,0.0,9.2,26,8.99,1,2,0.34,1.0,0.0,0.0,0,0,0,0,0,1,0,1,0,0,0,0,0,0,1,0,0,1,0,0,0,0,0
29,2.0,4.46,42,17.99,1,4,0.1,0.0,0.0,1.0,0,1,0,0,0,0,0,0,0,0,1,0,0,0,0,1,0,1,0,0,0,0,0
34,2.0,2.94,39,17.99,1,1,0.07,0.0,0.0,1.0,0,0,0,1,0,0,1,0,0,0,0,0,1,0,0,0,0,0,1,0,0,0,0
45,2.0,2.59,56,17.99,1,3,0.05,0.0,0.0,1.0,0,0,1,0,0,0,0,0,0,0,1,0,0,0,0,1,0,0,0,1,0,0,0
46,1.0,1.22,59,13.99,1,3,0.02,0.0,0.0,1.0,0,0,0,1,0,0,1,0,0,0,0,0,0,1,0,0,0,0,0,0,1,0,0
31,0.0,10.38,42,8.99,1,1,0.24,0.0,0.0,1.0,0,0,0,1,0,0,0,0,0,0,1,0,0,1,0,0,1,0,0,0,0,0,0
68,0.0,15.56,53,8.99,1,5,0.29,1.0,0.0,0.0,0,1,0,0,0,0,0,0,1,0,0,0,0,0,0,1,0,0,0,0,1,0,0
36,1.0,11.94,45,13.99,1,2,0.26,1.0,0.0,0.0,0,0,1,0,0,0,0,0,0,0,1,0,0,0,0,1,0,1,0,0,0,0,0
68,0.0,24.27,33,8.99,1,1,0.71,1.0,0.0,0.0,0,1,0,0,0,0,0,0,0,1,0,0,0,0,1,0,0,0,0,0,0,1,0
50,0.0,4.3,54,8.99,1,5,0.08,0.0,1.0,0.0,0,0,0,1,0,0,0,0,0,0,1,0,0,0,0,1,1,0,0,0,0,0,0
18,1.0,9.77,57,13.99,1,2,0.17,1.0,0.0,0.0,1,0,0,0,0,0,1,0,0,0,0,0,1,0,0,0,0,0,0,0,0,0,1
34,2.0,3.92,4,17.99,0,1,0.78,0.0,1.0,0.0,0,0,0,0,0,1,0,0,0,1,0,0,0,0,1,0,1,0,0,0,0,0,0
39,2.0,13.51,54,17.99,0,4,0.25,0.0,0.0,1.0,0,0,0,0,1,0,0,0,0,0,1,0,0,0,0,1,0,0,0,1,0,0,0
45,2.0,27.2,8,17.99,0,5,3.02,0.0,1.0,0.0,0,0,1,0,0,0,0,1,0,0,0,0,0,1,0,0,0,0,0,0,0,0,1
23,2.0,16.51,41,17.99,1,5,0.39,0.0,1.0,0.0,0,0,0,0,1,0,0,0,0,0,1,0,0,0,1,0,0,0,0,0,0,1,0
56,1.0,4.05,4,13.99,0,4,0.81,1.0,0.0,0.0,0,0,1,0,0,0,0,0,0,1,0,0,0,0,0,1,0,0,0,1,0,0,0
31,1.0,2.2,29,13.99,1,1,0.07,0.0,1.0,0.0,0,1,0,0,0,0,0,0,0,1,0,0,0,0,0,1,0,1,0,0,0,0,0
31,1.0,2.02,39,13.99,1,4,0.05,1.0,0.0,0.0,0,0,1,0,0,0,0,0,1,0,0,1,0,0,0,0,0,1,0,0,0,0,0
31,1.0,54.98,57,13.99,0,4,0.95,0.0,1.0,0.0,1,0,0,0,0,0,1,0,0,0,0,0,0,0,1,0,0,0,0,0,1,0,0
41,0.0,7.78,0,8.99,0,2,7.78,1.0,0.0,0.0,0,1,0,0,0,0,0,0,0,0,1,0,0,0,0,1,0,0,0,0,0,1,0
32,1.0,1.43,19,13.99,1,2,0.07,0.0,0.0,1.0,0,0,0,0,1,0,0,1,0,0,0,0,0,0,1,0,0,0,1,0,0,0,0
67,2.0,18.54,58,17.99,0,5,0.31,0.0,1.0,0.0,1,0,0,0,0,0,0,1,0,0,0,0,0,0,0,1,0,1,0,0,0,0,0
46,0.0,4.84,27,8.99,1,2,0.17,1.0,0.0,0.0,1,0,0,0,0,0,1,0,0,0,0,0,0,0,0,1,0,0,0,0,0,1,0
54,2.0,6.65,23,17.99,0,4,0.28,0.0,1.0,0.0,0,1,0,0,0,0,0,0,1,0,0,0,0,0,0,1,0,1,0,0,0,0,0
59,2.0,47.14,35,17.99,0,3,1.31,0.0,1.0,0.0,0,0,0,0,1,0,0,0,0,0,1,0,1,0,0,0,0,1,0,0,0,0,0
44,0.0,20.91,5,8.99,0,5,3.48,0.0,0.0,1.0,0,0,0,0,0,1,0,1,0,0,0,0,0,0,1,0,0,0,0,0,0,0,1
62,0.0,3.31,21,8.99,1,3,0.15,0.0,1.0,0.0,1,0,0,0,0,0,0,0,0,1,0,0,0,0,1,0,1,0,0,0,0,0,0
46,1.0,2.98,51,13.99,1,1,0.06,0.0,1.0,0.0,0,0,0,0,0,1,0,1,0,0,0,1,0,0,0,0,1,0,0,0,0,0,0
68,1.0,37.3,31,13.99,0,5,1.17,0.0,0.0,1.0,1,0,0,0,0,0,1,0,0,0,0,0,1,0,0,0,1,0,0,0,0,0,0
28,2.0,10.38,33,17.99,1,3,0.31,1.0,0.0,0.0,0,0,0,0,1,0,0,0,1,0,0,1,0,0,0,0,0,0,1,0,0,0,0
55,2.0,6.14,25,17.99,0,4,0.24,0.0,1.0,0.0,0,0,0,0,1,0,1,0,0,0,0,1,0,0,0,0,0,1,0,0,0,0,0
70,1.0,4.75,54,13.99,1,3,0.09,0.0,0.0,1.0,0,0,1,0,0,0,0,0,1,0,0,0,0,0,1,0,0,0,0,0,0,1,0
69,1.0,7.26,48,13.99,0,5,0.15,0.0,1.0,0.0,1,0,0,0,0,0,1,0,0,0,0,1,0,0,0,0,0,0,0,0,0,1,0
31,1.0,23.56,40,13.99,0,5,0.57,0.0,0.0,1.0,0,0,0,1,0,0,0,0,0,0,1,0,1,0,0,0,0,0,0,0,0,0,1
55,0.0,7.86,36,8.99,1,4,0.21,1.0,0.0,0.0,0,0,0,1,0,0,1,0,0,0,0,1,0,0,0,0,0,0,0,0,1,0,0
40,1.0,7.48,54,13.99,1,1,0.14,0.0,0.0,1.0,1,0,0,0,0,0,0,0,0,0,1,0,0,1,0,0,0,1,0,0,0,0,0
36,2.0,2.13,54,17.99,1,3,0.04,0.0,1.0,0.0,0,0,0,0,1,0,0,1,0,0,0,0,0,1,0,0,0,0,0,1,0,0,0
62,0.0,6.12,51,8.99,1,2,0.12,1.0,0.0,0.0,1,0,0,0,0,0,0,0,0,0,1,0,0,0,1,0,0,0,0,0,0,0,1
63,0.0,10.71,43,8.99,1,2,0.24,0.0,0.0,1.0,0,1,0,0,0,0,0,1,0,0,0,0,0,1,0,0,0,1,0,0,0,0,0
43,1.0,1.06,27,13.99,0,4,0.04,0.0,1.0,0.0,0,1,0,0,0,0,0,0,0,1,0,0,0,0,0,1,1,0,0,0,0,0,0
18,2.0,12.22,48,17.99,0,5,0.25,0.0,0.0,1.0,0,0,1,0,0,0,0,0,0,1,0,0,0,1,0,0,0,0,0,0,0,0,1
23,1.0,3.9,1,13.99,0,1,1.95,1.0,0.0,0.0,0,0,0,0,1,0,0,0,0,0,1,1,0,0,0,0,0,0,0,0,0,0,1
21,2.0,19.77,22,17.99,0,4,0.86,1.0,0.0,0.0,0,0,1,0,0,0,0,0,0,0,1,1,0,0,0,0,0,0,0,0,0,1,0
53,0.0,2.42,11,8.99,1,5,0.2,0.0,1.0,0.0,1,0,0,0,0,0,1,0,0,0,0,0,0,0,1,0,1,0,0,0,0,0,0
64,2.0,7.0,9,17.99,0,4,0.7,0.0,0.0,1.0,0,0,0,0,1,0,0,0,1,0,0,0,1,0,0,0,0,0,0,1,0,0,0
21,1.0,61.8,41,13.99,0,3,1.47,0.0,0.0,1.0,0,0,1,0,0,0,0,1,0,0,0,0,0,0,0,1,0,0,0,1,0,0,0
50,0.0,2.84,36,8.99,1,3,0.08,1.0,0.0,0.0,0,1,0,0,0,0,1,0,0,0,0,0,0,0,1,0,0,1,0,0,0,0,0
38,1.0,5.32,24,13.99,0,4,0.21,0.0,0.0,1.0,0,0,1,0,0,0,0,0,0,0,1,0,1,0,0,0,0,0,1,0,0,0,0
67,1.0,0.44,27,13.99,1,3,0.02,0.0,1.0,0.0,0,0,0,0,0,1,0,0,0,0,1,1,0,0,0,0,1,0,0,0,0,0,0
70,1.0,7.16,40,13.99,1,1,0.17,1.0,0.0,0.0,0,0,1,0,0,0,0,0,0,0,1,0,0,1,0,0,0,1,0,0,0,0,0
58,1.0,0.73,14,13.99,1,3,0.05,0.0,0.0,1.0,0,0,1,0,0,0,0,0,1,0,0,0,0,0,1,0,1,0,0,0,0,0,0
21,0.0,2.73,48,8.99,1,5,0.06,0.0,0.0,1.0,0,1,0,0,0,0,0,0,0,1,0,0,0,0,0,1,0,0,0,1,0,0,0
28,2.0,17.1,16,17.99,0,4,1.01,0.0,0.0,1.0,1,0,0,0,0,0,1,0,0,0,0,0,1,0,0,0,1,0,0,0,0,0,0
61,0.0,20.11,17,8.99,0,1,1.12,0.0,1.0,0.0,0,0,0,1,0,0,1,0,0,0,0,0,0,1,0,0,0,1,0,0,0,0,0
27,0.0,31.0,57,8.99,0,5,0.53,0.0,1.0,0.0,0,0,0,0,0,1,0,0,0,1,0,0,1,0,0,0,0,0,0,0,0,1,0
63,1.0,11.42,57,13.99,1,1,0.2,0.0,0.0,1.0,0,0,1,0,0,0,1,0,0,0,0,1,0,0,0,0,0,0,0,0,1,0,0
51,2.0,14.64,23,17.99,0,4,0.61,0.0,1.0,0.0,1,0,0,0,0,0,0,0,0,0,1,1,0,0,0,0,0,0,1,0,0,0,0
40,0.0,5.54,11,8.99,1,1,0.46,1.0,0.0,0.0,0,0,0,0,1,0,0,0,1,0,0,0,0,0,1,0,0,0,0,1,0,0,0
47,2.0,34.18,50,17.99,0,4,0.67,1.0,0.0,0.0,0,0,1,0,0,0,1,0,0,0,0,0,1,0,0,0,0,0,0,1,0,0,0
19,0.0,1.23,47,8.99,1,4,0.03,0.0,0.0,1.0,0,1,0,0,0,0,0,0,1,0,0,0,0,1,0,0,0,0,0,0,0,0,1
43,0.0,7.51,2,8.99,0,4,2.5,1.0,0.0,0.0,0,0,1,0,0,0,0,0,0,1,0,1,0,0,0,0,0,0,0,1,0,0,0
63,1.0,16.41,34,13.99,1,1,0.47,0.0,1.0,0.0,0,0,0,1,0,0,0,0,0,1,0,0,0,0,0,1,0,0,0,0,0,0,1
39,1.0,11.29,40,13.99,1,1,0.28,1.0,0.0,0.0,0,0,1,0,0,0,0,1,0,0,0,0,1,0,0,0,0,0,1,0,0,0,0
20,0.0,0.37,27,8.99,1,1,0.01,0.0,0.0,1.0,1,0,0,0,0,0,1,0,0,0,0,0,0,0,0,1,0,0,0,1,0,0,0
39,0.0,7.24,8,8.99,0,3,0.8,1.0,0.0,0.0,0,0,0,0,1,0,0,0,1,0,0,1,0,0,0,0,0,0,0,0,1,0,0
30,2.0,21.23,50,17.99,0,2,0.42,0.0,0.0,1.0,1,0,0,0,0,0,0,0,1,0,0,1,0,0,0,0,0,0,0,1,0,0,0
46,1.0,0.89,35,13.99,1,1,0.02,0.0,1.0,0.0,0,0,0,0,1,0,0,0,0,0,1,0,0,0,1,0,0,0,0,1,0,0,0
66,0.0,1.21,7,8.99,1,5,0.15,0.0,0.0,1.0,1,0,0,0,0,0,0,0,0,1,0,0,1,0,0,0,0,0,1,0,0,0,0
19,2.0,13.21,32,17.99,1,2,0.4,0.0,0.0,1.0,0,1,0,0,0,0,1,0,0,0,0,0,1,0,0,0,1,0,0,0,0,0,0
54,2.0,18.07,14,17.99,0,2,1.2,0.0,1.0,0.0,0,1,0,0,0,0,0,0,0,1,0,0,0,1,0,0,0,0,0,0,0,0,1
32,1.0,12.46,17,13.99,0,5,0.69,1.0,0.0,0.0,1,0,0,0,0,0,0,1,0,0,0,0,0,1,0,0,0,1,0,0,0,0,0
40,0.0,3.95,34,8.99,1,4,0.11,1.0,0.0,0.0,0,0,0,0,1,0,0,0,0,0,1,0,0,1,0,0,0,1,0,0,0,0,0
51,0.0,7.4,49,8.99,1,4,0.15,1.0,0.0,0.0,0,0,0,0,1,0,0,0,1,0,0,0,0,0,0,1,0,0,1,0,0,0,0
24,2.0,5.54,47,17.99,0,5,0.12,0.0,0.0,1.0,1,0,0,0,0,0,0,0,0,0,1,0,0,0,0,1,0,0,1,0,0,0,0
50,0.0,34.91,55,8.99,0,1,0.62,0.0,1.0,0.0,0,0,0,0,0,1,0,0,0,0,1,0,0,0,0,1,0,0,0,1,0,0,0
52,2.0,19.84,51,17.99,0,4,0.38,1.0,0.0,0.0,0,0,0,0,0,1,0,0,0,0,1,0,0,0,0,1,0,0,0,1,0,0,0
40,1.0,1.53,23,13.99,1,1,0.06,0.0,1.0,0.0,1,0,0,0,0,0,0,1,0,0,0,1,0,0,0,0,0,0,0,1,0,0,0
24,1.0,30.63,58,13.99,0,4,0.52,1.0,0.0,0.0,0,0,0,0,1,0,0,0,1,0,0,0,0,1,0,0,0,0,0,0,0,0,1
29,2.0,3.17,8,17.99,1,2,0.35,1.0,0.0,0.0,0,0,0,0,0,1,0,0,0,1,0,0,1,0,0,0,1,0,0,0,0,0,0
68,0.0,21.58,30,8.99,0,2,0.7,0.0,0.0,1.0,0,0,0,0,1,0,0,0,0,0,1,1,0,0,0,0,0,0,0,0,1,0,0
18,0.0,18.12,2,8.99,0,1,6.04,1.0,0.0,0.0,0,0,0,1,0,0,0,0,0,0,1,0,0,1,0,0,0,0,0,0,1,0,0
45,1.0,16.1,13,13.99,0,3,1.15,1.0,0.0,0.0,0,0,0,0,0,1,0,0,0,0,1,0,0,1,0,0,0,0,0,0,0,0,1
20,1.0,2.75,2,13.99,0,2,0.92,0.0,0.0,1.0,1,0,0,0,0,0,0,0,0,1,0,1,0,0,0,0,0,0,0,0,0,0,1
38,2.0,4.88,12,17.99,1,1,0.38,0.0,1.0,0.0,0,0,0,1,0,0,0,1,0,0,0,0,0,0,1,0,0,0,0,0,0,1,0
70,1.0,1.42,17,13.99,1,2,0.08,0.0,0.0,1.0,0,0,0,0,0,1,0,1,0,0,0,0,0,1,0,0,0,1,0,0,0,0,0
25,1.0,3.84,45,13.99,1,5,0.08,0.0,1.0,0.0,1,0,0,0,0,0,0,0,1,0,0,0,0,1,0,0,0,0,0,1,0,0,0
42,2.0,6.45,52,17.99,1,1,0.12,1.0,0.0,0.0,0,0,1,0,0,0,0,0,0,0,1,0,0,0,1,0,0,0,1,0,0,0,0
56,2.0,10.31,31,17.99,1,3,0.32,1.0,0.0,0.0,0,0,1,0,0,0,0,1,0,0,0,0,0,0,1,0,0,1,0,0,0,0,0
49,0.0,3.16,31,8.99,1,5,0.1,0.0,0.0,1.0,0,1,0,0,0,0,1,0,0,0,0,0,0,0,1,0,1,0,0,0,0,0,0
25,2.0,50.94,28,17.99,0,4,1.76,1.0,0.0,0.0,1,0,0,0,0,0,0,0,1,0,0,0,0,1,0,0,0,0,0,1,0,0,0
39,2.0,0.33,29,17.99,1,2,0.01,0.0,0.0,1.0,1,0,0,0,0,0,0,1,0,0,0,1,0,0,0,0,0,0,1,0,0,0,0
37,2.0,19.29,42,17.99,0,4,0.45,1.0,0.0,0.0,0,0,0,1,0,0,0,0,0,0,1,0,0,0,0,1,0,1,0,0,0,0,0
21,1.0,0.19,59,13.99,1,3,0.0,0.0,1.0,0.0,0,0,0,1,0,0,0,0,1,0,0,0,0,1,0,0,0,0,0,0,0,1,0
32,1.0,7.88,38,13.99,1,1,0.2,0.0,1.0,0.0,0,0,1,0,0,0,0,0,0,0,1,0,0,1,0,0,0,0,0,1,0,0,0
49,2.0,0.21,26,17.99,1,3,0.01,0.0,0.0,1.0,0,0,0,0,1,0,0,0,0,1,0,0,0,1,0,0,0,0,1,0,0,0,0
29,0.0,15.6,11,8.99,0,2,1.3,1.0,0.0,0.0,0,0,0,0,0,1,0,0,0,0,1,0,1,0,0,0,0,0,1,0,0,0,0
56,0.0,6.72,1,8.99,0,2,3.36,0.0,1.0,0.0,0,0,0,0,1,0,0,1,0,0,0,0,0,1,0,0,0,0,0,0,0,1,0
35,2.0,19.05,57,17.99,0,5,0.33,1.0,0.0,0.0,0,0,0,0,1,0,0,0,1,0,0,1,0,0,0,0,1,0,0,0,0,0,0
38,2.0,10.11,23,17.99,0,4,0.42,1.0,0.0,0.0,0,1,0,0,0,0,1,0,0,0,0,0,0,0,0,1,1,0,0,0,0,0,0
22,0.0,4.4,34,8.99,1,5,0.13,1.0,0.0,0.0,0,0,1,0,0,0,0,0,0,1,0,0,1,0,0,0,1,0,0,0,0,0,0
68,0.0,23.54,33,8.99,0,5,0.69,0.0,0.0,1.0,0,0,0,1,0,0,0,0,0,0,1,0,0,0,1,0,1,0,0,0,0,0,0
46,0.0,13.5,44,8.99,1,1,0.3,0.0,1.0,0.0,0,0,0,1,0,0,0,1,0,0,0,0,0,1,0,0,0,0,0,1,0,0,0
38,0.0,11.77,49,8.99,1,5,0.24,0.0,1.0,0.0,1,0,0,0,0,0,0,0,0,1,0,1,0,0,0,0,0,1,0,0,0,0,0
31,1.0,8.85,5,13.99,0,1,1.47,0.0,1.0,0.0,0,0,0,0,1,0,0,0,0,0,1,0,0,0,1,0,0,0,0,0,0,0,1
64,1.0,13.89,43,13.99,1,1,0.32,1.0,0.0,0.0,0,0,0,0,1,0,0,0,0,0,1,1,0,0,0,0,0,0,1,0,0,0,0
42,1.0,4.37,18,13.99,1,5,0.23,1.0,0.0,0.0,1,0,0,0,0,0,0,1,0,0,0,0,1,0,0,0,0,0,0,0,1,0,0
51,1.0,4.35,44,13.99,1,1,0.1,1.0,0.0,0.0,0,0,0,0,1,0,0,1,0,0,0,0,0,0,1,0,0,0,0,0,0,0,1
23,0.0,1.81,0,8.99,0,5,1.81,0.0,1.0,0.0,0,0,1,0,0,0,0,1,0,0,0,0,1,0,0,0,0,0,0,0,1,0,0
56,2.0,32.38,15,17.99,0,5,2.02,1.0,0.0,0.0,0,0,0,0,0,1,0,1,0,0,0,0,0,1,0,0,0,1,0,0,0,0,0
59,1.0,4.41,35,13.99,1,3,0.12,0.0,1.0,0.0,0,0,1,0,0,0,0,0,0,1,0,0,1,0,0,0,0,0,0,0,0,1,0
20,2.0,4.18,36,17.99,1,3,0.11,1.0,0.0,0.0,0,0,0,1,0,0,0,0,0,0,1,0,0,1,0,0,0,0,1,0,0,0,0
56,0.0,7.39,53,8.99,1,1,0.14,0.0,1.0,0.0,0,0,0,0,0,1,0,0,1,0,0,0,0,1,0,0,0,1,0,0,0,0,0
22,2.0,0.77,29,17.99,1,1,0.03,0.0,1.0,0.0,0,0,0,1,0,0,1,0,0,0,0,0,0,1,0,0,0,0,0,0,1,0,0
65,1.0,2.92,1,13.99,0,5,1.46,0.0,0.0,1.0,1,0,0,0,0,0,0,0,0,1,0,1,0,0,0,0,0,0,1,0,0,0,0
40,1.0,8.17,4,13.99,0,1,1.63,0.0,1.0,0.0,0,0,0,1,0,0,0,1,0,0,0,0,0,1,0,0,0,0,1,0,0,0,0
27,2.0,27.3,4,17.99,0,3,5.46,0.0,0.0,1.0,0,0,0,0,0,1,0,1,0,0,0,0,0,0,0,1,0,0,0,1,0,0,0
66,2.0,42.58,54,17.99,0,3,0.77,0.0,1.0,0.0,0,0,0,1,0,0,1,0,0,0,0,1,0,0,0,0,0,0,0,0,0,1,0
70,0.0,7.97,24,8.99,1,2,0.32,0.0,0.0,1.0,0,0,1,0,0,0,1,0,0,0,0,0,0,0,1,0,0,0,0,1,0,0,0
22,2.0,4.98,0,17.99,0,5,4.98,1.0,0.0,0.0,0,0,0,0,0,1,0,0,0,1,0,0,0,0,0,1,0,0,0,1,0,0,0
64,2.0,6.42,35,17.99,1,5,0.18,0.0,1.0,0.0,0,0,0,0,1,0,0,0,0,0,1,0,1,0,0,0,0,0,0,0,0,0,1
58,2.0,30.44,57,17.99,0,3,0.52,1.0,0.0,0.0,0,0,1,0,0,0,0,0,0,0,1,0,1,0,0,0,0,0,1,0,0,0,0
58,2.0,32.88,0,17.99,0,5,32.88,0.0,1.0,0.0,0,0,0,0,0,1,0,0,0,0,1,0,0,1,0,0,0,0,0,0,0,1,0
29,0.0,11.19,11,8.99,0,2,0.93,1.0,0.0,0.0,1,0,0,0,0,0,0,0,1,0,0,0,0,1,0,0,0,1,0,0,0,0,0
34,0.0,1.77,10,8.99,1,2,0.16,0.0,1.0,0.0,1,0,0,0,0,0,0,1,0,0,0,1,0,0,0,0,0,0,0,0,0,1,0
58,2.0,30.18,48,17.99,0,4,0.62,1.0,0.0,0.0,0,1,0,0,0,0,1,0,0,0,0,1,0,0,0,0,0,0,0,0,1,0,0
62,1.0,3.61,0,13.99,0,3,3.61,0.0,0.0,1.0,0,0,0,0,1,0,1,0,0,0,0,0,0,0,0,1,0,0,0,0,0,1,0
49,0.0,0.59,45,8.99,1,2,0.01,0.0,0.0,1.0,0,0,1,0,0,0,0,0,0,1,0,0,0,0,1,0,0,0,0,0,0,0,1
47,1.0,7.04,34,13.99,1,2,0.2,1.0,0.0,0.0,0,0,0,0,1,0,0,1,0,0,0,0,0,0,0,1,1,0,0,0,0,0,0
38,2.0,0.47,48,17.99,1,3,0.01,0.0,1.0,0.0,0,0,0,0,0,1,1,0,0,0,0,0,0,0,0,1,0,0,0,0,1,0,0
23,2.0,0.24,23,17.99,1,2,0.01,0.0,0.0,1.0,0,1,0,0,0,0,0,0,1,0,0,0,0,0,0,1,0,0,0,0,1,0,0
46,2.0,34.32,34,17.99,0,5,0.98,1.0,0.0,0.0,0,0,0,0,0,1,1,0,0,0,0,1,0,0,0,0,1,0,0,0,0,0,0
47,1.0,42.79,2,13.99,0,1,14.26,0.0,0.0,1.0,0,0,1,0,0,0,0,0,0,1,0,0,0,1,0,0,0,0,0,1,0,0,0
64,1.0,7.6,44,13.99,1,1,0.17,0.0,1.0,0.0,1,0,0,0,0,0,0,1,0,0,0,0,0,1,0,0,0,0,0,1,0,0,0
60,2.0,8.4,53,17.99,1,2,0.16,0.0,0.0,1.0,0,0,1,0,0,0,0,0,0,1,0,1,0,0,0,0,0,0,1,0,0,0,0
59,1.0,29.55,0,13.99,0,5,29.55,1.0,0.0,0.0,0,0,0,0,0,1,0,1,0,0,0,0,1,0,0,0,0,0,0,0,0,1,0
18,1.0,6.99,46,13.99,1,5,0.15,1.0,0.0,0.0,1,0,0,0,0,0,1,0,0,0,0,0,1,0,0,0,0,1,0,0,0,0,0
61,2.0,0.78,33,17.99,1,5,0.02,1.0,0.0,0.0,0,0,0,1,0,0,0,0,0,1,0,0,0,0,0,1,0,0,0,0,0,0,1
65,2.0,31.99,57,17.99,0,2,0.55,0.0,1.0,0.0,0,1,0,0,0,0,0,0,1,0,0,0,0,0,0,1,1,0,0,0,0,0,0
48,1.0,6.71,46,13.99,1,2,0.14,0.0,1.0,0.0,0,0,0,1,0,0,0,0,0,0,1,0,0,0,0,1,0,0,0,1,0,0,0
22,2.0,14.35,1,17.99,0,5,7.17,1.0,0.0,0.0,0,0,1,0,0,0,0,1,0,0,0,1,0,0,0,0,0,0,0,0,0,0,1
39,0.0,6.04,37,8.99,1,2,0.16,0.0,1.0,0.0,0,0,1,0,0,0,1,0,0,0,0,0,0,0,1,0,0,0,1,0,0,0,0
29,2.0,8.87,41,17.99,1,3,0.21,1.0,0.0,0.0,0,0,1,0,0,0,0,0,1,0,0,0,0,1,0,0,0,0,0,0,1,0,0
50,0.0,20.96,40,8.99,0,2,0.51,0.0,1.0,0.0,0,0,0,0,0,1,0,0,0,1,0,0,1,0,0,0,0,0,0,0,0,0,1
65,0.0,1.64,43,8.99,1,1,0.04,1.0,0.0,0.0,1,0,0,0,0,0,0,0,0,0,1,0,0,0,1,0,0,1,0,0,0,0,0
63,2.0,51.75,30,17.99,0,1,1.67,0.0,0.0,1.0,0,1,0,0,0,0,0,0,0,1,0,0,1,0,0,0,0,0,0,0,1,0,0
43,1.0,5.12,26,13.99,0,5,0.19,0.0,0.0,1.0,0,0,0,0,0,1,0,0,1,0,0,0,0,1,0,0,0,0,1,0,0,0,0
46,2.0,10.37,34,17.99,1,1,0.3,0.0,0.0,1.0,0,0,1,0,0,0,0,0,0,1,0,0,0,1,0,0,0,0,0,1,0,0,0
39,0.0,2.44,43,8.99,1,5,0.06,1.0,0.0,0.0,1,0,0,0,0,0,0,0,0,0,1,1,0,0,0,0,0,0,1,0,0,0,0
33,2.0,1.97,60,17.99,1,2,0.03,0.0,0.0,1.0,0,0,1,0,0,0,0,1,0,0,0,0,0,1,0,0,0,0,0,0,0,0,1
54,0.0,2.41,18,8.99,1,2,0.13,0.0,1.0,0.0,0,1,0,0,0,0,1,0,0,0,0,1,0,0,0,0,1,0,0,0,0,0,0
50,1.0,4.03,1,13.99,0,1,2.02,0.0,0.0,1.0,0,0,0,0,0,1,0,1,0,0,0,0,0,0,1,0,0,0,0,0,1,0,0
50,2.0,19.01,6,17.99,0,1,2.72,1.0,0.0,0.0,0,1,0,0,0,0,0,0,0,1,0,0,0,0,0,1,1,0,0,0,0,0,0
49,1.0,2.33,41,13.99,1,4,0.06,0.0,0.0,1.0,0,0,0,0,1,0,1,0,0,0,0,0,1,0,0,0,1,0,0,0,0,0,0
35,0.0,30.91,23,8.99,0,5,1.29,1.0,0.0,0.0,0,0,1,0,0,0,0,0,0,1,0,0,0,0,0,1,0,1,0,0,0,0,0
18,1.0,1.59,10,13.99,1,3,0.14,1.0,0.0,0.0,0,0,0,0,0,1,1,0,0,0,0,0,0,0,1,0,0,0,1,0,0,0,0
18,1.0,1.48,27,13.99,0,4,0.05,1.0,0.0,0.0,0,0,1,0,0,0,1,0,0,0,0,0,0,1,0,0,0,0,0,0,0,0,1
28,0.0,9.2,7,8.99,0,2,1.15,1.0,0.0,0.0,0,1,0,0,0,0,0,0,0,1,0,0,0,0,0,1,0,1,0,0,0,0,0
18,0.0,12.33,22,8.99,0,5,0.54,0.0,0.0,1.0,0,0,0,1,0,0,0,0,0,0,1,0,0,0,0,1,0,1,0,0,0,0,0
57,1.0,1.24,37,13.99,1,2,0.03,0.0,1.0,0.0,0,0,1,0,0,0,1,0,0,0,0,0,0,0,1,0,0,0,0,1,0,0,0
51,0.0,0.3,58,8.99,1,2,0.01,0.0,0.0,1.0,0,1,0,0,0,0,0,0,0,1,0,0,1,0,0,0,0,0,0,0,1,0,0
65,0.0,24.31,25,8.99,0,4,0.93,0.0,1.0,0.0,0,0,1,0,0,0,1,0,0,0,0,0,1,0,0,0,0,0,0,0,1,0,0
22,1.0,13.64,18,13.99,0,4,0.72,0.0,1.0,0.0,0,0,0,1,0,0,0,0,1,0,0,0,0,1,0,0,0,0,1,0,0,0,0
59,2.0,4.17,1,17.99,0,4,2.08,0.0,0.0,1.0,0,0,0,0,0,1,1,0,0,0,0,0,0,1,0,0,0,1,0,0,0,0,0
29,2.0,9.33,9,17.99,0,5,0.93,1.0,0.0,0.0,0,0,1,0,0,0,0,0,1,0,0,0,0,0,0,1,0,0,0,0,1,0,0
59,2.0,31.05,3,17.99,0,5,7.76,0.0,1.0,0.0,0,0,0,1,0,0,0,0,1,0,0,1,0,0,0,0,1,0,0,0,0,0,0
19,2.0,3.28,30,17.99,1,5,0.11,0.0,1.0,0.0,0,0,0,0,0,1,0,0,0,0,1,0,1,0,0,0,0,0,0,1,0,0,0
61,1.0,30.0,50,13.99,0,2,0.59,1.0,0.0,0.0,0,0,0,1,0,0,0,0,1,0,0,1,0,0,0,0,0,1,0,0,0,0,0
34,0.0,11.2,48,8.99,1,4,0.23,0.0,1.0,0.0,1,0,0,0,0,0,1,0,0,0,0,0,1,0,0,0,0,1,0,0,0,0,0
23,1.0,23.96,32,13.99,0,5,0.73,0.0,1.0,0.0,0,0,0,0,1,0,0,1,0,0,0,1,0,0,0,0,0,0,1,0,0,0,0
66,0.0,0.74,27,8.99,1,3,0.03,1.0,0.0,0.0,0,0,0,0,1,0,0,0,1,0,0,0,1,0,0,0,1,0,0,0,0,0,0
59,1.0,9.77,30,13.99,0,5,0.32,0.0,1.0,0.0,0,0,1,0,0,0,0,0,0,1,0,1,0,0,0,0,0,1,0,0,0,0,0
22,2.0,5.64,29,17.99,0,1,0.19,1.0,0.0,0.0,0,0,0,0,1,0,1,0,0,0,0,0,0,1,0,0,0,1,0,0,0,0,0
62,0.0,6.69,30,8.99,1,1,0.22,1.0,0.0,0.0,1,0,0,0,0,0,0,0,1,0,0,0,0,0,1,0,0,1,0,0,0,0,0
44,2.0,18.89,11,17.99,0,1,1.57,1.0,0.0,0.0,1,0,0,0,0,0,0,1,0,0,0,0,0,0,0,1,0,0,1,0,0,0,0
65,0.0,26.98,0,8.99,0,2,26.98,1.0,0.0,0.0,0,0,0,0,0,1,0,0,0,1,0,0,0,1,0,0,0,0,0,0,0,1,0
31,2.0,16.79,42,17.99,1,1,0.39,0.0,0.0,1.0,0,0,1,0,0,0,0,0,0,0,1,0,0,0,1,0,0,0,0,1,0,0,0
53,2.0,7.79,1,17.99,0,1,3.9,0.0,0.0,1.0,1,0,0,0,0,0,0,0,0,1,0,0,0,0,1,0,0,0,0,0,0,0,1
28,1.0,25.72,60,13.99,0,3,0.42,1.0,0.0,0.0,0,0,1,0,0,0,0,0,0,0,1,0,1,0,0,0,0,1,0,0,0,0,0
58,2.0,2.91,17,17.99,1,1,0.16,1.0,0.0,0.0,0,1,0,0,0,0,0,0,0,0,1,0,1,0,0,0,0,1,0,0,0,0,0
36,2.0,13.32,45,17.99,1,2,0.29,1.0,0.0,0.0,0,0,0,0,0,1,0,0,1,0,0,1,0,0,0,0,0,0,1,0,0,0,0
66,2.0,0.15,44,17.99,1,1,0.0,0.0,0.0,1.0,0,0,0,0,0,1,0,0,0,0,1,1,0,0,0,0,0,1,0,0,0,0,0
57,0.0,4.59,54,8.99,1,4,0.08,0.0,0.0,1.0,1,0,0,0,0,0,0,0,0,1,0,0,0,0,0,1,0,0,1,0,0,0,0
47,0.0,39.78,16,8.99,0,2,2.34,0.0,0.0,1.0,0,0,0,0,0,1,0,0,1,0,0,0,0,0,0,1,0,1,0,0,0,0,0
67,1.0,10.29,44,13.99,1,2,0.23,0.0,1.0,0.0,0,0,0,0,1,0,0,0,0,0,1,0,0,0,0,1,0,1,0,0,0,0,0
33,1.0,14.5,60,13.99,0,4,0.24,0.0,1.0,0.0,0,0,0,1,0,0,1,0,0,0,0,0,0,0,0,1,1,0,0,0,0,0,0
22,2.0,33.82,25,17.99,0,5,1.3,0.0,1.0,0.0,1,0,0,0,0,0,0,1,0,0,0,0,0,0,0,1,0,0,0,1,0,0,0
19,1.0,13.27,35,13.99,0,4,0.37,0.0,0.0,1.0,0,0,0,1,0,0,0,0,1,0,0,0,0,1,0,0,0,0,0,0,0,0,1
42,2.0,2.22,40,17.99,1,1,0.05,1.0,0.0,0.0,0,0,1,0,0,0,0,1,0,0,0,1,0,0,0,0,0,1,0,0,0,0,0
23,0.0,17.27,10,8.99,0,4,1.57,0.0,1.0,0.0,0,0,1,0,0,0,0,0,0,1,0,0,0,0,0,1,0,0,0,0,0,1,0
23,2.0,4.93,38,17.99,1,4,0.13,0.0,1.0,0.0,1,0,0,0,0,0,1,0,0,0,0,0,0,1,0,0,1,0,0,0,0,0,0
61,0.0,4.71,8,8.99,1,2,0.52,0.0,0.0,1.0,0,0,0,0,1,0,0,0,1,0,0,0,1,0,0,0,1,0,0,0,0,0,0
20,1.0,2.43,48,13.99,1,4,0.05,1.0,0.0,0.0,0,0,0,0,0,1,0,0,1,0,0,0,0,1,0,0,0,0,0,0,0,0,1
56,0.0,2.86,58,8.99,1,3,0.05,1.0,0.0,0.0,0,1,0,0,0,0,0,0,0,1,0,0,1,0,0,0,0,0,0,0,0,1,0
61,1.0,2.19,48,13.99,1,3,0.04,0.0,1.0,0.0,1,0,0,0,0,0,0,1,0,0,0,0,0,0,0,1,0,0,1,0,0,0,0
50,0.0,4.46,31,8.99,1,5,0.14,0.0,1.0,0.0,0,0,0,0,0,1,0,1,0,0,0,0,1,0,0,0,0,0,1,0,0,0,0
31,1.0,10.69,20,13.99,0,4,0.51,0.0,1.0,0.0,1,0,0,0,0,0,0,0,0,0,1,0,0,0,1,0,0,1,0,0,0,0,0
59,0.0,8.26,39,8.99,1,1,0.21,0.0,0.0,1.0,1,0,0,0,0,0,0,0,0,1,0,0,0,0,0,1,0,1,0,0,0,0,0
23,2.0,4.05,10,17.99,1,1,0.37,0.0,0.0,1.0,0,1,0,0,0,0,0,0,1,0,0,0,0,0,0,1,0,0,0,0,0,0,1
40,1.0,1.11,20,13.99,1,1,0.05,0.0,1.0,0.0,0,0,1,0,0,0,0,0,0,0,1,0,0,0,0,1,0,0,0,0,1,0,0
41,1.0,6.01,14,13.99,0,2,0.4,0.0,0.0,1.0,0,0,0,0,0,1,0,1,0,0,0,0,0,0,1,0,0,0,0,0,1,0,0
62,1.0,1.12,42,13.99,1,1,0.03,1.0,0.0,0.0,0,1,0,0,0,0,0,0,0,1,0,1,0,0,0,0,0,0,0,0,0,0,1
52,1.0,13.19,18,13.99,0,5,0.69,1.0,0.0,0.0,0,1,0,0,0,0,1,0,0,0,0,1,0,0,0,0,0,1,0,0,0,0,0
70,2.0,15.29,43,17.99,1,4,0.35,0.0,1.0,0.0,1,0,0,0,0,0,0,0,1,0,0,0,1,0,0,0,0,0,0,0,0,0,1
20,1.0,22.07,39,13.99,0,4,0.55,0.0,1.0,0.0,1,0,0,0,0,0,0,0,0,1,0,0,0,0,0,1,0,0,0,0,1,0,0
51,0.0,10.44,40,8.99,1,2,0.25,0.0,0.0,1.0,0,1,0,0,0,0,0,0,0,1,0,1,0,0,0,0,0,0,0,1,0,0,0
51,2.0,2.62,37,17.99,1,2,0.07,1.0,0.0,0.0,0,0,0,1,0,0,0,0,0,1,0,0,1,0,0,0,0,0,0,0,1,0,0
20,1.0,5.41,38,13.99,1,1,0.14,0.0,0.0,1.0,0,0,0,1,0,0,0,0,0,1,0,0,0,0,0,1,0,0,0,0,0,0,1
62,0.0,17.15,24,8.99,0,5,0.69,0.0,0.0,1.0,0,0,1,0,0,0,0,0,0,1,0,0,0,0,0,1,0,1,0,0,0,0,0
48,1.0,1.14,11,13.99,0,4,0.09,0.0,1.0,0.0,0,0,1,0,0,0,0,0,0,0,1,0,0,0,0,1,0,0,0,0,0,1,0
50,2.0,20.04,37,17.99,0,2,0.53,0.0,1.0,0.0,0,0,0,1,0,0,1,0,0,0,0,1,0,0,0,0,0,0,1,0,0,0,0
48,0.0,34.77,23,8.99,0,5,1.45,0.0,1.0,0.0,0,0,0,0,0,1,0,1,0,0,0,0,0,0,1,0,0,0,0,0,0,0,1
45,0.0,8.87,5,8.99,0,1,1.48,0.0,0.0,1.0,1,0,0,0,0,0,0,1,0,0,0,0,0,0,0,1,0,1,0,0,0,0,0
49,1.0,18.79,11,13.99,0,1,1.57,1.0,0.0,0.0,0,0,0,0,1,0,0,0,0,1,0,0,0,0,1,0,0,0,0,0,1,0,0
54,1.0,0.72,0,13.99,0,5,0.72,0.0,0.0,1.0,0,0,1,0,0,0,0,1,0,0,0,0,0,0,1,0,0,0,0,0,1,0,0
63,1.0,1.97,21,13.99,1,2,0.09,0.0,0.0,1.0,0,1,0,0,0,0,0,0,1,0,0,0,1,0,0,0,0,0,1,0,0,0,0
25,1.0,7.36,1,13.99,0,4,3.68,1.0,0.0,0.0,0,0,0,1,0,0,0,0,1,0,0,0,0,0,0,1,0,1,0,0,0,0,0
29,1.0,14.85,39,13.99,0,5,0.37,0.0,0.0,1.0,1,0,0,0,0,0,0,0,1,0,0,1,0,0,0,0,0,0,0,1,0,0,0
68,2.0,11.27,52,17.99,1,4,0.21,0.0,0.0,1.0,0,0,0,0,0,1,0,0,0,1,0,0,1,0,0,0,0,0,1,0,0,0,0
41,0.0,11.55,57,8.99,1,1,0.2,1.0,0.0,0.0,0,1,0,0,0,0,0,0,0,0,1,0,1,0,0,0,0,0,0,0,0,0,1
35,2.0,2.41,49,17.99,1,2,0.05,0.0,0.0,1.0,0,0,0,0,0,1,0,0,1,0,0,1,0,0,0,0,0,0,0,0,1,0,0
59,0.0,2.58,54,8.99,1,4,0.05,0.0,0.0,1.0,0,0,0,0,1,0,0,1,0,0,0,1,0,0,0,0,0,0,0,0,0,1,0
29,0.0,5.94,38,8.99,1,3,0.15,0.0,1.0,0.0,0,0,0,0,0,1,0,0,0,0,1,0,0,0,0,1,0,0,0,0,1,0,0
55,1.0,47.33,27,13.99,0,5,1.69,0.0,0.0,1.0,1,0,0,0,0,0,0,0,0,0,1,0,0,1,0,0,0,0,1,0,0,0,0
28,0.0,1.58,27,8.99,1,5,0.06,0.0,0.0,1.0,0,0,0,1,0,0,0,1,0,0,0,1,0,0,0,0,0,0,0,0,0,1,0
48,1.0,5.49,33,13.99,1,1,0.16,1.0,0.0,0.0,0,0,0,0,0,1,0,0,0,0,1,1,0,0,0,0,1,0,0,0,0,0,0
45,1.0,0.26,5,13.99,1,1,0.04,1.0,0.0,0.0,0,0,0,0,1,0,1,0,0,0,0,0,1,0,0,0,0,1,0,0,0,0,0
21,2.0,8.16,49,17.99,1,3,0.16,0.0,0.0,1.0,0,0,0,0,1,0,1,0,0,0,0,0,0,0,0,1,0,0,0,1,0,0,0
54,2.0,5.47,19,17.99,0,3,0.27,0.0,1.0,0.0,1,0,0,0,0,0,0,0,0,0,1,0,1,0,0,0,1,0,0,0,0,0,0
23,2.0,4.59,35,17.99,1,5,0.13,0.0,0.0,1.0,0,0,0,1,0,0,0,1,0,0,0,0,1,0,0,0,0,0,0,0,1,0,0
24,0.0,14.73,31,8.99,1,2,0.46,0.0,1.0,0.0,1,0,0,0,0,0,0,0,0,0,1,0,0,0,0,1,0,0,0,1,0,0,0
69,2.0,50.94,59,17.99,0,4,0.85,1.0,0.0,0.0,0,0,0,1,0,0,1,0,0,0,0,0,0,1,0,0,0,0,0,1,0,0,0
19,1.0,12.01,0,13.99,0,3,12.01,1.0,0.0,0.0,1,0,0,0,0,0,0,0,0,1,0,0,1,0,0,0,0,0,1,0,0,0,0
48,2.0,55.75,22,17.99,0,1,2.42,1.0,0.0,0.0,0,0,0,0,1,0,1,0,0,0,0,0,0,1,0,0,0,1,0,0,0,0,0
37,2.0,3.58,33,17.99,1,5,0.11,0.0,0.0,1.0,0,0,0,0,0,1,0,0,0,1,0,0,1,0,0,0,0,0,0,0,0,0,1
30,2.0,14.88,16,17.99,0,5,0.88,0.0,0.0,1.0,0,0,0,0,1,0,0,1,0,0,0,1,0,0,0,0,0,0,0,0,0,1,0
50,2.0,10.01,48,17.99,1,1,0.2,0.0,0.0,1.0,0,1,0,0,0,0,1,0,0,0,0,0,0,1,0,0,0,0,0,0,1,0,0
23,1.0,36.88,52,13.99,0,3,0.7,0.0,0.0,1.0,0,0,0,0,0,1,0,0,1,0,0,0,0,0,1,0,0,0,0,0,0,1,0
18,1.0,13.02,6,13.99,0,5,1.86,1.0,0.0,0.0,1,0,0,0,0,0,1,0,0,0,0,0,1,0,0,0,0,0,1,0,0,0,0
69,2.0,5.07,25,17.99,0,4,0.2,0.0,0.0,1.0,0,0,0,0,0,1,0,1,0,0,0,0,1,0,0,0,1,0,0,0,0,0,0
40,1.0,3.58,21,13.99,1,3,0.16,0.0,1.0,0.0,1,0,0,0,0,0,0,0,0,1,0,1,0,0,0,0,0,0,0,1,0,0,0
33,0.0,10.34,20,8.99,0,3,0.49,0.0,0.0,1.0,0,0,1,0,0,0,0,1,0,0,0,0,0,0,0,1,0,0,0,0,0,0,1
32,1.0,40.69,23,13.99,0,3,1.7,0.0,1.0,0.0,0,0,0,0,0,1,0,0,0,0,1,0,0,0,0,1,0,1,0,0,0,0,0
36,0.0,8.32,20,8.99,0,2,0.4,0.0,0.0,1.0,0,0,0,0,1,0,0,1,0,0,0,0,0,0,0,1,1,0,0,0,0,0,0
33,2.0,13.25,10,17.99,0,1,1.2,0.0,0.0,1.0,0,0,1,0,0,0,0,0,0,1,0,0,0,0,1,0,0,1,0,0,0,0,0
39,0.0,11.55,10,8.99,0,1,1.05,0.0,0.0,1.0,0,0,1,0,0,0,0,0,1,0,0,0,0,0,1,0,0,0,0,0,1,0,0
28,0.0,2.47,37,8.99,1,1,0.07,1.0,0.0,0.0,0,0,0,1,0,0,1,0,0,0,0,0,0,0,0,1,0,0,0,1,0,0,0
44,2.0,41.31,60,17.99,0,4,0.68,0.0,1.0,0.0,0,0,0,1,0,0,0,1,0,0,0,0,0,0,1,0,0,0,0,1,0,0,0
34,0.0,7.71,32,8.99,1,5,0.23,1.0,0.0,0.0,0,0,1,0,0,0,0,0,0,0,1,1,0,0,0,0,1,0,0,0,0,0,0
24,0.0,2.3,37,8.99,1,4,0.06,1.0,0.0,0.0,0,0,0,0,1,0,0,0,1,0,0,0,0,0,1,0,0,0,0,0,0,1,0
59,1.0,8.76,11,13.99,0,3,0.73,0.0,0.0,1.0,0,0,0,0,1,0,0,1,0,0,0,0,0,1,0,0,0,0,0,0,0,0,1
32,1.0,2.81,19,13.99,0,4,0.14,0.0,1.0,0.0,0,0,0,0,1,0,0,0,1,0,0,0,0,0,0,1,0,0,0,1,0,0,0
52,0.0,19.21,30,8.99,0,5,0.62,0.0,0.0,1.0,0,0,0,0,1,0,1,0,0,0,0,0,0,0,1,0,0,0,0,0,0,0,1
46,2.0,27.63,28,17.99,0,5,0.95,0.0,1.0,0.0,0,0,0,0,0,1,0,0,0,0,1,0,1,0,0,0,0,0,0,0,1,0,0
19,1.0,4.71,17,13.99,1,2,0.26,0.0,1.0,0.0,0,0,0,0,1,0,1,0,0,0,0,0,0,1,0,0,0,0,1,0,0,0,0
23,0.0,7.33,20,8.99,1,1,0.35,0.0,1.0,0.0,1,0,0,0,0,0,0,0,0,1,0,0,0,0,0,1,0,0,1,0,0,0,0
69,1.0,2.78,28,13.99,1,5,0.1,1.0,0.0,0.0,1,0,0,0,0,0,0,0,0,0,1,0,1,0,0,0,0,0,0,0,0,0,1
24,1.0,9.02,13,13.99,0,1,0.64,0.0,1.0,0.0,0,0,0,0,1,0,0,0,0,0,1,0,0,1,0,0,0,0,0,1,0,0,0
65,0.0,20.0,26,8.99,0,4,0.74,1.0,0.0,0.0,0,0,0,1,0,0,0,0,0,1,0,0,0,0,0,1,1,0,0,0,0,0,0
59,2.0,6.0,8,17.99,0,2,0.67,1.0,0.0,0.0,0,0,0,0,0,1,1,0,0,0,0,0,1,0,0,0,0,0,1,0,0,0,0
46,2.0,4.65,11,17.99,1,2,0.39,1.0,0.0,0.0,1,0,0,0,0,0,0,1,0,0,0,0,0,1,0,0,0,0,0,0,1,0,0
70,0.0,6.86,58,8.99,1,1,0.12,0.0,1.0,0.0,0,0,1,0,0,0,0,0,0,0,1,0,0,0,0,1,1,0,0,0,0,0,0
64,0.0,5.78,22,8.99,0,5,0.25,1.0,0.0,0.0,0,0,0,0,0,1,0,1,0,0,0,0,0,0,1,0,1,0,0,0,0,0,0
22,2.0,1.7,20,17.99,0,5,0.08,1.0,0.0,0.0,0,0,0,0,1,0,1,0,0,0,0,0,0,1,0,0,0,0,0,0,1,0,0
21,0.0,23.24,10,8.99,0,3,2.11,1.0,0.0,0.0,0,0,0,0,0,1,0,0,0,0,1,1,0,0,0,0,0,0,0,0,0,1,0
53,0.0,33.71,42,8.99,0,4,0.78,1.0,0.0,0.0,1,0,0,0,0,0,0,0,0,0,1,0,0,1,0,0,0,0,1,0,0,0,0
30,1.0,3.79,20,13.99,1,5,0.18,0.0,0.0,1.0,1,0,0,0,0,0,1,0,0,0,0,0,1,0,0,0,0,0,0,1,0,0,0
54,0.0,8.09,19,8.99,0,2,0.4,0.0,1.0,0.0,0,0,1,0,0,0,0,0,1,0,0,1,0,0,0,0,1,0,0,0,0,0,0
54,2.0,7.4,52,17.99,1,1,0.14,0.0,0.0,1.0,0,0,0,0,0,1,0,0,0,0,1,0,0,1,0,0,0,0,1,0,0,0,0
33,1.0,7.87,42,13.99,0,5,0.18,0.0,0.0,1.0,0,0,1,0,0,0,0,0,0,0,1,0,0,0,0,1,0,0,0,0,0,0,1
70,0.0,6.01,13,8.99,1,1,0.43,0.0,1.0,0.0,0,1,0,0,0,0,0,0,0,1,0,0,1,0,0,0,1,0,0,0,0,0,0
49,0.0,53.75,55,8.99,0,3,0.96,0.0,0.0,1.0,0,0,0,1,0,0,0,0,1,0,0,1,0,0,0,0,0,0,0,0,0,0,1
53,2.0,4.69,8,17.99,0,5,0.52,0.0,1.0,0.0,0,1,0,0,0,0,0,0,1,0,0,0,1,0,0,0,0,0,0,0,1,0,0
60,0.0,3.49,22,8.99,1,2,0.15,1.0,0.0,0.0,0,1,0,0,0,0,0,0,1,0,0,0,1,0,0,0,0,0,0,0,1,0,0
37,2.0,7.16,12,17.99,0,2,0.55,0.0,1.0,0.0,0,0,0,0,1,0,0,0,0,1,0,1,0,0,0,0,0,0,0,0,0,0,1
55,2.0,18.87,58,17.99,1,2,0.32,0.0,0.0,1.0,0,1,0,0,0,0,0,1,0,0,0,0,0,0,1,0,0,1,0,0,0,0,0
65,0.0,1.68,3,8.99,1,1,0.42,0.0,0.0,1.0,0,1,0,0,0,0,0,0,0,1,0,0,0,0,0,1,0,0,0,0,0,0,1
18,1.0,0.64,18,13.99,1,2,0.03,0.0,1.0,0.0,0,1,0,0,0,0,0,0,0,1,0,0,1,0,0,0,0,0,0,0,1,0,0
38,1.0,17.05,34,13.99,1,3,0.49,0.0,0.0,1.0,0,1,0,0,0,0,0,0,0,1,0,1,0,0,0,0,0,0,0,0,0,1,0
69,0.0,14.35,50,8.99,1,5,0.28,0.0,1.0,0.0,0,0,0,1,0,0,0,0,1,0,0,1,0,0,0,0,0,0,0,1,0,0,0
59,1.0,1.65,53,13.99,1,1,0.03,0.0,1.0,0.0,1,0,0,0,0,0,1,0,0,0,0,0,0,1,0,0,1,0,0,0,0,0,0
20,1.0,13.57,45,13.99,1,1,0.29,0.0,1.0,0.0,0,0,0,0,1,0,0,0,1,0,0,0,0,0,0,1,0,0,0,0,0,0,1
30,0.0,10.64,2,8.99,0,2,3.55,1.0,0.0,0.0,0,0,1,0,0,0,0,0,0,0,1,1,0,0,0,0,0,0,0,0,0,1,0
49,0.0,1.73,28,8.99,1,4,0.06,1.0,0.0,0.0,0,0,0,1,0,0,0,0,1,0,0,1,0,0,0,0,0,0,0,1,0,0,0
70,0.0,1.33,54,8.99,1,5,0.02,0.0,0.0,1.0,0,0,0,0,1,0,0,0,0,1,0,0,1,0,0,0,0,0,0,0,0,1,0
25,1.0,16.76,53,13.99,0,4,0.31,0.0,0.0,1.0,1,0,0,0,0,0,1,0,0,0,0,1,0,0,0,0,0,0,0,0,0,1,0
28,0.0,14.14,16,8.99,0,3,0.83,0.0,0.0,1.0,0,0,0,0,0,1,0,0,1,0,0,0,0,0,1,0,0,0,0,1,0,0,0
59,1.0,0.98,19,13.99,1,4,0.05,0.0,1.0,0.0,0,0,1,0,0,0,0,0,1,0,0,0,0,0,1,0,0,0,0,0,1,0,0
61,1.0,0.94,19,13.99,0,4,0.05,0.0,0.0,1.0,0,0,0,0,0,1,0,0,0,1,0,0,0,1,0,0,0,0,0,0,0,1,0
39,2.0,11.83,55,17.99,1,3,0.21,1.0,0.0,0.0,0,0,0,0,0,1,0,1,0,0,0,0,0,0,1,0,1,0,0,0,0,0,0
37,0.0,55.15,59,8.99,0,4,0.92,0.0,0.0,1.0,0,0,0,1,0,0,0,0,1,0,0,0,0,0,1,0,0,0,0,0,1,0,0
18,2.0,46.06,57,17.99,0,4,0.79,0.0,0.0,1.0,0,1,0,0,0,0,0,0,0,0,1,0,1,0,0,0,0,1,0,0,0,0,0
65,1.0,70.99,36,13.99,0,2,1.92,1.0,0.0,0.0,0,0,0,0,1,0,0,0,1,0,0,0,1,0,0,0,0,0,0,0,1,0,0
65,1.0,20.56,10,13.99,0,5,1.87,0.0,0.0,1.0,0,0,1,0,0,0,0,1,0,0,0,0,0,1,0,0,0,0,0,0,0,0,1
46,2.0,4.14,42,17.99,1,5,0.1,0.0,0.0,1.0,0,0,0,0,0,1,1,0,0,0,0,1,0,0,0,0,0,0,0,1,0,0,0
32,1.0,14.48,55,13.99,0,5,0.26,0.0,0.0,1.0,0,0,1,0,0,0,0,0,0,0,1,0,0,1,0,0,1,0,0,0,0,0,0
64,0.0,28.66,28,8.99,0,4,0.99,1.0,0.0,0.0,0,0,0,0,1,0,1,0,0,0,0,0,0,0,1,0,0,0,0,0,0,1,0
46,1.0,8.79,54,13.99,1,1,0.16,0.0,1.0,0.0,0,0,0,0,0,1,0,0,1,0,0,0,0,0,0,1,0,0,0,0,0,1,0
41,0.0,48.84,47,8.99,0,4,1.02,0.0,0.0,1.0,0,1,0,0,0,0,0,0,0,0,1,0,0,0,0,1,0,0,0,0,0,1,0
43,2.0,6.6,11,17.99,0,4,0.55,0.0,1.0,0.0,0,0,0,0,0,1,1,0,0,0,0,0,0,0,1,0,0,0,0,1,0,0,0
28,1.0,0.34,38,13.99,1,4,0.01,1.0,0.0,0.0,0,0,0,1,0,0,0,0,0,0,1,0,0,0,1,0,0,0,0,0,1,0,0
59,2.0,6.25,1,17.99,0,1,3.12,0.0,0.0,1.0,0,0,0,0,0,1,0,1,0,0,0,0,0,1,0,0,0,0,0,0,0,1,0
69,1.0,6.08,47,13.99,1,3,0.13,1.0,0.0,0.0,1,0,0,0,0,0,0,0,0,0,1,0,0,0,0,1,0,0,0,0,1,0,0
30,0.0,6.93,50,8.99,1,2,0.14,1.0,0.0,0.0,0,1,0,0,0,0,0,0,0,0,1,0,0,0,1,0,0,1,0,0,0,0,0
36,0.0,17.32,34,8.99,1,2,0.49,1.0,0.0,0.0,0,0,0,0,1,0,0,0,0,1,0,0,0,0,0,1,0,1,0,0,0,0,0
64,1.0,8.11,6,13.99,0,3,1.16,1.0,0.0,0.0,0,0,0,1,0,0,0,0,0,0,1,0,0,0,1,0,1,0,0,0,0,0,0
31,1.0,12.62,28,13.99,0,5,0.44,0.0,0.0,1.0,0,1,0,0,0,0,0,0,1,0,0,0,0,0,0,1,0,0,0,0,1,0,0
19,1.0,3.45,18,13.99,1,3,0.18,0.0,1.0,0.0,1,0,0,0,0,0,0,0,0,0,1,1,0,0,0,0,0,0,0,0,0,1,0
63,1.0,27.07,18,13.99,0,3,1.42,0.0,1.0,0.0,0,0,0,0,0,1,1,0,0,0,0,0,0,1,0,0,0,0,0,0,0,0,1
27,0.0,71.38,32,8.99,0,5,2.16,0.0,0.0,1.0,0,0,0,0,0,1,0,0,1,0,0,0,0,0,0,1,0,1,0,0,0,0,0
57,1.0,3.64,36,13.99,1,5,0.1,0.0,1.0,0.0,0,0,0,0,0,1,0,1,0,0,0,0,1,0,0,0,0,1,0,0,0,0,0
20,1.0,0.75,53,13.99,1,3,0.01,0.0,0.0,1.0,0,1,0,0,0,0,0,0,0,0,1,0,0,0,0,1,1,0,0,0,0,0,0
53,1.0,7.31,17,13.99,0,4,0.41,0.0,1.0,0.0,0,0,0,0,1,0,0,1,0,0,0,0,0,1,0,0,1,0,0,0,0,0,0
49,2.0,7.69,4,17.99,0,4,1.54,0.0,0.0,1.0,0,1,0,0,0,0,0,0,0,0,1,0,0,0,1,0,0,0,0,0,0,0,1
69,2.0,11.3,33,17.99,0,4,0.33,0.0,0.0,1.0,0,1,0,0,0,0,1,0,0,0,0,0,0,1,0,0,1,0,0,0,0,0,0
58,2.0,7.58,40,17.99,1,5,0.18,1.0,0.0,0.0,0,0,0,1,0,0,0,0,0,1,0,0,0,0,1,0,0,0,0,0,0,1,0
44,0.0,12.76,41,8.99,1,3,0.3,0.0,1.0,0.0,0,0,0,0,1,0,0,0,0,0,1,1,0,0,0,0,0,0,0,1,0,0,0
20,0.0,8.0,58,8.99,1,4,0.14,0.0,1.0,0.0,0,0,0,0,1,0,0,0,0,0,1,0,0,0,1,0,0,0,1,0,0,0,0
67,1.0,16.06,18,13.99,0,5,0.85,1.0,0.0,0.0,0,0,1,0,0,0,0,1,0,0,0,0,0,0,0,1,0,0,0,0,1,0,0
69,1.0,42.72,52,13.99,0,3,0.81,0.0,1.0,0.0,0,0,0,0,0,1,0,0,0,0,1,0,1,0,0,0,0,0,0,1,0,0,0
57,1.0,2.09,13,13.99,1,3,0.15,0.0,1.0,0.0,0,1,0,0,0,0,0,0,0,1,0,0,1,0,0,0,0,0,0,0,0,1,0
62,1.0,7.31,26,13.99,0,2,0.27,0.0,1.0,0.0,0,0,0,0,1,0,1,0,0,0,0,1,0,0,0,0,0,0,0,0,0,0,1
34,1.0,10.25,41,13.99,1,3,0.24,0.0,1.0,0.0,0,0,0,0,1,0,1,0,0,0,0,0,1,0,0,0,0,0,1,0,0,0,0
23,1.0,3.1,12,13.99,1,5,0.24,0.0,0.0,1.0,0,0,1,0,0,0,0,1,0,0,0,0,1,0,0,0,0,1,0,0,0,0,0
58,0.0,10.9,22,8.99,0,3,0.47,0.0,0.0,1.0,0,0,1,0,0,0,0,0,0,1,0,1,0,0,0,0,1,0,0,0,0,0,0
19,0.0,49.17,11,8.99,0,4,4.1,1.0,0.0,0.0,0,0,1,0,0,0,1,0,0,0,0,1,0,0,0,0,0,0,0,1,0,0,0
67,0.0,9.24,2,8.99,0,3,3.08,1.0,0.0,0.0,0,0,0,1,0,0,1,0,0,0,0,0,0,0,0,1,0,0,1,0,0,0,0
66,1.0,16.55,49,13.99,1,2,0.33,0.0,1.0,0.0,0,0,0,0,0,1,1,0,0,0,0,0,0,1,0,0,1,0,0,0,0,0,0
59,0.0,9.12,3,8.99,0,4,2.28,1.0,0.0,0.0,0,0,1,0,0,0,0,1,0,0,0,1,0,0,0,0,0,0,0,0,0,0,1
57,0.0,1.62,17,8.99,1,2,0.09,0.0,1.0,0.0,1,0,0,0,0,0,0,0,1,0,0,0,1,0,0,0,1,0,0,0,0,0,0
